ID_Cliente,Nombre_Cliente,Segmento,Pais,Region,Estado,Ciudad,ID_Pedido,Fecha_Pedido,ID_Producto,Nombre_Producto,Categoria,Subcategoria,Cantidad,Descuento,Ventas,Ganancia,Margen_Ganancia
C0174,Nicolás Martínez,Corporativo,Chile,Sur,Los Lagos,Puerto Montt,ORD-2023-00001,2025-03-31,P0082,Papelería Eco 2,Oficina,Papelería,1,0.0,590.86,322.42,54.567917950106626
C0174,Nicolás Martínez,Corporativo,Chile,Sur,Los Lagos,Puerto Montt,ORD-2023-00001,2025-03-31,P0119,Sobres Plus 9,Oficina,Sobres,7,0.0,4341.68,1907.85,43.94266735457242
C0174,Nicolás Martínez,Corporativo,Chile,Sur,Los Lagos,Puerto Montt,ORD-2023-00001,2025-03-31,P0048,Sillas Plus 8,Muebles,Sillas,2,0.0,1250.86,281.32,22.490126792766578
C0174,Nicolás Martínez,Corporativo,Chile,Sur,Los Lagos,Puerto Montt,ORD-2023-00001,2025-03-31,P0079,Almacenamiento Nova 9,Muebles,Almacenamiento,5,0.0,244.35,64.85,26.53979946797626
C0254,Isidora Rojas,Consumidor,Chile,Sur,Biobío,Concepción,ORD-2023-00002,2024-03-25,P0087,Papelería Flex 7,Oficina,Papelería,1,0.15,629.31,115.33,18.32642100077863
C0254,Isidora Rojas,Consumidor,Chile,Sur,Biobío,Concepción,ORD-2023-00002,2024-03-25,P0021,Computadores Plus 1,Tecnología,Computadores,2,0.1,1429.92,529.33,37.01815486181045
C0203,Ignacio Araya,Corporativo,Chile,Centro,Valparaíso,Valparaíso,ORD-2023-00003,2024-02-20,P0093,Archivadores Flex 3,Oficina,Archivadores,6,0.15,3186.84,1333.8,41.85337199231841
C0203,Ignacio Araya,Corporativo,Chile,Centro,Valparaíso,Valparaíso,ORD-2023-00003,2024-02-20,P0029,Computadores Eco 9,Tecnología,Computadores,4,0.3,787.14,-68.77,-8.736692329191758
C0203,Ignacio Araya,Corporativo,Chile,Centro,Valparaíso,Valparaíso,ORD-2023-00003,2024-02-20,P0034,Periféricos Flex 4,Tecnología,Periféricos,3,0.2,1007.23,179.29,17.80030380350069
C0258,Fernanda Silva,Corporativo,Chile,Centro,Maule,Talca,ORD-2023-00004,2023-10-29,P0089,Papelería Plus 9,Oficina,Papelería,8,0.2,2247.17,378.49,16.842962481699203
C0258,Fernanda Silva,Corporativo,Chile,Centro,Maule,Talca,ORD-2023-00004,2023-10-29,P0097,Archivadores Smart 7,Oficina,Archivadores,6,0.3,1121.57,-167.29,-14.915698529739563
C0258,Fernanda Silva,Corporativo,Chile,Centro,Maule,Talca,ORD-2023-00004,2023-10-29,P0062,Libreros Plus 2,Muebles,Libreros,2,0.1,838.22,383.39,45.738588914604755
C0118,Nicolás Díaz,Consumidor,Chile,Austral,Magallanes,Punta Arenas,ORD-2023-00005,2025-03-30,P0032,Periféricos Eco 2,Tecnología,Periféricos,5,0.0,3617.95,1085.7,30.00870658798491
C0118,Nicolás Díaz,Consumidor,Chile,Austral,Magallanes,Punta Arenas,ORD-2023-00005,2025-03-30,P0010,Accesorios Nova 10,Tecnología,Accesorios,3,0.3,1423.97,-21.81,-1.5316333911529034
C0118,Nicolás Díaz,Consumidor,Chile,Austral,Magallanes,Punta Arenas,ORD-2023-00005,2025-03-30,P0115,Sobres Pro 5,Oficina,Sobres,5,0.0,659.35,228.2,34.60984302722378
C0256,Daniela Araya,Corporativo,Chile,Austral,Aysén,Coyhaique,ORD-2023-00006,2025-01-24,P0107,Etiquetas Pro 7,Oficina,Etiquetas,4,0.15,263.33,99.88,37.92959404549425
C0256,Daniela Araya,Corporativo,Chile,Austral,Aysén,Coyhaique,ORD-2023-00006,2025-01-24,P0016,Teléfonos Pro 6,Tecnología,Teléfonos,2,0.3,1091.02,304.33,27.894080768455204
C0247,Fernanda Martínez,Consumidor,Chile,Austral,Aysén,Coyhaique,ORD-2023-00007,2024-01-16,P0097,Archivadores Smart 7,Oficina,Archivadores,3,0.0,801.12,174.15,21.73831635710006
C0247,Fernanda Martínez,Consumidor,Chile,Austral,Aysén,Coyhaique,ORD-2023-00007,2024-01-16,P0062,Libreros Plus 2,Muebles,Libreros,1,0.15,395.83,163.33,41.262663264532755
C0235,María Hernández,Consumidor,Chile,Austral,Aysén,Coyhaique,ORD-2023-00008,2023-05-04,P0049,Sillas Smart 9,Muebles,Sillas,2,0.15,491.5,72.41,14.732451678535096
C0235,María Hernández,Consumidor,Chile,Austral,Aysén,Coyhaique,ORD-2023-00008,2023-05-04,P0024,Computadores Nova 4,Tecnología,Computadores,5,0.05,3834.91,1839.18,47.95888299855799
C0188,Nicolás Sepúlveda,Consumidor,Chile,Centro,O'Higgins,Rancagua,ORD-2023-00009,2023-07-08,P0036,Periféricos Nova 6,Tecnología,Periféricos,8,0.0,7017.6,3651.12,52.02804377564979
C0188,Nicolás Sepúlveda,Consumidor,Chile,Centro,O'Higgins,Rancagua,ORD-2023-00009,2023-07-08,P0105,Etiquetas Pro 5,Oficina,Etiquetas,2,0.1,467.06,214.53,45.9320001712842
C0188,Nicolás Sepúlveda,Consumidor,Chile,Centro,O'Higgins,Rancagua,ORD-2023-00009,2023-07-08,P0110,Etiquetas Nova 10,Oficina,Etiquetas,7,0.05,401.13,159.54,39.772642285543334
C0188,Nicolás Sepúlveda,Consumidor,Chile,Centro,O'Higgins,Rancagua,ORD-2023-00009,2023-07-08,P0061,Libreros Plus 1,Muebles,Libreros,1,0.0,875.36,411.61,47.02179674648145
C0265,Fernanda Castillo,Consumidor,Chile,Sur,Biobío,Concepción,ORD-2023-00010,2024-06-30,P0089,Papelería Plus 9,Oficina,Papelería,3,0.0,1053.36,357.93,33.979835953520166
C0244,Nicolás Hernández,Consumidor,Chile,Norte,Coquimbo,La Serena,ORD-2023-00011,2024-10-06,P0045,Sillas Eco 5,Muebles,Sillas,1,0.2,427.92,52.49,12.266311460085998
C0244,Nicolás Hernández,Consumidor,Chile,Norte,Coquimbo,La Serena,ORD-2023-00011,2024-10-06,P0074,Almacenamiento Smart 4,Muebles,Almacenamiento,3,0.1,1113.78,338.7,30.409955287399665
C0244,Nicolás Hernández,Consumidor,Chile,Norte,Coquimbo,La Serena,ORD-2023-00011,2024-10-06,P0100,Archivadores Smart 10,Oficina,Archivadores,8,0.0,420.96,114.48,27.194982896237175
C0238,Sebastián López,Home Office,Chile,Norte,Coquimbo,La Serena,ORD-2023-00012,2024-10-08,P0109,Etiquetas Smart 9,Oficina,Etiquetas,2,0.0,1527.58,408.94,26.770447374278273
C0238,Sebastián López,Home Office,Chile,Norte,Coquimbo,La Serena,ORD-2023-00012,2024-10-08,P0041,Sillas Eco 1,Muebles,Sillas,6,0.1,834.41,223.18,26.747042820675688
C0238,Sebastián López,Home Office,Chile,Norte,Coquimbo,La Serena,ORD-2023-00012,2024-10-08,P0035,Periféricos Nova 5,Tecnología,Periféricos,8,0.15,5200.03,798.96,15.364526743114945
C0238,Sebastián López,Home Office,Chile,Norte,Coquimbo,La Serena,ORD-2023-00012,2024-10-08,P0053,Mesas Eco 3,Muebles,Mesas,3,0.0,1112.13,396.0,35.607348061827295
C0121,Sebastián Muñoz,Consumidor,Chile,Austral,Aysén,Coyhaique,ORD-2023-00013,2024-11-08,P0051,Mesas Smart 1,Muebles,Mesas,2,0.0,189.76,72.52,38.21669477234401
C0121,Sebastián Muñoz,Consumidor,Chile,Austral,Aysén,Coyhaique,ORD-2023-00013,2024-11-08,P0071,Almacenamiento Flex 1,Muebles,Almacenamiento,1,0.0,888.52,211.03,23.750731553594743
C0054,Catalina Araya,Corporativo,Chile,Sur,La Araucanía,Temuco,ORD-2023-00014,2023-09-26,P0057,Mesas Smart 7,Muebles,Mesas,3,0.0,1547.43,571.17,36.9108780364863
C0054,Catalina Araya,Corporativo,Chile,Sur,La Araucanía,Temuco,ORD-2023-00014,2023-09-26,P0004,Accesorios Eco 4,Tecnología,Accesorios,1,0.15,23.9,3.48,14.560669456066947
C0054,Catalina Araya,Corporativo,Chile,Sur,La Araucanía,Temuco,ORD-2023-00014,2023-09-26,P0111,Sobres Flex 1,Oficina,Sobres,8,0.3,2883.22,251.97,8.739187436269171
C0281,Benjamín González,Home Office,Chile,Centro,Maule,Talca,ORD-2023-00015,2024-03-31,P0081,Papelería Smart 1,Oficina,Papelería,7,0.1,5168.9,1520.29,29.41225405792335
C0281,Benjamín González,Home Office,Chile,Centro,Maule,Talca,ORD-2023-00015,2024-03-31,P0070,Libreros Eco 10,Muebles,Libreros,4,0.0,3066.76,1181.68,38.53187076915051
C0281,Benjamín González,Home Office,Chile,Centro,Maule,Talca,ORD-2023-00015,2024-03-31,P0053,Mesas Eco 3,Muebles,Mesas,5,0.0,1853.55,660.0,35.6073480618273
C0281,Benjamín González,Home Office,Chile,Centro,Maule,Talca,ORD-2023-00015,2024-03-31,P0067,Libreros Pro 7,Muebles,Libreros,3,0.15,440.56,120.1,27.260759033956784
C0252,Martina Soto,Corporativo,Chile,Centro,Maule,Talca,ORD-2023-00016,2025-02-12,P0071,Almacenamiento Flex 1,Muebles,Almacenamiento,6,0.05,5064.56,1009.03,19.92334970856303
C0203,Ignacio Araya,Corporativo,Chile,Centro,Valparaíso,Valparaíso,ORD-2023-00017,2023-09-13,P0011,Teléfonos Plus 1,Tecnología,Teléfonos,7,0.05,3669.0,1136.31,30.97056418642682
C0203,Ignacio Araya,Corporativo,Chile,Centro,Valparaíso,Valparaíso,ORD-2023-00017,2023-09-13,P0037,Periféricos Nova 7,Tecnología,Periféricos,5,0.2,1155.92,404.23,34.97041317738251
C0203,Ignacio Araya,Corporativo,Chile,Centro,Valparaíso,Valparaíso,ORD-2023-00017,2023-09-13,P0024,Computadores Nova 4,Tecnología,Computadores,3,0.1,2179.85,1008.98,46.28667110122257
C0232,Catalina López,Corporativo,Chile,Austral,Aysén,Coyhaique,ORD-2023-00018,2023-10-06,P0069,Libreros Smart 9,Muebles,Libreros,1,0.0,667.86,197.81,29.618482915581108
C0138,Gabriel Muñoz,Corporativo,Chile,Austral,Magallanes,Punta Arenas,ORD-2023-00019,2023-05-09,P0028,Computadores Pro 8,Tecnología,Computadores,6,0.2,2218.22,815.1,36.74567896782105
C0138,Gabriel Muñoz,Corporativo,Chile,Austral,Magallanes,Punta Arenas,ORD-2023-00019,2023-05-09,P0048,Sillas Plus 8,Muebles,Sillas,8,0.0,5003.44,1125.28,22.490126792766578
C0138,Gabriel Muñoz,Corporativo,Chile,Austral,Magallanes,Punta Arenas,ORD-2023-00019,2023-05-09,P0008,Accesorios Plus 8,Tecnología,Accesorios,5,0.2,1586.4,278.45,17.552319717599595
C0138,Gabriel Muñoz,Corporativo,Chile,Austral,Magallanes,Punta Arenas,ORD-2023-00019,2023-05-09,P0024,Computadores Nova 4,Tecnología,Computadores,4,0.1,2906.46,1254.0,43.14526950310687
C0063,Antonia Castillo,Corporativo,Chile,Sur,Los Lagos,Puerto Montt,ORD-2023-00020,2025-02-25,P0095,Archivadores Plus 5,Oficina,Archivadores,2,0.05,1001.77,433.71,43.29436896692854
C0063,Antonia Castillo,Corporativo,Chile,Sur,Los Lagos,Puerto Montt,ORD-2023-00020,2025-02-25,P0120,Sobres Plus 10,Oficina,Sobres,6,0.0,4237.62,1615.14,38.11431888654481
C0063,Antonia Castillo,Corporativo,Chile,Sur,Los Lagos,Puerto Montt,ORD-2023-00020,2025-02-25,P0096,Archivadores Pro 6,Oficina,Archivadores,2,0.1,1271.68,479.7,37.72175390035229
C0063,Antonia Castillo,Corporativo,Chile,Sur,Los Lagos,Puerto Montt,ORD-2023-00020,2025-02-25,P0026,Computadores Plus 6,Tecnología,Computadores,6,0.0,2864.04,595.14,20.779737713160433
C0058,Nicolás Morales,Home Office,Chile,Norte,Coquimbo,La Serena,ORD-2023-00021,2023-08-30,P0051,Mesas Smart 1,Muebles,Mesas,4,0.0,379.52,145.04,38.21669477234401
C0080,Daniela Morales,Corporativo,Chile,Austral,Aysén,Coyhaique,ORD-2023-00022,2024-01-16,P0008,Accesorios Plus 8,Tecnología,Accesorios,6,0.0,2379.6,728.46,30.612708018154315
C0065,Benjamín Rojas,Corporativo,Chile,Sur,Los Ríos,Valdivia,ORD-2023-00023,2024-05-14,P0003,Accesorios Plus 3,Tecnología,Accesorios,7,0.15,5166.15,288.62,5.586752223609459
C0065,Benjamín Rojas,Corporativo,Chile,Sur,Los Ríos,Valdivia,ORD-2023-00023,2024-05-14,P0116,Sobres Flex 6,Oficina,Sobres,1,0.3,541.93,37.69,6.954772756629085
C0278,Fernanda Castillo,Corporativo,Chile,Sur,Los Lagos,Puerto Montt,ORD-2023-00024,2024-12-14,P0036,Periféricos Nova 6,Tecnología,Periféricos,3,0.0,2631.6,1369.17,52.0280437756498
C0278,Fernanda Castillo,Corporativo,Chile,Sur,Los Lagos,Puerto Montt,ORD-2023-00024,2024-12-14,P0038,Periféricos Nova 8,Tecnología,Periféricos,5,0.15,1737.91,491.89,28.303537007094725
C0278,Fernanda Castillo,Corporativo,Chile,Sur,Los Lagos,Puerto Montt,ORD-2023-00024,2024-12-14,P0094,Archivadores Pro 4,Oficina,Archivadores,3,0.0,540.12,160.02,29.62674961119751
C0278,Fernanda Castillo,Corporativo,Chile,Sur,Los Lagos,Puerto Montt,ORD-2023-00024,2024-12-14,P0100,Archivadores Smart 10,Oficina,Archivadores,4,0.15,178.91,22.88,12.788552903694594
C0098,Jorge Díaz,Home Office,Chile,Centro,Maule,Talca,ORD-2023-00025,2024-06-20,P0083,Papelería Pro 3,Oficina,Papelería,6,0.0,317.34,103.08,32.48251087162035
C0098,Jorge Díaz,Home Office,Chile,Centro,Maule,Talca,ORD-2023-00025,2024-06-20,P0006,Accesorios Nova 6,Tecnología,Accesorios,3,0.0,2607.84,1041.42,39.9341984170808
C0098,Jorge Díaz,Home Office,Chile,Centro,Maule,Talca,ORD-2023-00025,2024-06-20,P0014,Teléfonos Pro 4,Tecnología,Teléfonos,8,0.05,593.33,310.58,52.34523789459491
C0098,Jorge Díaz,Home Office,Chile,Centro,Maule,Talca,ORD-2023-00025,2024-06-20,P0085,Papelería Smart 5,Oficina,Papelería,8,0.1,5356.87,1136.31,21.212200408074118
C0037,Carlos Espinoza,Consumidor,Chile,Austral,Aysén,Coyhaique,ORD-2023-00026,2023-01-14,P0047,Sillas Plus 7,Muebles,Sillas,7,0.15,4152.09,420.46,10.126466430159269
C0137,Javiera Díaz,Corporativo,Chile,Sur,Los Ríos,Valdivia,ORD-2023-00027,2024-06-25,P0013,Teléfonos Nova 3,Tecnología,Teléfonos,4,0.2,914.75,248.12,27.1243509155507
C0292,Carlos Castillo,Home Office,Chile,Centro,Maule,Talca,ORD-2023-00028,2024-10-02,P0087,Papelería Flex 7,Oficina,Papelería,8,0.2,4738.37,352.41,7.437367702395551
C0292,Carlos Castillo,Home Office,Chile,Centro,Maule,Talca,ORD-2023-00028,2024-10-02,P0102,Etiquetas Pro 2,Oficina,Etiquetas,3,0.2,1028.86,209.52,20.364286686235253
C0292,Carlos Castillo,Home Office,Chile,Centro,Maule,Talca,ORD-2023-00028,2024-10-02,P0069,Libreros Smart 9,Muebles,Libreros,8,0.15,4541.45,652.02,14.357088595052241
C0191,Martina Silva,Home Office,Chile,Centro,Metropolitana,Santiago,ORD-2023-00029,2024-02-27,P0073,Almacenamiento Eco 3,Muebles,Almacenamiento,4,0.2,559.23,64.21,11.481858984675355
C0191,Martina Silva,Home Office,Chile,Centro,Metropolitana,Santiago,ORD-2023-00029,2024-02-27,P0047,Sillas Plus 7,Muebles,Sillas,8,0.3,3907.85,-566.36,-14.492879716468135
C0018,Vicente Rodríguez,Corporativo,Chile,Centro,Valparaíso,Valparaíso,ORD-2023-00030,2023-10-19,P0029,Computadores Eco 9,Tecnología,Computadores,4,0.15,955.81,190.16,19.895167449597725
C0018,Vicente Rodríguez,Corporativo,Chile,Centro,Valparaíso,Valparaíso,ORD-2023-00030,2023-10-19,P0118,Sobres Nova 8,Oficina,Sobres,3,0.0,696.15,196.29,28.19650937297996
C0018,Vicente Rodríguez,Corporativo,Chile,Centro,Valparaíso,Valparaíso,ORD-2023-00030,2023-10-19,P0020,Teléfonos Flex 10,Tecnología,Teléfonos,3,0.1,1334.85,607.53,45.51297898640297
C0120,Fernanda Díaz,Corporativo,Chile,Centro,Valparaíso,Valparaíso,ORD-2023-00031,2023-09-20,P0093,Archivadores Flex 3,Oficina,Archivadores,6,0.3,2624.45,1022.8,38.97197508049305
C0154,Ana Castillo,Home Office,Chile,Sur,Los Ríos,Valdivia,ORD-2023-00032,2023-02-08,P0045,Sillas Eco 5,Muebles,Sillas,7,0.2,2995.44,125.08,4.17568036749192
C0154,Ana Castillo,Home Office,Chile,Sur,Los Ríos,Valdivia,ORD-2023-00032,2023-02-08,P0112,Sobres Pro 2,Oficina,Sobres,4,0.0,1814.6,909.76,50.13556706712223
C0154,Ana Castillo,Home Office,Chile,Sur,Los Ríos,Valdivia,ORD-2023-00032,2023-02-08,P0007,Accesorios Nova 7,Tecnología,Accesorios,5,0.0,1565.45,847.55,54.140981826311915
C0168,Gabriel Araya,Corporativo,Chile,Centro,O'Higgins,Rancagua,ORD-2023-00033,2024-05-29,P0029,Computadores Eco 9,Tecnología,Computadores,7,0.1,1771.06,352.15,19.883572549772452
C0068,Gabriel Hernández,Home Office,Chile,Centro,Valparaíso,Valparaíso,ORD-2023-00034,2023-12-11,P0052,Mesas Nova 2,Muebles,Mesas,7,0.0,3459.05,815.15,23.56571891126176
C0287,Felipe Contreras,Consumidor,Chile,Norte,Coquimbo,La Serena,ORD-2023-00035,2023-07-22,P0035,Periféricos Nova 5,Tecnología,Periféricos,7,0.15,4550.02,719.37,15.810260174680549
C0058,Nicolás Morales,Home Office,Chile,Norte,Coquimbo,La Serena,ORD-2023-00036,2024-11-18,P0099,Archivadores Eco 9,Oficina,Archivadores,5,0.0,52.85,27.85,52.69631031220435
C0075,Ana Rodríguez,Corporativo,Chile,Norte,Coquimbo,La Serena,ORD-2023-00037,2024-03-27,P0015,Teléfonos Plus 5,Tecnología,Teléfonos,1,0.05,663.57,141.7,21.354190213541898
C0148,Josefa Rodríguez,Home Office,Chile,Norte,Antofagasta,Antofagasta,ORD-2023-00038,2023-01-15,P0043,Sillas Smart 3,Muebles,Sillas,4,0.05,2677.48,1071.66,40.02494883248428
C0281,Benjamín González,Home Office,Chile,Centro,Maule,Talca,ORD-2023-00039,2024-05-09,P0033,Periféricos Nova 3,Tecnología,Periféricos,3,0.0,2650.05,572.61,21.607516839304918
C0028,Benjamín Muñoz,Home Office,Chile,Austral,Magallanes,Punta Arenas,ORD-2023-00040,2024-04-21,P0111,Sobres Flex 1,Oficina,Sobres,2,0.0,1029.72,430.6,41.81719302334616
C0028,Benjamín Muñoz,Home Office,Chile,Austral,Magallanes,Punta Arenas,ORD-2023-00040,2024-04-21,P0030,Computadores Flex 10,Tecnología,Computadores,7,0.0,4866.4,2626.54,53.97295742232452
C0028,Benjamín Muñoz,Home Office,Chile,Austral,Magallanes,Punta Arenas,ORD-2023-00040,2024-04-21,P0077,Almacenamiento Nova 7,Muebles,Almacenamiento,2,0.0,218.98,111.7,51.00922458672025
C0288,Martina Contreras,Home Office,Chile,Centro,Metropolitana,Santiago,ORD-2023-00041,2024-12-30,P0003,Accesorios Plus 3,Tecnología,Accesorios,6,0.15,4428.13,362.73,8.191493926330077
C0288,Martina Contreras,Home Office,Chile,Centro,Metropolitana,Santiago,ORD-2023-00041,2024-12-30,P0031,Periféricos Smart 1,Tecnología,Periféricos,5,0.0,1162.9,597.7,51.39736864734715
C0016,Diego Araya,Home Office,Chile,Sur,Biobío,Concepción,ORD-2023-00042,2024-07-22,P0067,Libreros Pro 7,Muebles,Libreros,4,0.2,552.86,131.1,23.713055746481928
C0016,Diego Araya,Home Office,Chile,Sur,Biobío,Concepción,ORD-2023-00042,2024-07-22,P0055,Mesas Plus 5,Muebles,Mesas,5,0.15,2461.22,774.3,31.46000763848823
C0016,Diego Araya,Home Office,Chile,Sur,Biobío,Concepción,ORD-2023-00042,2024-07-22,P0027,Computadores Flex 7,Tecnología,Computadores,3,0.05,113.09,56.12,49.62419312052347
C0016,Diego Araya,Home Office,Chile,Sur,Biobío,Concepción,ORD-2023-00042,2024-07-22,P0089,Papelería Plus 9,Oficina,Papelería,3,0.2,842.69,105.49,12.51824514352846
C0290,Diego Muñoz,Corporativo,Chile,Sur,Los Lagos,Puerto Montt,ORD-2023-00043,2023-06-11,P0098,Archivadores Nova 8,Oficina,Archivadores,6,0.2,1122.77,83.81,7.464574222681404
C0227,Diego Díaz,Consumidor,Chile,Sur,Los Ríos,Valdivia,ORD-2023-00044,2025-02-02,P0014,Teléfonos Pro 4,Tecnología,Teléfonos,3,0.0,234.21,126.3,53.92596387857051
C0227,Diego Díaz,Consumidor,Chile,Sur,Los Ríos,Valdivia,ORD-2023-00044,2025-02-02,P0078,Almacenamiento Eco 8,Muebles,Almacenamiento,4,0.05,1140.84,605.74,53.095964377125625
C0184,Fernanda Soto,Corporativo,Chile,Norte,Coquimbo,La Serena,ORD-2023-00045,2023-03-23,P0024,Computadores Nova 4,Tecnología,Computadores,7,0.3,3956.01,1153.66,29.162211420092465
C0184,Fernanda Soto,Corporativo,Chile,Norte,Coquimbo,La Serena,ORD-2023-00045,2023-03-23,P0025,Computadores Plus 5,Tecnología,Computadores,4,0.0,3054.84,976.2,31.955847114742507
C0184,Fernanda Soto,Corporativo,Chile,Norte,Coquimbo,La Serena,ORD-2023-00045,2023-03-23,P0119,Sobres Plus 9,Oficina,Sobres,5,0.2,2480.96,811.34,32.70266348510254
C0105,Diego Rojas,Consumidor,Chile,Austral,Magallanes,Punta Arenas,ORD-2023-00046,2023-03-09,P0111,Sobres Flex 1,Oficina,Sobres,8,0.05,3912.94,1522.42,38.90731777129218
C0105,Diego Rojas,Consumidor,Chile,Austral,Magallanes,Punta Arenas,ORD-2023-00046,2023-03-09,P0078,Almacenamiento Eco 8,Muebles,Almacenamiento,7,0.15,1786.31,851.93,47.692169892123985
C0105,Diego Rojas,Consumidor,Chile,Austral,Magallanes,Punta Arenas,ORD-2023-00046,2023-03-09,P0067,Libreros Pro 7,Muebles,Libreros,2,0.3,241.88,25.61,10.58789482387961
C0126,Jorge Hernández,Home Office,Chile,Centro,Valparaíso,Valparaíso,ORD-2023-00047,2024-06-15,P0057,Mesas Smart 7,Muebles,Mesas,7,0.1,3249.6,932.14,28.684761201378635
C0126,Jorge Hernández,Home Office,Chile,Centro,Valparaíso,Valparaíso,ORD-2023-00047,2024-06-15,P0060,Mesas Smart 10,Muebles,Mesas,3,0.2,379.9,107.03,28.17320347459858
C0126,Jorge Hernández,Home Office,Chile,Centro,Valparaíso,Valparaíso,ORD-2023-00047,2024-06-15,P0089,Papelería Plus 9,Oficina,Papelería,3,0.3,737.35,0.22,0.0298365769309012
C0047,Ana Díaz,Consumidor,Chile,Centro,O'Higgins,Rancagua,ORD-2023-00048,2025-01-09,P0023,Computadores Pro 3,Tecnología,Computadores,8,0.05,6029.61,2820.33,46.774667018264864
C0129,Felipe Rodríguez,Corporativo,Chile,Centro,Maule,Talca,ORD-2023-00049,2023-11-28,P0012,Teléfonos Flex 2,Tecnología,Teléfonos,2,0.3,473.87,124.86,26.34899867052145
C0269,Javiera Soto,Corporativo,Chile,Sur,Los Ríos,Valdivia,ORD-2023-00050,2024-12-25,P0006,Accesorios Nova 6,Tecnología,Accesorios,3,0.15,2216.66,640.0,28.87226728501439
C0269,Javiera Soto,Corporativo,Chile,Sur,Los Ríos,Valdivia,ORD-2023-00050,2024-12-25,P0021,Computadores Plus 1,Tecnología,Computadores,3,0.0,2383.2,1058.97,44.434793554884195
C0269,Javiera Soto,Corporativo,Chile,Sur,Los Ríos,Valdivia,ORD-2023-00050,2024-12-25,P0054,Mesas Eco 4,Muebles,Mesas,5,0.1,371.34,62.89,16.93596165239403
C0269,Javiera Soto,Corporativo,Chile,Sur,Los Ríos,Valdivia,ORD-2023-00050,2024-12-25,P0037,Periféricos Nova 7,Tecnología,Periféricos,3,0.0,866.94,394.29,45.48065610076822
C0002,Valentina Muñoz,Home Office,Chile,Austral,Aysén,Coyhaique,ORD-2023-00051,2024-09-29,P0078,Almacenamiento Eco 8,Muebles,Almacenamiento,8,0.05,2281.67,1212.15,53.12556154045064
C0233,Jorge Díaz,Home Office,Chile,Sur,La Araucanía,Temuco,ORD-2023-00052,2024-02-24,P0007,Accesorios Nova 7,Tecnología,Accesorios,3,0.0,939.27,508.53,54.140981826311915
C0233,Jorge Díaz,Home Office,Chile,Sur,La Araucanía,Temuco,ORD-2023-00052,2024-02-24,P0005,Accesorios Flex 5,Tecnología,Accesorios,3,0.0,2675.01,1022.58,38.22714681440443
C0170,Sofía Rojas,Consumidor,Chile,Centro,Metropolitana,Santiago,ORD-2023-00053,2023-03-31,P0059,Mesas Smart 9,Muebles,Mesas,6,0.0,828.48,291.36,35.16801853997683
C0170,Sofía Rojas,Consumidor,Chile,Centro,Metropolitana,Santiago,ORD-2023-00053,2023-03-31,P0042,Sillas Flex 2,Muebles,Sillas,6,0.2,2672.69,326.83,12.228503866890659
C0282,Luis Espinoza,Corporativo,Chile,Austral,Aysén,Coyhaique,ORD-2023-00054,2023-03-08,P0068,Libreros Pro 8,Muebles,Libreros,4,0.05,2426.03,759.83,31.31989299390362
C0282,Luis Espinoza,Corporativo,Chile,Austral,Aysén,Coyhaique,ORD-2023-00054,2023-03-08,P0074,Almacenamiento Smart 4,Muebles,Almacenamiento,2,0.3,577.51,33.83,5.85790722238576
C0282,Luis Espinoza,Corporativo,Chile,Austral,Aysén,Coyhaique,ORD-2023-00054,2023-03-08,P0055,Mesas Plus 5,Muebles,Mesas,6,0.1,3127.19,1088.76,34.8159210025614
C0282,Luis Espinoza,Corporativo,Chile,Austral,Aysén,Coyhaique,ORD-2023-00054,2023-03-08,P0119,Sobres Plus 9,Oficina,Sobres,3,0.3,1302.5,255.03,19.58003838771593
C0253,Jorge Torres,Consumidor,Chile,Centro,Maule,Talca,ORD-2023-00055,2025-04-07,P0016,Teléfonos Pro 6,Tecnología,Teléfonos,1,0.3,545.51,151.08,27.695184322927176
C0107,Matías Díaz,Consumidor,Chile,Austral,Magallanes,Punta Arenas,ORD-2023-00056,2025-03-29,P0002,Accesorios Smart 2,Tecnología,Accesorios,4,0.1,36.22,12.93,35.698509110988404
C0107,Matías Díaz,Consumidor,Chile,Austral,Magallanes,Punta Arenas,ORD-2023-00056,2025-03-29,P0040,Periféricos Eco 10,Tecnología,Periféricos,5,0.15,3153.54,941.2,29.84582405804271
C0171,Daniela Araya,Home Office,Chile,Norte,Coquimbo,La Serena,ORD-2023-00057,2023-12-16,P0025,Computadores Plus 5,Tecnología,Computadores,6,0.15,3894.92,660.86,16.96722910868516
C0171,Daniela Araya,Home Office,Chile,Norte,Coquimbo,La Serena,ORD-2023-00057,2023-12-16,P0118,Sobres Nova 8,Oficina,Sobres,8,0.0,1856.4,523.44,28.19650937297996
C0080,Daniela Morales,Corporativo,Chile,Austral,Aysén,Coyhaique,ORD-2023-00058,2024-10-04,P0119,Sobres Plus 9,Oficina,Sobres,1,0.1,558.22,208.91,37.424312994876566
C0080,Daniela Morales,Corporativo,Chile,Austral,Aysén,Coyhaique,ORD-2023-00058,2024-10-04,P0072,Almacenamiento Nova 2,Muebles,Almacenamiento,1,0.05,654.53,225.36,34.430812949750205
C0080,Daniela Morales,Corporativo,Chile,Austral,Aysén,Coyhaique,ORD-2023-00058,2024-10-04,P0103,Etiquetas Nova 3,Oficina,Etiquetas,6,0.0,3231.6,1169.82,36.19940586706276
C0080,Daniela Morales,Corporativo,Chile,Austral,Aysén,Coyhaique,ORD-2023-00058,2024-10-04,P0108,Etiquetas Flex 8,Oficina,Etiquetas,1,0.15,417.31,10.52,2.5209077184826625
C0293,Isidora Araya,Consumidor,Chile,Centro,O'Higgins,Rancagua,ORD-2023-00059,2024-09-12,P0091,Archivadores Flex 1,Oficina,Archivadores,1,0.1,463.76,113.34,24.439365188890807
C0293,Isidora Araya,Consumidor,Chile,Centro,O'Higgins,Rancagua,ORD-2023-00059,2024-09-12,P0113,Sobres Smart 3,Oficina,Sobres,4,0.15,2070.63,573.02,27.673703172464414
C0293,Isidora Araya,Consumidor,Chile,Centro,O'Higgins,Rancagua,ORD-2023-00059,2024-09-12,P0028,Computadores Pro 8,Tecnología,Computadores,5,0.0,2310.65,1106.55,47.8891221084976
C0104,Felipe Rojas,Home Office,Chile,Norte,Coquimbo,La Serena,ORD-2023-00060,2023-04-05,P0119,Sobres Plus 9,Oficina,Sobres,8,0.1,4465.73,1629.52,36.489442935421536
C0104,Felipe Rojas,Home Office,Chile,Norte,Coquimbo,La Serena,ORD-2023-00060,2023-04-05,P0099,Archivadores Eco 9,Oficina,Archivadores,2,0.0,21.14,11.14,52.69631031220435
C0104,Felipe Rojas,Home Office,Chile,Norte,Coquimbo,La Serena,ORD-2023-00060,2023-04-05,P0059,Mesas Smart 9,Muebles,Mesas,7,0.0,966.56,339.92,35.16801853997683
C0045,Felipe Martínez,Consumidor,Chile,Sur,La Araucanía,Temuco,ORD-2023-00061,2023-12-08,P0082,Papelería Eco 2,Oficina,Papelería,4,0.15,2008.92,977.63,48.66445652390339
C0045,Felipe Martínez,Consumidor,Chile,Sur,La Araucanía,Temuco,ORD-2023-00061,2023-12-08,P0036,Periféricos Nova 6,Tecnología,Periféricos,6,0.3,3684.24,1051.3,28.535057433826243
C0045,Felipe Martínez,Consumidor,Chile,Sur,La Araucanía,Temuco,ORD-2023-00061,2023-12-08,P0020,Teléfonos Flex 10,Tecnología,Teléfonos,3,0.1,1334.85,622.52,46.63595160504926
C0106,Paula Hernández,Corporativo,Chile,Centro,Maule,Talca,ORD-2023-00062,2024-07-09,P0022,Computadores Pro 2,Tecnología,Computadores,2,0.1,776.2,344.13,44.33522288070085
C0106,Paula Hernández,Corporativo,Chile,Centro,Maule,Talca,ORD-2023-00062,2024-07-09,P0070,Libreros Eco 10,Muebles,Libreros,8,0.0,6133.52,2363.36,38.53187076915051
C0026,Vicente Espinoza,Home Office,Chile,Centro,Maule,Talca,ORD-2023-00063,2023-04-19,P0040,Periféricos Eco 10,Tecnología,Periféricos,6,0.05,4229.46,1627.02,38.46874069030089
C0026,Vicente Espinoza,Home Office,Chile,Centro,Maule,Talca,ORD-2023-00063,2023-04-19,P0119,Sobres Plus 9,Oficina,Sobres,8,0.0,4961.92,2180.4,43.94266735457242
C0026,Vicente Espinoza,Home Office,Chile,Centro,Maule,Talca,ORD-2023-00063,2023-04-19,P0013,Teléfonos Nova 3,Tecnología,Teléfonos,8,0.1,2058.19,651.24,31.64139365170368
C0241,Fernanda Sepúlveda,Corporativo,Chile,Sur,La Araucanía,Temuco,ORD-2023-00064,2023-08-26,P0101,Etiquetas Eco 1,Oficina,Etiquetas,6,0.3,2430.58,121.77,5.00991532885155
C0241,Fernanda Sepúlveda,Corporativo,Chile,Sur,La Araucanía,Temuco,ORD-2023-00064,2023-08-26,P0061,Libreros Plus 1,Muebles,Libreros,2,0.15,1488.11,562.85,37.823144794403646
C0241,Fernanda Sepúlveda,Corporativo,Chile,Sur,La Araucanía,Temuco,ORD-2023-00064,2023-08-26,P0037,Periféricos Nova 7,Tecnología,Periféricos,6,0.0,1733.88,788.58,45.48065610076822
C0055,Pedro Espinoza,Corporativo,Chile,Norte,Coquimbo,La Serena,ORD-2023-00065,2023-11-30,P0031,Periféricos Smart 1,Tecnología,Periféricos,4,0.0,930.32,478.16,51.39736864734715
C0055,Pedro Espinoza,Corporativo,Chile,Norte,Coquimbo,La Serena,ORD-2023-00065,2023-11-30,P0009,Accesorios Flex 9,Tecnología,Accesorios,6,0.05,4917.85,2135.73,43.42812407861159
C0055,Pedro Espinoza,Corporativo,Chile,Norte,Coquimbo,La Serena,ORD-2023-00065,2023-11-30,P0101,Etiquetas Eco 1,Oficina,Etiquetas,7,0.15,3443.32,732.81,21.28207660049022
C0055,Pedro Espinoza,Corporativo,Chile,Norte,Coquimbo,La Serena,ORD-2023-00065,2023-11-30,P0023,Computadores Pro 3,Tecnología,Computadores,2,0.3,1110.72,393.97,35.469785364448285
C0167,Antonia Espinoza,Consumidor,Chile,Centro,Metropolitana,Santiago,ORD-2023-00066,2024-07-22,P0088,Papelería Eco 8,Oficina,Papelería,7,0.15,4140.25,1181.97,28.54827607028561
C0047,Ana Díaz,Consumidor,Chile,Centro,O'Higgins,Rancagua,ORD-2023-00067,2023-08-11,P0050,Sillas Nova 10,Muebles,Sillas,8,0.05,1836.39,809.05,44.05654572285843
C0047,Ana Díaz,Consumidor,Chile,Centro,O'Higgins,Rancagua,ORD-2023-00067,2023-08-11,P0039,Periféricos Nova 9,Tecnología,Periféricos,5,0.2,948.44,-16.77,-1.7681666736957529
C0047,Ana Díaz,Consumidor,Chile,Centro,O'Higgins,Rancagua,ORD-2023-00067,2023-08-11,P0012,Teléfonos Flex 2,Tecnología,Teléfonos,1,0.2,270.78,92.31,34.090405495235984
C0032,Sebastián Torres,Corporativo,Chile,Centro,Metropolitana,Santiago,ORD-2023-00068,2024-01-14,P0111,Sobres Flex 1,Oficina,Sobres,1,0.05,489.12,190.26,38.89842983316977
C0032,Sebastián Torres,Corporativo,Chile,Centro,Metropolitana,Santiago,ORD-2023-00068,2024-01-14,P0081,Papelería Smart 1,Oficina,Papelería,6,0.2,3938.21,928.35,23.572892253079445
C0032,Sebastián Torres,Corporativo,Chile,Centro,Metropolitana,Santiago,ORD-2023-00068,2024-01-14,P0070,Libreros Eco 10,Muebles,Libreros,4,0.0,3066.76,1181.68,38.53187076915051
C0285,Camila Flores,Corporativo,Chile,Sur,La Araucanía,Temuco,ORD-2023-00069,2024-01-29,P0018,Teléfonos Flex 8,Tecnología,Teléfonos,1,0.0,686.28,215.02,31.3312350644052
C0285,Camila Flores,Corporativo,Chile,Sur,La Araucanía,Temuco,ORD-2023-00069,2024-01-29,P0093,Archivadores Flex 3,Oficina,Archivadores,8,0.2,3999.17,1477.46,36.944165914427245
C0044,Diego Castillo,Consumidor,Chile,Austral,Magallanes,Punta Arenas,ORD-2023-00070,2023-05-21,P0059,Mesas Smart 9,Muebles,Mesas,7,0.3,676.59,63.32,9.358695812826083
C0044,Diego Castillo,Consumidor,Chile,Austral,Magallanes,Punta Arenas,ORD-2023-00070,2023-05-21,P0024,Computadores Nova 4,Tecnología,Computadores,7,0.0,5651.45,2831.36,50.09970892425838
C0257,Vicente Muñoz,Consumidor,Chile,Norte,Coquimbo,La Serena,ORD-2023-00071,2023-10-03,P0091,Archivadores Flex 1,Oficina,Archivadores,6,0.0,3091.74,978.54,31.65013875681655
C0257,Vicente Muñoz,Consumidor,Chile,Norte,Coquimbo,La Serena,ORD-2023-00071,2023-10-03,P0019,Teléfonos Eco 9,Tecnología,Teléfonos,5,0.3,1839.0,-147.54,-8.022838499184338
C0257,Vicente Muñoz,Consumidor,Chile,Norte,Coquimbo,La Serena,ORD-2023-00071,2023-10-03,P0032,Periféricos Eco 2,Tecnología,Periféricos,8,0.0,5788.72,1737.12,30.008706587984907
C0257,Vicente Muñoz,Consumidor,Chile,Norte,Coquimbo,La Serena,ORD-2023-00071,2023-10-03,P0079,Almacenamiento Nova 9,Muebles,Almacenamiento,1,0.15,41.54,5.54,13.33654309099663
C0241,Fernanda Sepúlveda,Corporativo,Chile,Sur,La Araucanía,Temuco,ORD-2023-00072,2024-04-09,P0103,Etiquetas Nova 3,Oficina,Etiquetas,5,0.1,2423.7,741.37,30.588356644799276
C0241,Fernanda Sepúlveda,Corporativo,Chile,Sur,La Araucanía,Temuco,ORD-2023-00072,2024-04-09,P0094,Archivadores Pro 4,Oficina,Archivadores,5,0.0,900.2,266.7,29.62674961119751
C0241,Fernanda Sepúlveda,Corporativo,Chile,Sur,La Araucanía,Temuco,ORD-2023-00072,2024-04-09,P0074,Almacenamiento Smart 4,Muebles,Almacenamiento,1,0.1,371.26,105.41,28.39250121208856
C0147,Valentina Pérez,Home Office,Chile,Austral,Magallanes,Punta Arenas,ORD-2023-00073,2024-05-11,P0079,Almacenamiento Nova 9,Muebles,Almacenamiento,5,0.1,219.91,36.92,16.788686280751218
C0147,Valentina Pérez,Home Office,Chile,Austral,Magallanes,Punta Arenas,ORD-2023-00073,2024-05-11,P0095,Archivadores Plus 5,Oficina,Archivadores,2,0.0,1054.5,485.86,46.07491702228545
C0229,Jorge Pérez,Corporativo,Chile,Sur,La Araucanía,Temuco,ORD-2023-00074,2024-01-14,P0019,Teléfonos Eco 9,Tecnología,Teléfonos,3,0.3,1103.4,-133.13,-12.06543411274243
C0197,Antonia Contreras,Corporativo,Chile,Centro,Metropolitana,Santiago,ORD-2023-00075,2023-09-01,P0097,Archivadores Smart 7,Oficina,Archivadores,2,0.0,534.08,116.1,21.738316357100057
C0197,Antonia Contreras,Corporativo,Chile,Centro,Metropolitana,Santiago,ORD-2023-00075,2023-09-01,P0061,Libreros Plus 1,Muebles,Libreros,5,0.3,3063.76,615.73,20.097200825129903
C0197,Antonia Contreras,Corporativo,Chile,Centro,Metropolitana,Santiago,ORD-2023-00075,2023-09-01,P0049,Sillas Smart 9,Muebles,Sillas,7,0.3,1416.69,-9.31,-0.6571656466834664
C0007,Daniela López,Corporativo,Chile,Sur,Los Ríos,Valdivia,ORD-2023-00076,2023-10-23,P0109,Etiquetas Smart 9,Oficina,Etiquetas,7,0.1,4811.88,931.93,19.367274329368144
C0007,Daniela López,Corporativo,Chile,Sur,Los Ríos,Valdivia,ORD-2023-00076,2023-10-23,P0103,Etiquetas Nova 3,Oficina,Etiquetas,2,0.1,969.48,275.57,28.424516235507696
C0007,Daniela López,Corporativo,Chile,Sur,Los Ríos,Valdivia,ORD-2023-00076,2023-10-23,P0060,Mesas Smart 10,Muebles,Mesas,4,0.05,601.5,227.01,37.74064837905237
C0161,Carlos Hernández,Consumidor,Chile,Sur,Los Lagos,Puerto Montt,ORD-2023-00077,2024-07-14,P0068,Libreros Pro 8,Muebles,Libreros,2,0.3,893.8,86.31,9.656522712016113
C0129,Felipe Rodríguez,Corporativo,Chile,Centro,Maule,Talca,ORD-2023-00078,2023-07-17,P0091,Archivadores Flex 1,Oficina,Archivadores,2,0.0,1030.58,326.18,31.650138756816553
C0193,Paula Fuentes,Corporativo,Chile,Centro,Valparaíso,Valparaíso,ORD-2023-00079,2024-11-03,P0033,Periféricos Nova 3,Tecnología,Periféricos,5,0.3,3091.72,-455.73,-14.740338711138138
C0193,Paula Fuentes,Corporativo,Chile,Centro,Valparaíso,Valparaíso,ORD-2023-00079,2024-11-03,P0082,Papelería Eco 2,Oficina,Papelería,8,0.1,4254.19,2055.74,48.32271243174377
C0132,Luis Pérez,Home Office,Chile,Austral,Aysén,Coyhaique,ORD-2023-00080,2023-06-15,P0105,Etiquetas Pro 5,Oficina,Etiquetas,5,0.0,1297.4,681.85,52.55511022044088
C0132,Luis Pérez,Home Office,Chile,Austral,Aysén,Coyhaique,ORD-2023-00080,2023-06-15,P0119,Sobres Plus 9,Oficina,Sobres,4,0.2,1984.77,657.83,33.1438907278929
C0132,Luis Pérez,Home Office,Chile,Austral,Aysén,Coyhaique,ORD-2023-00080,2023-06-15,P0014,Teléfonos Pro 4,Tecnología,Teléfonos,3,0.2,187.37,84.73,45.220686342530826
C0227,Diego Díaz,Consumidor,Chile,Sur,Los Ríos,Valdivia,ORD-2023-00081,2025-01-02,P0003,Accesorios Plus 3,Tecnología,Accesorios,8,0.0,6946.08,1465.28,21.095063690599588
C0227,Diego Díaz,Consumidor,Chile,Sur,Los Ríos,Valdivia,ORD-2023-00081,2025-01-02,P0120,Sobres Plus 10,Oficina,Sobres,1,0.2,565.02,141.13,24.977876889313652
C0227,Diego Díaz,Consumidor,Chile,Sur,Los Ríos,Valdivia,ORD-2023-00081,2025-01-02,P0116,Sobres Flex 6,Oficina,Sobres,7,0.0,5419.33,2023.98,37.34742117568039
C0227,Diego Díaz,Consumidor,Chile,Sur,Los Ríos,Valdivia,ORD-2023-00081,2025-01-02,P0062,Libreros Plus 2,Muebles,Libreros,7,0.2,2607.81,869.8,33.35365689985083
C0277,Fernanda Torres,Home Office,Chile,Sur,Los Lagos,Puerto Montt,ORD-2023-00082,2023-08-20,P0052,Mesas Nova 2,Muebles,Mesas,1,0.0,494.15,116.45,23.565718911261765
C0277,Fernanda Torres,Home Office,Chile,Sur,Los Lagos,Puerto Montt,ORD-2023-00082,2023-08-20,P0011,Teléfonos Plus 1,Tecnología,Teléfonos,8,0.1,3972.46,1053.32,26.51555962803905
C0277,Fernanda Torres,Home Office,Chile,Sur,Los Lagos,Puerto Montt,ORD-2023-00082,2023-08-20,P0071,Almacenamiento Flex 1,Muebles,Almacenamiento,1,0.2,710.82,21.9,3.0809487634000163
C0200,Fernanda Pérez,Corporativo,Chile,Centro,Metropolitana,Santiago,ORD-2023-00083,2023-04-20,P0018,Teléfonos Flex 8,Tecnología,Teléfonos,1,0.05,651.97,187.22,28.716045216804453
C0200,Fernanda Pérez,Corporativo,Chile,Centro,Metropolitana,Santiago,ORD-2023-00083,2023-04-20,P0063,Libreros Smart 3,Muebles,Libreros,7,0.0,1746.36,457.17,26.17845117845118
C0256,Daniela Araya,Corporativo,Chile,Austral,Aysén,Coyhaique,ORD-2023-00084,2024-06-30,P0008,Accesorios Plus 8,Tecnología,Accesorios,6,0.0,2379.6,728.46,30.612708018154315
C0256,Daniela Araya,Corporativo,Chile,Austral,Aysén,Coyhaique,ORD-2023-00084,2024-06-30,P0104,Etiquetas Nova 4,Oficina,Etiquetas,8,0.0,4841.6,1701.6,35.14540647719762
C0256,Daniela Araya,Corporativo,Chile,Austral,Aysén,Coyhaique,ORD-2023-00084,2024-06-30,P0119,Sobres Plus 9,Oficina,Sobres,2,0.0,1240.48,545.1,43.94266735457242
C0010,Valentina Pérez,Consumidor,Chile,Centro,Maule,Talca,ORD-2023-00085,2024-04-27,P0059,Mesas Smart 9,Muebles,Mesas,3,0.0,414.24,145.68,35.16801853997683
C0059,Nicolás Fuentes,Corporativo,Chile,Sur,Biobío,Concepción,ORD-2023-00086,2024-05-24,P0104,Etiquetas Nova 4,Oficina,Etiquetas,7,0.15,3600.94,949.83,26.377279265969445
C0059,Nicolás Fuentes,Corporativo,Chile,Sur,Biobío,Concepción,ORD-2023-00086,2024-05-24,P0042,Sillas Flex 2,Muebles,Sillas,4,0.0,2227.24,720.4,32.34496506887448
C0059,Nicolás Fuentes,Corporativo,Chile,Sur,Biobío,Concepción,ORD-2023-00086,2024-05-24,P0009,Accesorios Flex 9,Tecnología,Accesorios,2,0.1,1553.0,661.23,42.57759175788796
C0087,Tomás Fuentes,Home Office,Chile,Sur,Los Ríos,Valdivia,ORD-2023-00087,2024-12-14,P0102,Etiquetas Pro 2,Oficina,Etiquetas,7,0.0,3000.83,1090.18,36.32928223191584
C0042,Pedro Hernández,Home Office,Chile,Centro,Metropolitana,Santiago,ORD-2023-00088,2023-01-07,P0089,Papelería Plus 9,Oficina,Papelería,3,0.05,1000.69,312.78,31.256433061187778
C0042,Pedro Hernández,Home Office,Chile,Centro,Metropolitana,Santiago,ORD-2023-00088,2023-01-07,P0067,Libreros Pro 7,Muebles,Libreros,8,0.2,1105.73,262.32,23.72369384931222
C0042,Pedro Hernández,Home Office,Chile,Centro,Metropolitana,Santiago,ORD-2023-00088,2023-01-07,P0079,Almacenamiento Nova 9,Muebles,Almacenamiento,1,0.0,48.87,12.97,26.539799467976266
C0042,Pedro Hernández,Home Office,Chile,Centro,Metropolitana,Santiago,ORD-2023-00088,2023-01-07,P0081,Papelería Smart 1,Oficina,Papelería,5,0.15,3486.95,967.89,27.75749580579016
C0099,Pedro Contreras,Consumidor,Chile,Centro,Metropolitana,Santiago,ORD-2023-00089,2023-05-01,P0036,Periféricos Nova 6,Tecnología,Periféricos,1,0.05,833.34,419.33,50.319197446420425
C0099,Pedro Contreras,Consumidor,Chile,Centro,Metropolitana,Santiago,ORD-2023-00089,2023-05-01,P0088,Papelería Eco 8,Oficina,Papelería,8,0.3,3896.7,730.12,18.73687992403829
C0028,Benjamín Muñoz,Home Office,Chile,Austral,Magallanes,Punta Arenas,ORD-2023-00090,2024-10-22,P0095,Archivadores Plus 5,Oficina,Archivadores,1,0.0,527.25,242.93,46.07491702228545
C0249,Ignacio Sepúlveda,Home Office,Chile,Norte,Coquimbo,La Serena,ORD-2023-00091,2024-06-11,P0096,Archivadores Pro 6,Oficina,Archivadores,6,0.05,4026.99,1624.22,40.3333507160435
C0249,Ignacio Sepúlveda,Home Office,Chile,Norte,Coquimbo,La Serena,ORD-2023-00091,2024-06-11,P0030,Computadores Flex 10,Tecnología,Computadores,2,0.05,1320.88,674.31,51.0500575373993
C0193,Paula Fuentes,Corporativo,Chile,Centro,Valparaíso,Valparaíso,ORD-2023-00092,2023-08-14,P0119,Sobres Plus 9,Oficina,Sobres,8,0.0,4961.92,2180.4,43.94266735457242
C0193,Paula Fuentes,Corporativo,Chile,Centro,Valparaíso,Valparaíso,ORD-2023-00092,2023-08-14,P0059,Mesas Smart 9,Muebles,Mesas,4,0.15,469.47,95.63,20.36977868660404
C0172,Catalina Flores,Home Office,Chile,Austral,Magallanes,Punta Arenas,ORD-2023-00093,2023-05-11,P0059,Mesas Smart 9,Muebles,Mesas,7,0.0,966.56,339.92,35.16801853997683
C0172,Catalina Flores,Home Office,Chile,Austral,Magallanes,Punta Arenas,ORD-2023-00093,2023-05-11,P0114,Sobres Pro 4,Oficina,Sobres,5,0.0,270.5,124.3,45.95194085027726
C0172,Catalina Flores,Home Office,Chile,Austral,Magallanes,Punta Arenas,ORD-2023-00093,2023-05-11,P0074,Almacenamiento Smart 4,Muebles,Almacenamiento,4,0.0,1650.04,607.04,36.78941116578992
C0172,Catalina Flores,Home Office,Chile,Austral,Magallanes,Punta Arenas,ORD-2023-00093,2023-05-11,P0111,Sobres Flex 1,Oficina,Sobres,4,0.3,1441.61,160.09,11.104945165474714
C0008,Jorge Muñoz,Corporativo,Chile,Centro,Maule,Talca,ORD-2023-00094,2025-01-17,P0115,Sobres Pro 5,Oficina,Sobres,3,0.0,395.61,136.92,34.609843027223775
C0008,Jorge Muñoz,Corporativo,Chile,Centro,Maule,Talca,ORD-2023-00094,2025-01-17,P0006,Accesorios Nova 6,Tecnología,Accesorios,8,0.0,6954.24,2777.12,39.9341984170808
C0246,Andrés Hernández,Consumidor,Chile,Sur,Los Lagos,Puerto Montt,ORD-2023-00095,2025-04-09,P0072,Almacenamiento Nova 2,Muebles,Almacenamiento,1,0.2,551.18,98.28,17.830835661671326
C0184,Fernanda Soto,Corporativo,Chile,Norte,Coquimbo,La Serena,ORD-2023-00096,2023-10-30,P0021,Computadores Plus 1,Tecnología,Computadores,8,0.0,6355.2,2823.92,44.434793554884195
C0184,Fernanda Soto,Corporativo,Chile,Norte,Coquimbo,La Serena,ORD-2023-00096,2023-10-30,P0099,Archivadores Eco 9,Oficina,Archivadores,3,0.2,25.37,11.17,44.02837997635002
C0184,Fernanda Soto,Corporativo,Chile,Norte,Coquimbo,La Serena,ORD-2023-00096,2023-10-30,P0081,Papelería Smart 1,Oficina,Papelería,8,0.0,6563.68,2501.2,38.10667186700144
C0198,Valentina Contreras,Consumidor,Chile,Centro,Metropolitana,Santiago,ORD-2023-00097,2024-12-08,P0101,Etiquetas Eco 1,Oficina,Etiquetas,2,0.15,983.81,196.09,19.931694127931205
C0198,Valentina Contreras,Consumidor,Chile,Centro,Metropolitana,Santiago,ORD-2023-00097,2024-12-08,P0066,Libreros Smart 6,Muebles,Libreros,6,0.0,2159.1,1110.18,51.41864665832987
C0239,Martina Torres,Corporativo,Chile,Norte,Tarapacá,Iquique,ORD-2023-00098,2024-09-25,P0018,Teléfonos Flex 8,Tecnología,Teléfonos,6,0.05,3911.8,1080.97,27.633570223426556
C0239,Martina Torres,Corporativo,Chile,Norte,Tarapacá,Iquique,ORD-2023-00098,2024-09-25,P0095,Archivadores Plus 5,Oficina,Archivadores,4,0.05,2003.55,873.84,43.61458411319907
C0258,Fernanda Silva,Corporativo,Chile,Centro,Maule,Talca,ORD-2023-00099,2024-11-27,P0061,Libreros Plus 1,Muebles,Libreros,5,0.3,3063.76,681.48,22.243256651957072
C0097,Sebastián Flores,Corporativo,Chile,Centro,Maule,Talca,ORD-2023-00100,2024-04-13,P0036,Periféricos Nova 6,Tecnología,Periféricos,2,0.0,1754.4,912.78,52.02804377564979
C0097,Sebastián Flores,Corporativo,Chile,Centro,Maule,Talca,ORD-2023-00100,2024-04-13,P0067,Libreros Pro 7,Muebles,Libreros,1,0.1,155.49,47.04,30.252749372950028
C0243,Nicolás López,Corporativo,Chile,Austral,Magallanes,Punta Arenas,ORD-2023-00101,2023-12-22,P0107,Etiquetas Pro 7,Oficina,Etiquetas,6,0.2,371.76,114.07,30.68377447815795
C0243,Nicolás López,Corporativo,Chile,Austral,Magallanes,Punta Arenas,ORD-2023-00101,2023-12-22,P0063,Libreros Smart 3,Muebles,Libreros,8,0.3,1397.09,-29.35,-2.100795224359204
C0157,Paula Hernández,Corporativo,Chile,Sur,La Araucanía,Temuco,ORD-2023-00102,2023-06-25,P0019,Teléfonos Eco 9,Tecnología,Teléfonos,6,0.1,2837.32,465.44,16.40421242581027
C0083,Sofía Torres,Home Office,Chile,Centro,Maule,Talca,ORD-2023-00103,2024-12-29,P0015,Teléfonos Plus 5,Tecnología,Teléfonos,1,0.15,593.73,75.0,12.632004446465563
C0083,Sofía Torres,Home Office,Chile,Centro,Maule,Talca,ORD-2023-00103,2024-12-29,P0034,Periféricos Flex 4,Tecnología,Periféricos,6,0.0,2518.08,863.46,34.29041174227984
C0163,Camila Silva,Corporativo,Chile,Austral,Magallanes,Punta Arenas,ORD-2023-00104,2023-12-19,P0120,Sobres Plus 10,Oficina,Sobres,8,0.0,5650.16,2153.52,38.11431888654481
C0163,Camila Silva,Corporativo,Chile,Austral,Magallanes,Punta Arenas,ORD-2023-00104,2023-12-19,P0020,Teléfonos Flex 10,Tecnología,Teléfonos,1,0.15,420.23,170.79,40.64202936487161
C0163,Camila Silva,Corporativo,Chile,Austral,Magallanes,Punta Arenas,ORD-2023-00104,2023-12-19,P0061,Libreros Plus 1,Muebles,Libreros,5,0.0,4376.8,2058.05,47.02179674648145
C0163,Camila Silva,Corporativo,Chile,Austral,Magallanes,Punta Arenas,ORD-2023-00104,2023-12-19,P0044,Sillas Plus 4,Muebles,Sillas,2,0.3,1019.97,53.76,5.2707432571546216
C0283,Josefa Díaz,Consumidor,Chile,Austral,Magallanes,Punta Arenas,ORD-2023-00105,2023-04-30,P0078,Almacenamiento Eco 8,Muebles,Almacenamiento,4,0.05,1140.84,592.52,51.93716910346762
C0101,Ana Flores,Consumidor,Chile,Norte,Tarapacá,Iquique,ORD-2023-00106,2023-01-24,P0025,Computadores Plus 5,Tecnología,Computadores,8,0.15,5193.23,998.13,19.219830433083075
C0101,Ana Flores,Consumidor,Chile,Norte,Tarapacá,Iquique,ORD-2023-00106,2023-01-24,P0117,Sobres Eco 7,Oficina,Sobres,6,0.2,3578.21,287.24,8.02747742586377
C0101,Ana Flores,Consumidor,Chile,Norte,Tarapacá,Iquique,ORD-2023-00106,2023-01-24,P0048,Sillas Plus 8,Muebles,Sillas,7,0.15,3721.31,456.06,12.255361687147806
C0101,Ana Flores,Consumidor,Chile,Norte,Tarapacá,Iquique,ORD-2023-00106,2023-01-24,P0045,Sillas Eco 5,Muebles,Sillas,5,0.3,1872.15,-206.18,-11.013006436450071
C0111,Carlos Flores,Consumidor,Chile,Sur,Biobío,Concepción,ORD-2023-00107,2025-01-15,P0104,Etiquetas Nova 4,Oficina,Etiquetas,7,0.2,3389.12,763.77,22.535938532716457
C0111,Carlos Flores,Consumidor,Chile,Sur,Biobío,Concepción,ORD-2023-00107,2025-01-15,P0019,Teléfonos Eco 9,Tecnología,Teléfonos,4,0.1,1891.55,308.72,16.32100658190373
C0034,Camila Sepúlveda,Consumidor,Chile,Norte,Tarapacá,Iquique,ORD-2023-00108,2024-08-27,P0072,Almacenamiento Nova 2,Muebles,Almacenamiento,8,0.0,5511.84,2087.04,37.86466951145171
C0034,Camila Sepúlveda,Consumidor,Chile,Norte,Tarapacá,Iquique,ORD-2023-00108,2024-08-27,P0038,Periféricos Nova 8,Tecnología,Periféricos,8,0.0,3271.36,1268.72,38.782646972512964
C0300,Camila Díaz,Corporativo,Chile,Sur,Los Lagos,Puerto Montt,ORD-2023-00109,2023-11-08,P0020,Teléfonos Flex 10,Tecnología,Teléfonos,5,0.1,2224.76,954.31,42.89496395116776
C0064,Gabriel Contreras,Consumidor,Chile,Sur,La Araucanía,Temuco,ORD-2023-00110,2024-10-31,P0004,Accesorios Eco 4,Tecnología,Accesorios,2,0.1,50.62,11.01,21.75029632556302
C0064,Gabriel Contreras,Consumidor,Chile,Sur,La Araucanía,Temuco,ORD-2023-00110,2024-10-31,P0077,Almacenamiento Nova 7,Muebles,Almacenamiento,6,0.3,459.86,132.85,28.88922715609098
C0244,Nicolás Hernández,Consumidor,Chile,Norte,Coquimbo,La Serena,ORD-2023-00111,2024-12-11,P0019,Teléfonos Eco 9,Tecnología,Teléfonos,6,0.3,2206.81,-313.76,-14.217807604641994
C0183,Catalina González,Consumidor,Chile,Sur,Biobío,Concepción,ORD-2023-00112,2023-06-17,P0038,Periféricos Nova 8,Tecnología,Periféricos,2,0.05,776.95,271.93,34.999678228972265
C0183,Catalina González,Consumidor,Chile,Sur,Biobío,Concepción,ORD-2023-00112,2023-06-17,P0098,Archivadores Nova 8,Oficina,Archivadores,2,0.0,467.82,138.76,29.660980719079987
C0183,Catalina González,Consumidor,Chile,Sur,Biobío,Concepción,ORD-2023-00112,2023-06-17,P0106,Etiquetas Eco 6,Oficina,Etiquetas,5,0.1,1010.56,409.89,40.56067922735909
C0050,Benjamín Soto,Consumidor,Chile,Sur,La Araucanía,Temuco,ORD-2023-00113,2024-07-01,P0053,Mesas Eco 3,Muebles,Mesas,6,0.0,2224.26,792.0,35.607348061827295
C0050,Benjamín Soto,Consumidor,Chile,Sur,La Araucanía,Temuco,ORD-2023-00113,2024-07-01,P0065,Libreros Pro 5,Muebles,Libreros,4,0.05,1629.4,768.04,47.1363692156622
C0050,Benjamín Soto,Consumidor,Chile,Sur,La Araucanía,Temuco,ORD-2023-00113,2024-07-01,P0054,Mesas Eco 4,Muebles,Mesas,8,0.0,660.16,172.72,26.16335433834222
C0050,Benjamín Soto,Consumidor,Chile,Sur,La Araucanía,Temuco,ORD-2023-00113,2024-07-01,P0119,Sobres Plus 9,Oficina,Sobres,1,0.3,434.17,97.78,22.521132275376004
C0072,Sofía Pérez,Consumidor,Chile,Centro,Maule,Talca,ORD-2023-00114,2025-04-16,P0004,Accesorios Eco 4,Tecnología,Accesorios,2,0.05,53.43,14.23,26.63297772786824
C0072,Sofía Pérez,Consumidor,Chile,Centro,Maule,Talca,ORD-2023-00114,2025-04-16,P0089,Papelería Plus 9,Oficina,Papelería,4,0.1,1264.03,357.84,28.309454680664224
C0072,Sofía Pérez,Consumidor,Chile,Centro,Maule,Talca,ORD-2023-00114,2025-04-16,P0011,Teléfonos Plus 1,Tecnología,Teléfonos,7,0.0,3862.11,1330.7,34.45525891287405
C0221,Valentina Hernández,Home Office,Chile,Norte,Tarapacá,Iquique,ORD-2023-00115,2023-02-13,P0039,Periféricos Nova 9,Tecnología,Periféricos,1,0.0,237.11,48.2,20.328117751254695
C0103,Fernanda Soto,Consumidor,Chile,Austral,Aysén,Coyhaique,ORD-2023-00116,2023-07-09,P0046,Sillas Pro 6,Muebles,Sillas,3,0.05,241.88,106.55,44.05076897635191
C0103,Fernanda Soto,Consumidor,Chile,Austral,Aysén,Coyhaique,ORD-2023-00116,2023-07-09,P0013,Teléfonos Nova 3,Tecnología,Teléfonos,1,0.05,271.57,96.57,35.55989247707773
C0103,Fernanda Soto,Consumidor,Chile,Austral,Aysén,Coyhaique,ORD-2023-00116,2023-07-09,P0022,Computadores Pro 2,Tecnología,Computadores,1,0.0,431.22,217.14,50.35480729094197
C0188,Nicolás Sepúlveda,Consumidor,Chile,Centro,O'Higgins,Rancagua,ORD-2023-00117,2024-12-15,P0028,Computadores Pro 8,Tecnología,Computadores,4,0.2,1478.82,572.79,38.73290867042642
C0188,Nicolás Sepúlveda,Consumidor,Chile,Centro,O'Higgins,Rancagua,ORD-2023-00117,2024-12-15,P0016,Teléfonos Pro 6,Tecnología,Teléfonos,8,0.0,6234.4,3172.8,50.89182599769024
C0188,Nicolás Sepúlveda,Consumidor,Chile,Centro,O'Higgins,Rancagua,ORD-2023-00117,2024-12-15,P0098,Archivadores Nova 8,Oficina,Archivadores,6,0.1,1263.11,272.73,21.591943694531754
C0188,Nicolás Sepúlveda,Consumidor,Chile,Centro,O'Higgins,Rancagua,ORD-2023-00117,2024-12-15,P0011,Teléfonos Plus 1,Tecnología,Teléfonos,6,0.3,2317.27,300.14,12.95231026164409
C0234,Fernanda Soto,Home Office,Chile,Norte,Antofagasta,Antofagasta,ORD-2023-00118,2024-09-06,P0025,Computadores Plus 5,Tecnología,Computadores,2,0.3,1069.19,-50.61,-4.7334898381017405
C0234,Fernanda Soto,Home Office,Chile,Norte,Antofagasta,Antofagasta,ORD-2023-00118,2024-09-06,P0023,Computadores Pro 3,Tecnología,Computadores,1,0.3,555.36,143.88,25.90751944684529
C0234,Fernanda Soto,Home Office,Chile,Norte,Antofagasta,Antofagasta,ORD-2023-00118,2024-09-06,P0057,Mesas Smart 7,Muebles,Mesas,2,0.0,1031.62,380.78,36.9108780364863
C0234,Fernanda Soto,Home Office,Chile,Norte,Antofagasta,Antofagasta,ORD-2023-00118,2024-09-06,P0089,Papelería Plus 9,Oficina,Papelería,2,0.0,702.24,238.62,33.979835953520166
C0174,Nicolás Martínez,Corporativo,Chile,Sur,Los Lagos,Puerto Montt,ORD-2023-00119,2023-07-25,P0093,Archivadores Flex 3,Oficina,Archivadores,8,0.1,4499.06,2114.35,46.99537236667214
C0174,Nicolás Martínez,Corporativo,Chile,Sur,Los Lagos,Puerto Montt,ORD-2023-00119,2023-07-25,P0097,Archivadores Smart 7,Oficina,Archivadores,7,0.15,1588.89,128.67,8.09810622510054
C0174,Nicolás Martínez,Corporativo,Chile,Sur,Los Lagos,Puerto Montt,ORD-2023-00119,2023-07-25,P0063,Libreros Smart 3,Muebles,Libreros,5,0.0,1247.4,326.55,26.17845117845118
C0174,Nicolás Martínez,Corporativo,Chile,Sur,Los Lagos,Puerto Montt,ORD-2023-00119,2023-07-25,P0016,Teléfonos Pro 6,Tecnología,Teléfonos,5,0.3,2727.55,815.32,29.892027643856206
C0016,Diego Araya,Home Office,Chile,Sur,Biobío,Concepción,ORD-2023-00120,2023-04-12,P0078,Almacenamiento Eco 8,Muebles,Almacenamiento,6,0.0,1801.32,988.98,54.90307108120712
C0016,Diego Araya,Home Office,Chile,Sur,Biobío,Concepción,ORD-2023-00120,2023-04-12,P0098,Archivadores Nova 8,Oficina,Archivadores,2,0.3,327.47,-18.02,-5.502794149082358
C0016,Diego Araya,Home Office,Chile,Sur,Biobío,Concepción,ORD-2023-00120,2023-04-12,P0038,Periféricos Nova 8,Tecnología,Periféricos,8,0.3,2289.95,285.43,12.46446428961331
C0016,Diego Araya,Home Office,Chile,Sur,Biobío,Concepción,ORD-2023-00120,2023-04-12,P0104,Etiquetas Nova 4,Oficina,Etiquetas,1,0.0,605.2,212.7,35.14540647719762
C0197,Antonia Contreras,Corporativo,Chile,Centro,Metropolitana,Santiago,ORD-2023-00121,2024-04-05,P0072,Almacenamiento Nova 2,Muebles,Almacenamiento,5,0.0,3444.9,1304.4,37.864669511451716
C0197,Antonia Contreras,Corporativo,Chile,Centro,Metropolitana,Santiago,ORD-2023-00121,2024-04-05,P0040,Periféricos Eco 10,Tecnología,Periféricos,7,0.3,3635.85,457.23,12.575601303684147
C0284,Sebastián Contreras,Corporativo,Chile,Austral,Aysén,Coyhaique,ORD-2023-00122,2024-12-02,P0051,Mesas Smart 1,Muebles,Mesas,5,0.3,332.08,33.8,10.17827029631414
C0181,Pedro Martínez,Home Office,Chile,Centro,Valparaíso,Valparaíso,ORD-2023-00123,2025-02-23,P0045,Sillas Eco 5,Muebles,Sillas,1,0.15,454.66,66.86,14.705494215457705
C0181,Pedro Martínez,Home Office,Chile,Centro,Valparaíso,Valparaíso,ORD-2023-00123,2025-02-23,P0046,Sillas Pro 6,Muebles,Sillas,7,0.15,504.98,205.09,40.61348964315418
C0181,Pedro Martínez,Home Office,Chile,Centro,Valparaíso,Valparaíso,ORD-2023-00123,2025-02-23,P0032,Periféricos Eco 2,Tecnología,Periféricos,4,0.1,2604.92,568.41,21.820631727653822
C0157,Paula Hernández,Corporativo,Chile,Sur,La Araucanía,Temuco,ORD-2023-00124,2023-04-28,P0035,Periféricos Nova 5,Tecnología,Periféricos,1,0.3,535.3,-11.54,-2.1558004857089483
C0157,Paula Hernández,Corporativo,Chile,Sur,La Araucanía,Temuco,ORD-2023-00124,2023-04-28,P0049,Sillas Smart 9,Muebles,Sillas,7,0.15,1720.26,227.81,13.242765628451513
C0157,Paula Hernández,Corporativo,Chile,Sur,La Araucanía,Temuco,ORD-2023-00124,2023-04-28,P0013,Teléfonos Nova 3,Tecnología,Teléfonos,4,0.15,971.92,277.11,28.51160589348918
C0157,Paula Hernández,Corporativo,Chile,Sur,La Araucanía,Temuco,ORD-2023-00124,2023-04-28,P0022,Computadores Pro 2,Tecnología,Computadores,5,0.15,1832.69,701.56,38.28034201092383
C0255,Javiera Fuentes,Home Office,Chile,Sur,Los Ríos,Valdivia,ORD-2023-00125,2024-10-12,P0007,Accesorios Nova 7,Tecnología,Accesorios,5,0.2,1252.36,496.31,39.629978600402445
C0255,Javiera Fuentes,Home Office,Chile,Sur,Los Ríos,Valdivia,ORD-2023-00125,2024-10-12,P0092,Archivadores Nova 2,Oficina,Archivadores,2,0.15,1047.74,446.65,42.62985091721228
C0255,Javiera Fuentes,Home Office,Chile,Sur,Los Ríos,Valdivia,ORD-2023-00125,2024-10-12,P0055,Mesas Plus 5,Muebles,Mesas,4,0.15,1968.97,571.28,29.01415460875483
C0259,Catalina Flores,Corporativo,Chile,Austral,Magallanes,Punta Arenas,ORD-2023-00126,2025-04-03,P0086,Papelería Flex 6,Oficina,Papelería,3,0.0,1938.39,819.63,42.28406048318449
C0259,Catalina Flores,Corporativo,Chile,Austral,Magallanes,Punta Arenas,ORD-2023-00126,2025-04-03,P0074,Almacenamiento Smart 4,Muebles,Almacenamiento,8,0.05,3135.08,1038.46,33.123875626778265
C0259,Catalina Flores,Corporativo,Chile,Austral,Magallanes,Punta Arenas,ORD-2023-00126,2025-04-03,P0035,Periféricos Nova 5,Tecnología,Periféricos,7,0.0,5352.97,1581.65,29.547148592276812
C0259,Catalina Flores,Corporativo,Chile,Austral,Magallanes,Punta Arenas,ORD-2023-00126,2025-04-03,P0060,Mesas Smart 10,Muebles,Mesas,3,0.05,451.13,173.77,38.51883049231929
C0223,Jorge López,Consumidor,Chile,Sur,Biobío,Concepción,ORD-2023-00127,2024-02-25,P0035,Periféricos Nova 5,Tecnología,Periféricos,5,0.0,3823.55,1129.75,29.547148592276812
C0223,Jorge López,Consumidor,Chile,Sur,Biobío,Concepción,ORD-2023-00127,2024-02-25,P0052,Mesas Nova 2,Muebles,Mesas,4,0.0,1976.6,465.8,23.565718911261765
C0223,Jorge López,Consumidor,Chile,Sur,Biobío,Concepción,ORD-2023-00127,2024-02-25,P0032,Periféricos Eco 2,Tecnología,Periféricos,5,0.3,2532.57,6.66,0.26297397505300935
C0223,Jorge López,Consumidor,Chile,Sur,Biobío,Concepción,ORD-2023-00127,2024-02-25,P0055,Mesas Plus 5,Muebles,Mesas,1,0.05,550.15,214.95,39.071162410251745
C0015,Pedro Hernández,Consumidor,Chile,Centro,Maule,Talca,ORD-2023-00128,2023-09-22,P0093,Archivadores Flex 3,Oficina,Archivadores,8,0.0,4998.96,2667.2,53.35509786035495
C0161,Carlos Hernández,Consumidor,Chile,Sur,Los Lagos,Puerto Montt,ORD-2023-00129,2024-09-08,P0051,Mesas Smart 1,Muebles,Mesas,3,0.05,270.41,96.76,35.782700343922194
C0268,Paula Castillo,Corporativo,Chile,Sur,La Araucanía,Temuco,ORD-2023-00130,2024-11-11,P0031,Periféricos Smart 1,Tecnología,Periféricos,2,0.15,395.39,174.07,44.0248868206075
C0121,Sebastián Muñoz,Consumidor,Chile,Austral,Aysén,Coyhaique,ORD-2023-00131,2024-03-09,P0033,Periféricos Nova 3,Tecnología,Periféricos,1,0.3,618.35,-77.68,-12.562464623595051
C0121,Sebastián Muñoz,Consumidor,Chile,Austral,Aysén,Coyhaique,ORD-2023-00131,2024-03-09,P0041,Sillas Eco 1,Muebles,Sillas,7,0.3,757.15,29.44,3.8882652050452355
C0121,Sebastián Muñoz,Consumidor,Chile,Austral,Aysén,Coyhaique,ORD-2023-00131,2024-03-09,P0113,Sobres Smart 3,Oficina,Sobres,3,0.15,1552.98,427.21,27.50904712230679
C0121,Sebastián Muñoz,Consumidor,Chile,Austral,Aysén,Coyhaique,ORD-2023-00131,2024-03-09,P0106,Etiquetas Eco 6,Oficina,Etiquetas,5,0.0,1122.85,530.5,47.245847619895805
C0028,Benjamín Muñoz,Home Office,Chile,Austral,Magallanes,Punta Arenas,ORD-2023-00132,2024-12-08,P0116,Sobres Flex 6,Oficina,Sobres,2,0.05,1470.96,489.79,33.297302441942676
C0028,Benjamín Muñoz,Home Office,Chile,Austral,Magallanes,Punta Arenas,ORD-2023-00132,2024-12-08,P0002,Accesorios Smart 2,Tecnología,Accesorios,7,0.1,63.38,22.5,35.500157778479014
C0028,Benjamín Muñoz,Home Office,Chile,Austral,Magallanes,Punta Arenas,ORD-2023-00132,2024-12-08,P0039,Periféricos Nova 9,Tecnología,Periféricos,4,0.0,948.44,192.8,20.328117751254695
C0209,Benjamín Castillo,Consumidor,Chile,Norte,Tarapacá,Iquique,ORD-2023-00133,2025-03-19,P0119,Sobres Plus 9,Oficina,Sobres,6,0.2,2977.15,778.84,26.160589825840148
C0209,Benjamín Castillo,Consumidor,Chile,Norte,Tarapacá,Iquique,ORD-2023-00133,2025-03-19,P0106,Etiquetas Eco 6,Oficina,Etiquetas,3,0.1,606.34,250.76,41.35633472968961
C0209,Benjamín Castillo,Consumidor,Chile,Norte,Tarapacá,Iquique,ORD-2023-00133,2025-03-19,P0054,Mesas Eco 4,Muebles,Mesas,6,0.3,346.58,-30.59,-8.82624502279416
C0209,Benjamín Castillo,Consumidor,Chile,Norte,Tarapacá,Iquique,ORD-2023-00133,2025-03-19,P0083,Papelería Pro 3,Oficina,Papelería,3,0.3,111.07,-1.6,-1.4405329972089673
C0002,Valentina Muñoz,Home Office,Chile,Austral,Aysén,Coyhaique,ORD-2023-00134,2024-02-15,P0032,Periféricos Eco 2,Tecnología,Periféricos,3,0.2,1736.62,166.45,9.58471052964955
C0002,Valentina Muñoz,Home Office,Chile,Austral,Aysén,Coyhaique,ORD-2023-00134,2024-02-15,P0058,Mesas Nova 8,Muebles,Mesas,8,0.0,1880.56,434.8,23.120772535840388
C0145,Constanza López,Corporativo,Chile,Centro,Metropolitana,Santiago,ORD-2023-00135,2023-07-23,P0003,Accesorios Plus 3,Tecnología,Accesorios,1,0.05,824.85,132.68,16.0853488513063
C0145,Constanza López,Corporativo,Chile,Centro,Metropolitana,Santiago,ORD-2023-00135,2023-07-23,P0026,Computadores Plus 6,Tecnología,Computadores,5,0.0,2386.7,495.95,20.779737713160433
C0134,Felipe Martínez,Corporativo,Chile,Centro,Maule,Talca,ORD-2023-00136,2023-06-02,P0099,Archivadores Eco 9,Oficina,Archivadores,8,0.3,59.19,23.06,38.95928366278088
C0134,Felipe Martínez,Corporativo,Chile,Centro,Maule,Talca,ORD-2023-00136,2023-06-02,P0025,Computadores Plus 5,Tecnología,Computadores,5,0.1,3436.7,800.75,23.299967992550997
C0134,Felipe Martínez,Corporativo,Chile,Centro,Maule,Talca,ORD-2023-00136,2023-06-02,P0017,Teléfonos Plus 7,Tecnología,Teléfonos,7,0.05,1701.4,554.16,32.570824027271655
C0134,Felipe Martínez,Corporativo,Chile,Centro,Maule,Talca,ORD-2023-00136,2023-06-02,P0094,Archivadores Pro 4,Oficina,Archivadores,4,0.2,576.13,87.74,15.229201742662246
C0015,Pedro Hernández,Consumidor,Chile,Centro,Maule,Talca,ORD-2023-00137,2023-10-25,P0011,Teléfonos Plus 1,Tecnología,Teléfonos,1,0.3,386.21,48.87,12.653737603894255
C0015,Pedro Hernández,Consumidor,Chile,Centro,Maule,Talca,ORD-2023-00137,2023-10-25,P0089,Papelería Plus 9,Oficina,Papelería,7,0.05,2334.95,701.79,30.055889847748347
C0015,Pedro Hernández,Consumidor,Chile,Centro,Maule,Talca,ORD-2023-00137,2023-10-25,P0095,Archivadores Plus 5,Oficina,Archivadores,5,0.0,2636.25,1214.65,46.07491702228545
C0015,Pedro Hernández,Consumidor,Chile,Centro,Maule,Talca,ORD-2023-00137,2023-10-25,P0007,Accesorios Nova 7,Tecnología,Accesorios,6,0.05,1784.61,924.23,51.78890625963096
C0024,Catalina Muñoz,Consumidor,Chile,Norte,Coquimbo,La Serena,ORD-2023-00138,2023-01-06,P0017,Teléfonos Plus 7,Tecnología,Teléfonos,1,0.0,255.85,92.47,36.142270861833104
C0024,Catalina Muñoz,Consumidor,Chile,Norte,Coquimbo,La Serena,ORD-2023-00138,2023-01-06,P0120,Sobres Plus 10,Oficina,Sobres,6,0.3,2966.33,531.03,17.901919206561644
C0024,Catalina Muñoz,Consumidor,Chile,Norte,Coquimbo,La Serena,ORD-2023-00138,2023-01-06,P0091,Archivadores Flex 1,Oficina,Archivadores,7,0.0,3607.03,1141.63,31.650138756816553
C0023,Ana Espinoza,Home Office,Chile,Norte,Antofagasta,Antofagasta,ORD-2023-00139,2023-05-11,P0116,Sobres Flex 6,Oficina,Sobres,5,0.1,3483.86,1055.98,30.310632459398484
C0023,Ana Espinoza,Home Office,Chile,Norte,Antofagasta,Antofagasta,ORD-2023-00139,2023-05-11,P0115,Sobres Pro 5,Oficina,Sobres,3,0.15,336.27,71.96,21.399470663454963
C0023,Ana Espinoza,Home Office,Chile,Norte,Antofagasta,Antofagasta,ORD-2023-00139,2023-05-11,P0098,Archivadores Nova 8,Oficina,Archivadores,3,0.3,491.21,35.24,7.174121048024268
C0028,Benjamín Muñoz,Home Office,Chile,Austral,Magallanes,Punta Arenas,ORD-2023-00140,2023-08-24,P0115,Sobres Pro 5,Oficina,Sobres,8,0.0,1054.96,365.12,34.60984302722378
C0235,María Hernández,Consumidor,Chile,Austral,Aysén,Coyhaique,ORD-2023-00141,2024-05-19,P0027,Computadores Flex 7,Tecnología,Computadores,5,0.0,198.4,104.9,52.87298387096774
C0289,Vicente Martínez,Corporativo,Chile,Norte,Coquimbo,La Serena,ORD-2023-00142,2024-11-10,P0032,Periféricos Eco 2,Tecnología,Periféricos,8,0.0,5788.72,1737.12,30.008706587984907
C0146,Javiera Silva,Home Office,Chile,Austral,Aysén,Coyhaique,ORD-2023-00143,2024-11-28,P0020,Teléfonos Flex 10,Tecnología,Teléfonos,1,0.0,494.39,249.32,50.42982260968062
C0146,Javiera Silva,Home Office,Chile,Austral,Aysén,Coyhaique,ORD-2023-00143,2024-11-28,P0059,Mesas Smart 9,Muebles,Mesas,5,0.0,690.4,242.8,35.16801853997683
C0146,Javiera Silva,Home Office,Chile,Austral,Aysén,Coyhaique,ORD-2023-00143,2024-11-28,P0084,Papelería Flex 4,Oficina,Papelería,8,0.15,5005.62,2035.05,40.65530343893464
C0109,Martina Castillo,Corporativo,Chile,Norte,Coquimbo,La Serena,ORD-2023-00144,2023-02-19,P0071,Almacenamiento Flex 1,Muebles,Almacenamiento,7,0.0,6219.64,1477.21,23.750731553594743
C0123,Felipe Díaz,Consumidor,Chile,Sur,Los Lagos,Puerto Montt,ORD-2023-00145,2025-02-28,P0037,Periféricos Nova 7,Tecnología,Periféricos,3,0.0,866.94,394.29,45.48065610076822
C0123,Felipe Díaz,Consumidor,Chile,Sur,Los Lagos,Puerto Montt,ORD-2023-00145,2025-02-28,P0095,Archivadores Plus 5,Oficina,Archivadores,5,0.0,2636.25,1214.65,46.07491702228545
C0123,Felipe Díaz,Consumidor,Chile,Sur,Los Lagos,Puerto Montt,ORD-2023-00145,2025-02-28,P0107,Etiquetas Pro 7,Oficina,Etiquetas,6,0.05,441.47,186.8,42.31318096359888
C0123,Felipe Díaz,Consumidor,Chile,Sur,Los Lagos,Puerto Montt,ORD-2023-00145,2025-02-28,P0061,Libreros Plus 1,Muebles,Libreros,5,0.2,3501.44,1326.17,37.87498857612868
C0189,Camila Sepúlveda,Consumidor,Chile,Centro,Maule,Talca,ORD-2023-00146,2024-09-20,P0083,Papelería Pro 3,Oficina,Papelería,3,0.3,111.07,3.42,3.0791392815341676
C0189,Camila Sepúlveda,Consumidor,Chile,Centro,Maule,Talca,ORD-2023-00146,2024-09-20,P0038,Periféricos Nova 8,Tecnología,Periféricos,8,0.2,2617.09,724.58,27.686476200665627
C0154,Ana Castillo,Home Office,Chile,Sur,Los Ríos,Valdivia,ORD-2023-00147,2023-06-02,P0038,Periféricos Nova 8,Tecnología,Periféricos,1,0.0,408.92,158.59,38.782646972512964
C0154,Ana Castillo,Home Office,Chile,Sur,Los Ríos,Valdivia,ORD-2023-00147,2023-06-02,P0066,Libreros Smart 6,Muebles,Libreros,7,0.2,2015.16,873.14,43.328569443617376
C0154,Ana Castillo,Home Office,Chile,Sur,Los Ríos,Valdivia,ORD-2023-00147,2023-06-02,P0046,Sillas Pro 6,Muebles,Sillas,5,0.0,424.35,198.85,46.85990338164251
C0154,Ana Castillo,Home Office,Chile,Sur,Los Ríos,Valdivia,ORD-2023-00147,2023-06-02,P0015,Teléfonos Plus 5,Tecnología,Teléfonos,8,0.0,5588.0,1463.2,26.184681460272014
C0024,Catalina Muñoz,Consumidor,Chile,Norte,Coquimbo,La Serena,ORD-2023-00148,2023-03-27,P0080,Almacenamiento Plus 10,Muebles,Almacenamiento,5,0.15,3362.22,1342.75,39.93641106173897
C0024,Catalina Muñoz,Consumidor,Chile,Norte,Coquimbo,La Serena,ORD-2023-00148,2023-03-27,P0028,Computadores Pro 8,Tecnología,Computadores,3,0.0,1386.39,663.93,47.8891221084976
C0024,Catalina Muñoz,Consumidor,Chile,Norte,Coquimbo,La Serena,ORD-2023-00148,2023-03-27,P0112,Sobres Pro 2,Oficina,Sobres,2,0.2,725.84,270.92,37.32503030971013
C0024,Catalina Muñoz,Consumidor,Chile,Norte,Coquimbo,La Serena,ORD-2023-00148,2023-03-27,P0051,Mesas Smart 1,Muebles,Mesas,2,0.0,189.76,72.52,38.21669477234401
C0236,Fernanda Sepúlveda,Home Office,Chile,Centro,Maule,Talca,ORD-2023-00149,2024-12-09,P0089,Papelería Plus 9,Oficina,Papelería,7,0.1,2212.06,629.93,28.477075667025304
C0236,Fernanda Sepúlveda,Home Office,Chile,Centro,Maule,Talca,ORD-2023-00149,2024-12-09,P0002,Accesorios Smart 2,Tecnología,Accesorios,4,0.0,40.24,16.56,41.153081510934385
C0236,Fernanda Sepúlveda,Home Office,Chile,Centro,Maule,Talca,ORD-2023-00149,2024-12-09,P0110,Etiquetas Nova 10,Oficina,Etiquetas,1,0.05,57.3,22.39,39.075043630017454
C0124,Tomás González,Home Office,Chile,Sur,Los Ríos,Valdivia,ORD-2023-00150,2024-03-22,P0099,Archivadores Eco 9,Oficina,Archivadores,8,0.0,84.56,44.56,52.69631031220435
C0124,Tomás González,Home Office,Chile,Sur,Los Ríos,Valdivia,ORD-2023-00150,2024-03-22,P0015,Teléfonos Plus 5,Tecnología,Teléfonos,3,0.0,2095.5,548.7,26.184681460272014
C0124,Tomás González,Home Office,Chile,Sur,Los Ríos,Valdivia,ORD-2023-00150,2024-03-22,P0063,Libreros Smart 3,Muebles,Libreros,8,0.0,1995.84,522.48,26.17845117845118
C0104,Felipe Rojas,Home Office,Chile,Norte,Coquimbo,La Serena,ORD-2023-00151,2023-10-29,P0081,Papelería Smart 1,Oficina,Papelería,7,0.2,4594.58,879.73,19.147125526163435
C0019,Matías Torres,Consumidor,Chile,Austral,Aysén,Coyhaique,ORD-2023-00152,2024-05-14,P0068,Libreros Pro 8,Muebles,Libreros,1,0.2,510.74,91.72,17.958256647217762
C0138,Gabriel Muñoz,Corporativo,Chile,Austral,Magallanes,Punta Arenas,ORD-2023-00153,2024-10-25,P0003,Accesorios Plus 3,Tecnología,Accesorios,3,0.1,2344.3,265.43,11.322356353708996
C0138,Gabriel Muñoz,Corporativo,Chile,Austral,Magallanes,Punta Arenas,ORD-2023-00153,2024-10-25,P0045,Sillas Eco 5,Muebles,Sillas,8,0.05,4065.24,931.47,22.91303834459958
C0138,Gabriel Muñoz,Corporativo,Chile,Austral,Magallanes,Punta Arenas,ORD-2023-00153,2024-10-25,P0118,Sobres Nova 8,Oficina,Sobres,8,0.0,1856.4,523.44,28.19650937297996
C0138,Gabriel Muñoz,Corporativo,Chile,Austral,Magallanes,Punta Arenas,ORD-2023-00153,2024-10-25,P0054,Mesas Eco 4,Muebles,Mesas,6,0.3,346.58,-36.81,-10.620924461884703
C0107,Matías Díaz,Consumidor,Chile,Austral,Magallanes,Punta Arenas,ORD-2023-00154,2023-10-17,P0021,Computadores Plus 1,Tecnología,Computadores,8,0.0,6355.2,2823.92,44.434793554884195
C0107,Matías Díaz,Consumidor,Chile,Austral,Magallanes,Punta Arenas,ORD-2023-00154,2023-10-17,P0039,Periféricos Nova 9,Tecnología,Periféricos,4,0.05,901.02,144.3,16.01518279283479
C0184,Fernanda Soto,Corporativo,Chile,Norte,Coquimbo,La Serena,ORD-2023-00155,2023-09-25,P0044,Sillas Plus 4,Muebles,Sillas,7,0.0,5099.85,1963.01,38.491524260517465
C0288,Martina Contreras,Home Office,Chile,Centro,Metropolitana,Santiago,ORD-2023-00156,2023-08-18,P0115,Sobres Pro 5,Oficina,Sobres,3,0.0,395.61,136.92,34.609843027223775
C0288,Martina Contreras,Home Office,Chile,Centro,Metropolitana,Santiago,ORD-2023-00156,2023-08-18,P0103,Etiquetas Nova 3,Oficina,Etiquetas,8,0.0,4308.8,1559.76,36.19940586706276
C0288,Martina Contreras,Home Office,Chile,Centro,Metropolitana,Santiago,ORD-2023-00156,2023-08-18,P0106,Etiquetas Eco 6,Oficina,Etiquetas,1,0.0,224.57,106.1,47.2458476198958
C0106,Paula Hernández,Corporativo,Chile,Centro,Maule,Talca,ORD-2023-00157,2024-01-06,P0020,Teléfonos Flex 10,Tecnología,Teléfonos,6,0.15,2521.39,994.16,39.429045090208184
C0104,Felipe Rojas,Home Office,Chile,Norte,Coquimbo,La Serena,ORD-2023-00158,2024-03-25,P0065,Libreros Pro 5,Muebles,Libreros,3,0.0,1286.37,647.94,50.36964481447795
C0104,Felipe Rojas,Home Office,Chile,Norte,Coquimbo,La Serena,ORD-2023-00158,2024-03-25,P0047,Sillas Plus 7,Muebles,Sillas,4,0.0,2791.32,708.24,25.372941833971023
C0104,Felipe Rojas,Home Office,Chile,Norte,Coquimbo,La Serena,ORD-2023-00158,2024-03-25,P0101,Etiquetas Eco 1,Oficina,Etiquetas,4,0.0,2314.84,772.16,33.356949076394045
C0210,Diego López,Consumidor,Chile,Austral,Aysén,Coyhaique,ORD-2023-00159,2024-04-14,P0099,Archivadores Eco 9,Oficina,Archivadores,1,0.0,10.57,5.57,52.69631031220435
C0210,Diego López,Consumidor,Chile,Austral,Aysén,Coyhaique,ORD-2023-00159,2024-04-14,P0052,Mesas Nova 2,Muebles,Mesas,3,0.2,1185.96,104.87,8.842625383655434
C0078,Ignacio Flores,Consumidor,Chile,Austral,Magallanes,Punta Arenas,ORD-2023-00160,2024-08-11,P0114,Sobres Pro 4,Oficina,Sobres,5,0.15,229.92,77.08,33.52470424495477
C0078,Ignacio Flores,Consumidor,Chile,Austral,Magallanes,Punta Arenas,ORD-2023-00160,2024-08-11,P0106,Etiquetas Eco 6,Oficina,Etiquetas,5,0.0,1122.85,530.5,47.245847619895805
C0078,Ignacio Flores,Consumidor,Chile,Austral,Magallanes,Punta Arenas,ORD-2023-00160,2024-08-11,P0083,Papelería Pro 3,Oficina,Papelería,4,0.3,148.09,0.24,0.16206360996691202
C0078,Ignacio Flores,Consumidor,Chile,Austral,Magallanes,Punta Arenas,ORD-2023-00160,2024-08-11,P0100,Archivadores Smart 10,Oficina,Archivadores,4,0.1,189.43,39.69,20.952330676239242
C0200,Fernanda Pérez,Corporativo,Chile,Centro,Metropolitana,Santiago,ORD-2023-00161,2025-01-12,P0066,Libreros Smart 6,Muebles,Libreros,5,0.15,1529.36,627.51,41.03088873777266
C0012,Sofía Soto,Home Office,Chile,Norte,Tarapacá,Iquique,ORD-2023-00162,2023-01-29,P0065,Libreros Pro 5,Muebles,Libreros,2,0.0,857.58,431.96,50.369644814477944
C0012,Sofía Soto,Home Office,Chile,Norte,Tarapacá,Iquique,ORD-2023-00162,2023-01-29,P0081,Papelería Smart 1,Oficina,Papelería,6,0.0,4922.76,1875.9,38.10667186700144
C0012,Sofía Soto,Home Office,Chile,Norte,Tarapacá,Iquique,ORD-2023-00162,2023-01-29,P0058,Mesas Nova 8,Muebles,Mesas,5,0.0,1175.35,271.75,23.120772535840388
C0012,Sofía Soto,Home Office,Chile,Norte,Tarapacá,Iquique,ORD-2023-00162,2023-01-29,P0104,Etiquetas Nova 4,Oficina,Etiquetas,4,0.15,2057.68,516.85,25.118094164301546
C0194,Gabriel Castillo,Corporativo,Chile,Sur,Los Lagos,Puerto Montt,ORD-2023-00163,2024-06-16,P0059,Mesas Smart 9,Muebles,Mesas,2,0.0,276.16,97.12,35.16801853997683
C0194,Gabriel Castillo,Corporativo,Chile,Sur,Los Lagos,Puerto Montt,ORD-2023-00163,2024-06-16,P0011,Teléfonos Plus 1,Tecnología,Teléfonos,2,0.0,1103.46,380.2,34.45525891287405
C0194,Gabriel Castillo,Corporativo,Chile,Sur,Los Lagos,Puerto Montt,ORD-2023-00163,2024-06-16,P0061,Libreros Plus 1,Muebles,Libreros,4,0.3,2451.01,773.29,31.549850877801394
C0287,Felipe Contreras,Consumidor,Chile,Norte,Coquimbo,La Serena,ORD-2023-00164,2024-06-15,P0094,Archivadores Pro 4,Oficina,Archivadores,7,0.0,1260.28,373.38,29.62674961119751
C0287,Felipe Contreras,Consumidor,Chile,Norte,Coquimbo,La Serena,ORD-2023-00164,2024-06-15,P0063,Libreros Smart 3,Muebles,Libreros,8,0.0,1995.84,522.48,26.17845117845118
C0287,Felipe Contreras,Consumidor,Chile,Norte,Coquimbo,La Serena,ORD-2023-00164,2024-06-15,P0089,Papelería Plus 9,Oficina,Papelería,4,0.3,983.14,60.39,6.142563622678357
C0287,Felipe Contreras,Consumidor,Chile,Norte,Coquimbo,La Serena,ORD-2023-00164,2024-06-15,P0072,Almacenamiento Nova 2,Muebles,Almacenamiento,6,0.0,4133.88,1565.28,37.86466951145171
C0057,Luis Fuentes,Consumidor,Chile,Sur,Los Lagos,Puerto Montt,ORD-2023-00165,2023-05-04,P0040,Periféricos Eco 10,Tecnología,Periféricos,6,0.1,4006.85,1460.06,36.43909804459862
C0057,Luis Fuentes,Consumidor,Chile,Sur,Los Lagos,Puerto Montt,ORD-2023-00165,2023-05-04,P0102,Etiquetas Pro 2,Oficina,Etiquetas,3,0.0,1286.07,467.22,36.32928223191584
C0057,Luis Fuentes,Consumidor,Chile,Sur,Los Lagos,Puerto Montt,ORD-2023-00165,2023-05-04,P0007,Accesorios Nova 7,Tecnología,Accesorios,5,0.1,1408.9,708.81,50.309461281851085
C0002,Valentina Muñoz,Home Office,Chile,Austral,Aysén,Coyhaique,ORD-2023-00166,2023-05-06,P0116,Sobres Flex 6,Oficina,Sobres,6,0.2,3716.11,815.02,21.93207413128244
C0002,Valentina Muñoz,Home Office,Chile,Austral,Aysén,Coyhaique,ORD-2023-00166,2023-05-06,P0098,Archivadores Nova 8,Oficina,Archivadores,3,0.3,491.21,-24.41,-4.969361372936219
C0002,Valentina Muñoz,Home Office,Chile,Austral,Aysén,Coyhaique,ORD-2023-00166,2023-05-06,P0020,Teléfonos Flex 10,Tecnología,Teléfonos,6,0.0,2966.34,1495.92,50.42982260968062
C0002,Valentina Muñoz,Home Office,Chile,Austral,Aysén,Coyhaique,ORD-2023-00166,2023-05-06,P0050,Sillas Nova 10,Muebles,Sillas,4,0.2,773.22,266.3,34.44039212643232
C0227,Diego Díaz,Consumidor,Chile,Sur,Los Ríos,Valdivia,ORD-2023-00167,2025-01-23,P0072,Almacenamiento Nova 2,Muebles,Almacenamiento,2,0.0,1377.96,521.76,37.86466951145171
C0227,Diego Díaz,Consumidor,Chile,Sur,Los Ríos,Valdivia,ORD-2023-00167,2025-01-23,P0073,Almacenamiento Eco 3,Muebles,Almacenamiento,4,0.3,489.33,8.95,1.8290315329123494
C0227,Diego Díaz,Consumidor,Chile,Sur,Los Ríos,Valdivia,ORD-2023-00167,2025-01-23,P0016,Teléfonos Pro 6,Tecnología,Teléfonos,3,0.0,2337.9,1189.8,50.89182599769023
C0126,Jorge Hernández,Home Office,Chile,Centro,Valparaíso,Valparaíso,ORD-2023-00168,2025-04-29,P0052,Mesas Nova 2,Muebles,Mesas,1,0.3,345.9,-53.26,-15.39751373229257
C0126,Jorge Hernández,Home Office,Chile,Centro,Valparaíso,Valparaíso,ORD-2023-00168,2025-04-29,P0044,Sillas Plus 4,Muebles,Sillas,7,0.0,5099.85,1963.01,38.491524260517465
C0126,Jorge Hernández,Home Office,Chile,Centro,Valparaíso,Valparaíso,ORD-2023-00168,2025-04-29,P0049,Sillas Smart 9,Muebles,Sillas,5,0.0,1445.6,385.85,26.691339236303268
C0278,Fernanda Castillo,Corporativo,Chile,Sur,Los Lagos,Puerto Montt,ORD-2023-00169,2023-06-22,P0087,Papelería Flex 7,Oficina,Papelería,3,0.0,2221.11,644.4,29.0125207666437
C0278,Fernanda Castillo,Corporativo,Chile,Sur,Los Lagos,Puerto Montt,ORD-2023-00169,2023-06-22,P0024,Computadores Nova 4,Tecnología,Computadores,1,0.0,807.35,404.48,50.09970892425838
C0278,Fernanda Castillo,Corporativo,Chile,Sur,Los Lagos,Puerto Montt,ORD-2023-00169,2023-06-22,P0041,Sillas Eco 1,Muebles,Sillas,3,0.2,370.85,54.56,14.71214776863961
C0278,Fernanda Castillo,Corporativo,Chile,Sur,Los Lagos,Puerto Montt,ORD-2023-00169,2023-06-22,P0049,Sillas Smart 9,Muebles,Sillas,2,0.0,578.24,154.34,26.691339236303264
C0253,Jorge Torres,Consumidor,Chile,Centro,Maule,Talca,ORD-2023-00170,2024-06-04,P0060,Mesas Smart 10,Muebles,Mesas,7,0.0,1108.03,453.11,40.893297112894054
C0253,Jorge Torres,Consumidor,Chile,Centro,Maule,Talca,ORD-2023-00170,2024-06-04,P0082,Papelería Eco 2,Oficina,Papelería,4,0.0,2363.44,1289.68,54.567917950106626
C0253,Jorge Torres,Consumidor,Chile,Centro,Maule,Talca,ORD-2023-00170,2024-06-04,P0032,Periféricos Eco 2,Tecnología,Periféricos,3,0.1,1953.69,428.42,21.92876044817755
C0043,Carlos Pérez,Corporativo,Chile,Austral,Magallanes,Punta Arenas,ORD-2023-00171,2024-10-13,P0069,Libreros Smart 9,Muebles,Libreros,7,0.3,3272.51,239.22,7.30998530180198
C0043,Carlos Pérez,Corporativo,Chile,Austral,Magallanes,Punta Arenas,ORD-2023-00171,2024-10-13,P0107,Etiquetas Pro 7,Oficina,Etiquetas,5,0.0,387.25,174.95,45.177533892834084
C0140,Ignacio López,Home Office,Chile,Centro,Maule,Talca,ORD-2023-00172,2024-09-04,P0075,Almacenamiento Plus 5,Muebles,Almacenamiento,5,0.0,2661.8,1306.55,49.08520550003757
C0140,Ignacio López,Home Office,Chile,Centro,Maule,Talca,ORD-2023-00172,2024-09-04,P0039,Periféricos Nova 9,Tecnología,Periféricos,2,0.2,379.38,-5.97,-1.573620117033054
C0285,Camila Flores,Corporativo,Chile,Sur,La Araucanía,Temuco,ORD-2023-00173,2023-10-14,P0097,Archivadores Smart 7,Oficina,Archivadores,8,0.1,1922.69,272.48,14.171811368447331
C0285,Camila Flores,Corporativo,Chile,Sur,La Araucanía,Temuco,ORD-2023-00173,2023-10-14,P0044,Sillas Plus 4,Muebles,Sillas,4,0.3,2039.94,86.95,4.262380266086257
C0285,Camila Flores,Corporativo,Chile,Sur,La Araucanía,Temuco,ORD-2023-00173,2023-10-14,P0003,Accesorios Plus 3,Tecnología,Accesorios,3,0.0,2604.78,549.48,21.095063690599588
C0005,Daniela Rodríguez,Consumidor,Chile,Austral,Magallanes,Punta Arenas,ORD-2023-00174,2024-11-19,P0069,Libreros Smart 9,Muebles,Libreros,1,0.3,467.5,-16.35,-3.497326203208556
C0193,Paula Fuentes,Corporativo,Chile,Centro,Valparaíso,Valparaíso,ORD-2023-00175,2025-04-27,P0048,Sillas Plus 8,Muebles,Sillas,4,0.3,1751.2,-40.58,-2.317268158976702
C0193,Paula Fuentes,Corporativo,Chile,Centro,Valparaíso,Valparaíso,ORD-2023-00175,2025-04-27,P0098,Archivadores Nova 8,Oficina,Archivadores,5,0.15,994.12,193.12,19.42622621011548
C0193,Paula Fuentes,Corporativo,Chile,Centro,Valparaíso,Valparaíso,ORD-2023-00175,2025-04-27,P0104,Etiquetas Nova 4,Oficina,Etiquetas,4,0.05,2299.76,706.51,30.721031759835803
C0193,Paula Fuentes,Corporativo,Chile,Centro,Valparaíso,Valparaíso,ORD-2023-00175,2025-04-27,P0005,Accesorios Flex 5,Tecnología,Accesorios,5,0.3,3120.84,150.38,4.818574486356237
C0004,Nicolás Silva,Corporativo,Chile,Sur,Los Lagos,Puerto Montt,ORD-2023-00176,2023-07-20,P0022,Computadores Pro 2,Tecnología,Computadores,4,0.0,1724.88,868.56,50.35480729094197
C0004,Nicolás Silva,Corporativo,Chile,Sur,Los Lagos,Puerto Montt,ORD-2023-00176,2023-07-20,P0096,Archivadores Pro 6,Oficina,Archivadores,2,0.0,1412.98,619.94,43.87464790725984
C0004,Nicolás Silva,Corporativo,Chile,Sur,Los Lagos,Puerto Montt,ORD-2023-00176,2023-07-20,P0113,Sobres Smart 3,Oficina,Sobres,5,0.05,2892.8,990.82,34.251244469026545
C0004,Nicolás Silva,Corporativo,Chile,Sur,Los Lagos,Puerto Montt,ORD-2023-00176,2023-07-20,P0089,Papelería Plus 9,Oficina,Papelería,5,0.3,1228.92,174.79,14.223057644110273
C0027,Carlos Díaz,Home Office,Chile,Sur,La Araucanía,Temuco,ORD-2023-00177,2023-11-27,P0064,Libreros Eco 4,Muebles,Libreros,6,0.0,903.06,213.96,23.692777888512392
C0027,Carlos Díaz,Home Office,Chile,Sur,La Araucanía,Temuco,ORD-2023-00177,2023-11-27,P0007,Accesorios Nova 7,Tecnología,Accesorios,5,0.2,1252.36,530.4,42.35203934970775
C0027,Carlos Díaz,Home Office,Chile,Sur,La Araucanía,Temuco,ORD-2023-00177,2023-11-27,P0001,Accesorios Flex 1,Tecnología,Accesorios,7,0.05,2964.84,1501.65,50.64860161087951
C0027,Carlos Díaz,Home Office,Chile,Sur,La Araucanía,Temuco,ORD-2023-00177,2023-11-27,P0095,Archivadores Plus 5,Oficina,Archivadores,4,0.2,1687.2,472.68,28.01564722617354
C0101,Ana Flores,Consumidor,Chile,Norte,Tarapacá,Iquique,ORD-2023-00178,2023-06-18,P0076,Almacenamiento Eco 6,Muebles,Almacenamiento,6,0.1,619.6,255.88,41.29761136216914
C0123,Felipe Díaz,Consumidor,Chile,Sur,Los Lagos,Puerto Montt,ORD-2023-00179,2023-12-15,P0098,Archivadores Nova 8,Oficina,Archivadores,2,0.3,327.47,-6.02,-1.8383363361529297
C0123,Felipe Díaz,Consumidor,Chile,Sur,Los Lagos,Puerto Montt,ORD-2023-00179,2023-12-15,P0008,Accesorios Plus 8,Tecnología,Accesorios,1,0.2,317.28,48.01,15.131744831064045
C0123,Felipe Díaz,Consumidor,Chile,Sur,Los Lagos,Puerto Montt,ORD-2023-00179,2023-12-15,P0101,Etiquetas Eco 1,Oficina,Etiquetas,3,0.0,1736.13,579.12,33.35694907639405
C0123,Felipe Díaz,Consumidor,Chile,Sur,Los Lagos,Puerto Montt,ORD-2023-00179,2023-12-15,P0039,Periféricos Nova 9,Tecnología,Periféricos,7,0.0,1659.77,337.4,20.32811775125469
C0287,Felipe Contreras,Consumidor,Chile,Norte,Coquimbo,La Serena,ORD-2023-00180,2023-02-23,P0059,Mesas Smart 9,Muebles,Mesas,7,0.3,676.59,15.72,2.323415953531681
C0174,Nicolás Martínez,Corporativo,Chile,Sur,Los Lagos,Puerto Montt,ORD-2023-00181,2024-10-28,P0014,Teléfonos Pro 4,Tecnología,Teléfonos,2,0.0,156.14,84.2,53.92596387857051
C0174,Nicolás Martínez,Corporativo,Chile,Sur,Los Lagos,Puerto Montt,ORD-2023-00181,2024-10-28,P0076,Almacenamiento Eco 6,Muebles,Almacenamiento,4,0.0,458.96,211.84,46.1565278019871
C0182,Benjamín Pérez,Home Office,Chile,Centro,O'Higgins,Rancagua,ORD-2023-00182,2024-03-07,P0008,Accesorios Plus 8,Tecnología,Accesorios,3,0.1,1070.82,241.23,22.527595674343026
C0160,Andrés Flores,Home Office,Chile,Sur,Los Ríos,Valdivia,ORD-2023-00183,2024-08-20,P0038,Periféricos Nova 8,Tecnología,Periféricos,6,0.0,2453.52,951.54,38.78264697251296
C0160,Andrés Flores,Home Office,Chile,Sur,Los Ríos,Valdivia,ORD-2023-00183,2024-08-20,P0008,Accesorios Plus 8,Tecnología,Accesorios,4,0.0,1586.4,485.64,30.61270801815431
C0160,Andrés Flores,Home Office,Chile,Sur,Los Ríos,Valdivia,ORD-2023-00183,2024-08-20,P0026,Computadores Plus 6,Tecnología,Computadores,4,0.0,1909.36,396.76,20.779737713160433
C0240,Sebastián Castillo,Consumidor,Chile,Centro,Metropolitana,Santiago,ORD-2023-00184,2024-09-06,P0014,Teléfonos Pro 4,Tecnología,Teléfonos,8,0.0,624.56,336.8,53.92596387857051
C0240,Sebastián Castillo,Consumidor,Chile,Centro,Metropolitana,Santiago,ORD-2023-00184,2024-09-06,P0082,Papelería Eco 2,Oficina,Papelería,4,0.05,2245.27,1173.09,52.24716849198538
C0123,Felipe Díaz,Consumidor,Chile,Sur,Los Lagos,Puerto Montt,ORD-2023-00185,2024-05-07,P0024,Computadores Nova 4,Tecnología,Computadores,1,0.15,686.25,307.12,44.75336976320583
C0123,Felipe Díaz,Consumidor,Chile,Sur,Los Lagos,Puerto Montt,ORD-2023-00185,2024-05-07,P0004,Accesorios Eco 4,Tecnología,Accesorios,2,0.0,56.24,16.62,29.551920341394027
C0123,Felipe Díaz,Consumidor,Chile,Sur,Los Lagos,Puerto Montt,ORD-2023-00185,2024-05-07,P0081,Papelería Smart 1,Oficina,Papelería,6,0.0,4922.76,1875.9,38.10667186700144
C0123,Felipe Díaz,Consumidor,Chile,Sur,Los Lagos,Puerto Montt,ORD-2023-00185,2024-05-07,P0026,Computadores Plus 6,Tecnología,Computadores,5,0.0,2386.7,495.95,20.779737713160433
C0090,Daniela Fuentes,Home Office,Chile,Centro,Maule,Talca,ORD-2023-00186,2023-12-14,P0117,Sobres Eco 7,Oficina,Sobres,2,0.0,1490.92,351.94,23.605558983714754
C0090,Daniela Fuentes,Home Office,Chile,Centro,Maule,Talca,ORD-2023-00186,2023-12-14,P0049,Sillas Smart 9,Muebles,Sillas,2,0.15,491.5,52.47,10.675483214649033
C0090,Daniela Fuentes,Home Office,Chile,Centro,Maule,Talca,ORD-2023-00186,2023-12-14,P0059,Mesas Smart 9,Muebles,Mesas,4,0.15,469.47,101.14,21.543442605491297
C0270,Ana Rojas,Corporativo,Chile,Norte,Tarapacá,Iquique,ORD-2023-00187,2025-03-29,P0113,Sobres Smart 3,Oficina,Sobres,3,0.05,1735.68,618.46,35.632144174041294
C0270,Ana Rojas,Corporativo,Chile,Norte,Tarapacá,Iquique,ORD-2023-00187,2025-03-29,P0089,Papelería Plus 9,Oficina,Papelería,6,0.15,1790.71,387.27,21.626617375231053
C0024,Catalina Muñoz,Consumidor,Chile,Norte,Coquimbo,La Serena,ORD-2023-00188,2025-02-20,P0042,Sillas Flex 2,Muebles,Sillas,4,0.0,2227.24,720.4,32.34496506887448
C0024,Catalina Muñoz,Consumidor,Chile,Norte,Coquimbo,La Serena,ORD-2023-00188,2025-02-20,P0112,Sobres Pro 2,Oficina,Sobres,3,0.3,952.66,321.52,33.74971133457897
C0241,Fernanda Sepúlveda,Corporativo,Chile,Sur,La Araucanía,Temuco,ORD-2023-00189,2025-03-20,P0064,Libreros Eco 4,Muebles,Libreros,8,0.0,1204.08,285.28,23.69277788851239
C0241,Fernanda Sepúlveda,Corporativo,Chile,Sur,La Araucanía,Temuco,ORD-2023-00189,2025-03-20,P0068,Libreros Pro 8,Muebles,Libreros,8,0.3,3575.21,270.33,7.561234165265816
C0241,Fernanda Sepúlveda,Corporativo,Chile,Sur,La Araucanía,Temuco,ORD-2023-00189,2025-03-20,P0082,Papelería Eco 2,Oficina,Papelería,1,0.05,561.32,296.19,52.76669279555334
C0232,Catalina López,Corporativo,Chile,Austral,Aysén,Coyhaique,ORD-2023-00190,2023-08-29,P0033,Periféricos Nova 3,Tecnología,Periféricos,2,0.0,1766.7,381.74,21.607516839304918
C0232,Catalina López,Corporativo,Chile,Austral,Aysén,Coyhaique,ORD-2023-00190,2023-08-29,P0057,Mesas Smart 7,Muebles,Mesas,6,0.05,2940.12,982.4,33.41360216589799
C0232,Catalina López,Corporativo,Chile,Austral,Aysén,Coyhaique,ORD-2023-00190,2023-08-29,P0066,Libreros Smart 6,Muebles,Libreros,6,0.2,1727.28,686.8,39.761937844472236
C0210,Diego López,Consumidor,Chile,Austral,Aysén,Coyhaique,ORD-2023-00191,2024-01-12,P0030,Computadores Flex 10,Tecnología,Computadores,5,0.0,3476.0,1876.1,53.972957422324505
C0210,Diego López,Consumidor,Chile,Austral,Aysén,Coyhaique,ORD-2023-00191,2024-01-12,P0038,Periféricos Nova 8,Tecnología,Periféricos,2,0.1,736.06,221.44,30.084503980653754
C0210,Diego López,Consumidor,Chile,Austral,Aysén,Coyhaique,ORD-2023-00191,2024-01-12,P0016,Teléfonos Pro 6,Tecnología,Teléfonos,2,0.15,1324.81,602.59,45.48501294525253
C0210,Diego López,Consumidor,Chile,Austral,Aysén,Coyhaique,ORD-2023-00191,2024-01-12,P0043,Sillas Smart 3,Muebles,Sillas,4,0.15,2395.64,815.39,34.03641615601676
C0098,Jorge Díaz,Home Office,Chile,Centro,Maule,Talca,ORD-2023-00192,2024-12-23,P0037,Periféricos Nova 7,Tecnología,Periféricos,6,0.2,1387.1,379.96,27.392401413019968
C0098,Jorge Díaz,Home Office,Chile,Centro,Maule,Talca,ORD-2023-00192,2024-12-23,P0061,Libreros Plus 1,Muebles,Libreros,3,0.2,2100.86,766.85,36.5017183439163
C0098,Jorge Díaz,Home Office,Chile,Centro,Maule,Talca,ORD-2023-00192,2024-12-23,P0030,Computadores Flex 10,Tecnología,Computadores,8,0.3,3893.12,1439.62,36.978567318757186
C0161,Carlos Hernández,Consumidor,Chile,Sur,Los Lagos,Puerto Montt,ORD-2023-00193,2023-07-12,P0110,Etiquetas Nova 10,Oficina,Etiquetas,1,0.15,51.27,17.64,34.40608543007607
C0161,Carlos Hernández,Consumidor,Chile,Sur,Los Lagos,Puerto Montt,ORD-2023-00193,2023-07-12,P0040,Periféricos Eco 10,Tecnología,Periféricos,1,0.3,519.41,61.19,11.780674226526251
C0161,Carlos Hernández,Consumidor,Chile,Sur,Los Lagos,Puerto Montt,ORD-2023-00193,2023-07-12,P0044,Sillas Plus 4,Muebles,Sillas,4,0.2,2331.36,556.2,23.857319332921556
C0161,Carlos Hernández,Consumidor,Chile,Sur,Los Lagos,Puerto Montt,ORD-2023-00193,2023-07-12,P0098,Archivadores Nova 8,Oficina,Archivadores,5,0.15,994.12,165.37,16.63481269866817
C0072,Sofía Pérez,Consumidor,Chile,Centro,Maule,Talca,ORD-2023-00194,2023-06-07,P0051,Mesas Smart 1,Muebles,Mesas,2,0.2,151.81,39.3,25.88762268625255
C0072,Sofía Pérez,Consumidor,Chile,Centro,Maule,Talca,ORD-2023-00194,2023-06-07,P0043,Sillas Smart 3,Muebles,Sillas,8,0.1,5073.12,1919.79,37.84239284700539
C0284,Sebastián Contreras,Corporativo,Chile,Austral,Aysén,Coyhaique,ORD-2023-00195,2023-07-01,P0009,Accesorios Flex 9,Tecnología,Accesorios,7,0.1,5435.51,2298.67,42.28986792407704
C0284,Sebastián Contreras,Corporativo,Chile,Austral,Aysén,Coyhaique,ORD-2023-00195,2023-07-01,P0085,Papelería Smart 5,Oficina,Papelería,2,0.3,1041.61,38.66,3.7115619089678473
C0088,Benjamín Fuentes,Corporativo,Chile,Centro,O'Higgins,Rancagua,ORD-2023-00196,2023-12-01,P0062,Libreros Plus 2,Muebles,Libreros,2,0.2,745.09,240.24,32.24308472801943
C0088,Benjamín Fuentes,Corporativo,Chile,Centro,O'Higgins,Rancagua,ORD-2023-00196,2023-12-01,P0017,Teléfonos Plus 7,Tecnología,Teléfonos,4,0.1,921.06,270.32,29.348793781078324
C0088,Benjamín Fuentes,Corporativo,Chile,Centro,O'Higgins,Rancagua,ORD-2023-00196,2023-12-01,P0021,Computadores Plus 1,Tecnología,Computadores,5,0.05,3773.4,1566.15,41.505008745428526
C0088,Benjamín Fuentes,Corporativo,Chile,Centro,O'Higgins,Rancagua,ORD-2023-00196,2023-12-01,P0036,Periféricos Nova 6,Tecnología,Periféricos,4,0.0,3508.8,1825.56,52.02804377564979
C0033,Ana López,Corporativo,Chile,Norte,Tarapacá,Iquique,ORD-2023-00197,2025-04-24,P0059,Mesas Smart 9,Muebles,Mesas,8,0.0,1104.64,388.48,35.16801853997683
C0033,Ana López,Corporativo,Chile,Norte,Tarapacá,Iquique,ORD-2023-00197,2025-04-24,P0083,Papelería Pro 3,Oficina,Papelería,8,0.15,359.65,68.89,19.154733768942027
C0033,Ana López,Corporativo,Chile,Norte,Tarapacá,Iquique,ORD-2023-00197,2025-04-24,P0051,Mesas Smart 1,Muebles,Mesas,3,0.2,227.71,57.56,25.277765579025953
C0033,Ana López,Corporativo,Chile,Norte,Tarapacá,Iquique,ORD-2023-00197,2025-04-24,P0050,Sillas Nova 10,Muebles,Sillas,3,0.0,724.89,335.37,46.264950544220504
C0123,Felipe Díaz,Consumidor,Chile,Sur,Los Lagos,Puerto Montt,ORD-2023-00198,2023-06-11,P0117,Sobres Eco 7,Oficina,Sobres,8,0.2,4770.94,-19.89,-0.4168989758831594
C0123,Felipe Díaz,Consumidor,Chile,Sur,Los Lagos,Puerto Montt,ORD-2023-00198,2023-06-11,P0048,Sillas Plus 8,Muebles,Sillas,2,0.0,1250.86,281.32,22.490126792766578
C0210,Diego López,Consumidor,Chile,Austral,Aysén,Coyhaique,ORD-2023-00199,2024-04-06,P0049,Sillas Smart 9,Muebles,Sillas,6,0.2,1387.78,66.7,4.806237299860209
C0210,Diego López,Consumidor,Chile,Austral,Aysén,Coyhaique,ORD-2023-00199,2024-04-06,P0005,Accesorios Flex 5,Tecnología,Accesorios,1,0.1,802.5,265.44,33.07663551401869
C0210,Diego López,Consumidor,Chile,Austral,Aysén,Coyhaique,ORD-2023-00199,2024-04-06,P0042,Sillas Flex 2,Muebles,Sillas,8,0.3,3118.14,125.11,4.012327862122932
C0210,Diego López,Consumidor,Chile,Austral,Aysén,Coyhaique,ORD-2023-00199,2024-04-06,P0071,Almacenamiento Flex 1,Muebles,Almacenamiento,4,0.3,2487.86,-68.68,-2.760605500309503
C0083,Sofía Torres,Home Office,Chile,Centro,Maule,Talca,ORD-2023-00200,2023-06-24,P0022,Computadores Pro 2,Tecnología,Computadores,2,0.0,862.44,434.28,50.35480729094197
C0083,Sofía Torres,Home Office,Chile,Centro,Maule,Talca,ORD-2023-00200,2023-06-24,P0057,Mesas Smart 7,Muebles,Mesas,6,0.0,3094.86,1142.34,36.9108780364863
C0083,Sofía Torres,Home Office,Chile,Centro,Maule,Talca,ORD-2023-00200,2023-06-24,P0115,Sobres Pro 5,Oficina,Sobres,4,0.3,369.24,11.86,3.212003033257502
C0083,Sofía Torres,Home Office,Chile,Centro,Maule,Talca,ORD-2023-00200,2023-06-24,P0050,Sillas Nova 10,Muebles,Sillas,5,0.3,845.71,261.39,30.907757978503263
C0025,Jorge Martínez,Home Office,Chile,Centro,Valparaíso,Valparaíso,ORD-2023-00201,2025-03-01,P0012,Teléfonos Flex 2,Tecnología,Teléfonos,1,0.2,270.78,114.51,42.28894305340129
C0025,Jorge Martínez,Home Office,Chile,Centro,Valparaíso,Valparaíso,ORD-2023-00201,2025-03-01,P0044,Sillas Plus 4,Muebles,Sillas,4,0.0,2914.2,1121.72,38.491524260517465
C0086,Josefa Silva,Consumidor,Chile,Sur,La Araucanía,Temuco,ORD-2023-00202,2025-01-11,P0080,Almacenamiento Plus 10,Muebles,Almacenamiento,4,0.2,2531.55,893.48,35.29379234066086
C0086,Josefa Silva,Consumidor,Chile,Sur,La Araucanía,Temuco,ORD-2023-00202,2025-01-11,P0030,Computadores Flex 10,Tecnología,Computadores,4,0.0,2780.8,1500.88,53.972957422324505
C0008,Jorge Muñoz,Corporativo,Chile,Centro,Maule,Talca,ORD-2023-00203,2024-02-16,P0084,Papelería Flex 4,Oficina,Papelería,6,0.0,4416.72,2307.36,52.241482367005375
C0008,Jorge Muñoz,Corporativo,Chile,Centro,Maule,Talca,ORD-2023-00203,2024-02-16,P0053,Mesas Eco 3,Muebles,Mesas,5,0.3,1297.48,-3.52,-0.27129512593643057
C0008,Jorge Muñoz,Corporativo,Chile,Centro,Maule,Talca,ORD-2023-00203,2024-02-16,P0092,Archivadores Nova 2,Oficina,Archivadores,3,0.1,1664.06,703.32,42.26530293378845
C0199,Javiera Torres,Corporativo,Chile,Sur,Los Lagos,Puerto Montt,ORD-2023-00204,2024-11-25,P0009,Accesorios Flex 9,Tecnología,Accesorios,6,0.0,5176.68,2427.06,46.88448967291777
C0199,Javiera Torres,Corporativo,Chile,Sur,Los Lagos,Puerto Montt,ORD-2023-00204,2024-11-25,P0049,Sillas Smart 9,Muebles,Sillas,4,0.0,1156.48,308.68,26.691339236303264
C0199,Javiera Torres,Corporativo,Chile,Sur,Los Lagos,Puerto Montt,ORD-2023-00204,2024-11-25,P0040,Periféricos Eco 10,Tecnología,Periféricos,4,0.2,2374.43,591.03,24.891447631642123
C0199,Javiera Torres,Corporativo,Chile,Sur,Los Lagos,Puerto Montt,ORD-2023-00204,2024-11-25,P0008,Accesorios Plus 8,Tecnología,Accesorios,3,0.15,1011.33,185.85,18.376790958440864
C0078,Ignacio Flores,Consumidor,Chile,Austral,Magallanes,Punta Arenas,ORD-2023-00205,2024-01-20,P0018,Teléfonos Flex 8,Tecnología,Teléfonos,5,0.15,2916.69,530.82,18.199397261964762
C0078,Ignacio Flores,Consumidor,Chile,Austral,Magallanes,Punta Arenas,ORD-2023-00205,2024-01-20,P0067,Libreros Pro 7,Muebles,Libreros,7,0.1,1088.45,313.12,28.767513436538195
C0078,Ignacio Flores,Consumidor,Chile,Austral,Magallanes,Punta Arenas,ORD-2023-00205,2024-01-20,P0109,Etiquetas Smart 9,Oficina,Etiquetas,6,0.15,3895.33,610.28,15.666965314877046
C0128,Constanza González,Corporativo,Chile,Sur,La Araucanía,Temuco,ORD-2023-00206,2025-03-31,P0024,Computadores Nova 4,Tecnología,Computadores,8,0.0,6458.8,3235.84,50.09970892425838
C0128,Constanza González,Corporativo,Chile,Sur,La Araucanía,Temuco,ORD-2023-00206,2025-03-31,P0009,Accesorios Flex 9,Tecnología,Accesorios,4,0.0,3451.12,1618.04,46.88448967291778
C0128,Constanza González,Corporativo,Chile,Sur,La Araucanía,Temuco,ORD-2023-00206,2025-03-31,P0027,Computadores Flex 7,Tecnología,Computadores,3,0.0,119.04,62.94,52.87298387096774
C0121,Sebastián Muñoz,Consumidor,Chile,Austral,Aysén,Coyhaique,ORD-2023-00207,2024-06-03,P0023,Computadores Pro 3,Tecnología,Computadores,4,0.1,2856.13,1303.02,45.621872953962175
C0121,Sebastián Muñoz,Consumidor,Chile,Austral,Aysén,Coyhaique,ORD-2023-00207,2024-06-03,P0082,Papelería Eco 2,Oficina,Papelería,4,0.1,2127.1,1019.07,47.908890038080024
C0121,Sebastián Muñoz,Consumidor,Chile,Austral,Aysén,Coyhaique,ORD-2023-00207,2024-06-03,P0011,Teléfonos Plus 1,Tecnología,Teléfonos,6,0.2,2648.3,510.91,19.291998640637388
C0121,Sebastián Muñoz,Consumidor,Chile,Austral,Aysén,Coyhaique,ORD-2023-00207,2024-06-03,P0057,Mesas Smart 7,Muebles,Mesas,7,0.2,2888.54,535.4,18.535315418862123
C0011,Paula Rodríguez,Consumidor,Chile,Norte,Coquimbo,La Serena,ORD-2023-00208,2025-02-19,P0071,Almacenamiento Flex 1,Muebles,Almacenamiento,3,0.1,2399.0,379.28,15.80992080033347
C0011,Paula Rodríguez,Consumidor,Chile,Norte,Coquimbo,La Serena,ORD-2023-00208,2025-02-19,P0059,Mesas Smart 9,Muebles,Mesas,5,0.2,552.32,101.29,18.339006373117034
C0037,Carlos Espinoza,Consumidor,Chile,Austral,Aysén,Coyhaique,ORD-2023-00209,2023-12-08,P0111,Sobres Flex 1,Oficina,Sobres,6,0.3,2162.41,400.43,18.517764901198202
C0203,Ignacio Araya,Corporativo,Chile,Centro,Valparaíso,Valparaíso,ORD-2023-00210,2025-01-30,P0118,Sobres Nova 8,Oficina,Sobres,2,0.2,371.28,22.0,5.92544710191769
C0100,Diego Díaz,Consumidor,Chile,Sur,Biobío,Concepción,ORD-2023-00211,2025-02-20,P0082,Papelería Eco 2,Oficina,Papelería,6,0.0,3545.16,1934.52,54.567917950106626
C0100,Diego Díaz,Consumidor,Chile,Sur,Biobío,Concepción,ORD-2023-00211,2025-02-20,P0095,Archivadores Plus 5,Oficina,Archivadores,4,0.05,2003.55,867.21,43.28367148311747
C0100,Diego Díaz,Consumidor,Chile,Sur,Biobío,Concepción,ORD-2023-00211,2025-02-20,P0081,Papelería Smart 1,Oficina,Papelería,1,0.0,820.46,312.65,38.10667186700144
C0100,Diego Díaz,Consumidor,Chile,Sur,Biobío,Concepción,ORD-2023-00211,2025-02-20,P0088,Papelería Eco 8,Oficina,Papelería,3,0.1,1878.77,631.31,33.60230363482491
C0007,Daniela López,Corporativo,Chile,Sur,Los Ríos,Valdivia,ORD-2023-00212,2023-04-30,P0113,Sobres Smart 3,Oficina,Sobres,7,0.0,4263.07,1629.95,38.23418334674308
C0007,Daniela López,Corporativo,Chile,Sur,Los Ríos,Valdivia,ORD-2023-00212,2023-04-30,P0089,Papelería Plus 9,Oficina,Papelería,5,0.2,1404.48,233.34,16.613978127136022
C0046,Fernanda Pérez,Home Office,Chile,Sur,La Araucanía,Temuco,ORD-2023-00213,2023-04-22,P0120,Sobres Plus 10,Oficina,Sobres,7,0.1,4449.5,1487.55,33.431846274862345
C0046,Fernanda Pérez,Home Office,Chile,Sur,La Araucanía,Temuco,ORD-2023-00213,2023-04-22,P0105,Etiquetas Pro 5,Oficina,Etiquetas,8,0.0,2075.84,1090.96,52.55511022044088
C0269,Javiera Soto,Corporativo,Chile,Sur,Los Ríos,Valdivia,ORD-2023-00214,2024-03-02,P0026,Computadores Plus 6,Tecnología,Computadores,8,0.0,3818.72,793.52,20.779737713160433
C0269,Javiera Soto,Corporativo,Chile,Sur,Los Ríos,Valdivia,ORD-2023-00214,2024-03-02,P0058,Mesas Nova 8,Muebles,Mesas,4,0.0,940.28,217.4,23.120772535840388
C0099,Pedro Contreras,Consumidor,Chile,Centro,Metropolitana,Santiago,ORD-2023-00215,2023-09-23,P0011,Teléfonos Plus 1,Tecnología,Teléfonos,7,0.0,3862.11,1330.7,34.45525891287405
C0099,Pedro Contreras,Consumidor,Chile,Centro,Metropolitana,Santiago,ORD-2023-00215,2023-09-23,P0004,Accesorios Eco 4,Tecnología,Accesorios,4,0.3,78.74,-0.3,-0.38100076200152405
C0099,Pedro Contreras,Consumidor,Chile,Centro,Metropolitana,Santiago,ORD-2023-00215,2023-09-23,P0002,Accesorios Smart 2,Tecnología,Accesorios,1,0.1,9.05,3.03,33.48066298342541
C0299,Catalina Flores,Home Office,Chile,Norte,Tarapacá,Iquique,ORD-2023-00216,2025-03-19,P0097,Archivadores Smart 7,Oficina,Archivadores,6,0.2,1281.79,48.8,3.807175902448919
C0299,Catalina Flores,Home Office,Chile,Norte,Tarapacá,Iquique,ORD-2023-00216,2025-03-19,P0041,Sillas Eco 1,Muebles,Sillas,4,0.15,525.37,116.97,22.264308963206883
C0299,Catalina Flores,Home Office,Chile,Norte,Tarapacá,Iquique,ORD-2023-00216,2025-03-19,P0079,Almacenamiento Nova 9,Muebles,Almacenamiento,1,0.15,41.54,4.55,10.953298025999036
C0299,Catalina Flores,Home Office,Chile,Norte,Tarapacá,Iquique,ORD-2023-00216,2025-03-19,P0001,Accesorios Flex 1,Tecnología,Accesorios,8,0.2,2853.38,1105.11,38.72985722196132
C0014,Isidora Flores,Corporativo,Chile,Norte,Antofagasta,Antofagasta,ORD-2023-00217,2024-09-08,P0080,Almacenamiento Plus 10,Muebles,Almacenamiento,8,0.2,5063.1,1928.06,38.080622543501015
C0014,Isidora Flores,Corporativo,Chile,Norte,Antofagasta,Antofagasta,ORD-2023-00217,2024-09-08,P0082,Papelería Eco 2,Oficina,Papelería,6,0.0,3545.16,1934.52,54.567917950106626
C0014,Isidora Flores,Corporativo,Chile,Norte,Antofagasta,Antofagasta,ORD-2023-00217,2024-09-08,P0104,Etiquetas Nova 4,Oficina,Etiquetas,6,0.3,2541.84,302.94,11.918138041733545
C0014,Isidora Flores,Corporativo,Chile,Norte,Antofagasta,Antofagasta,ORD-2023-00217,2024-09-08,P0052,Mesas Nova 2,Muebles,Mesas,2,0.15,840.05,88.93,10.586274626510328
C0052,Jorge Contreras,Corporativo,Chile,Sur,La Araucanía,Temuco,ORD-2023-00218,2025-01-21,P0102,Etiquetas Pro 2,Oficina,Etiquetas,2,0.1,771.64,214.34,27.77720180395003
C0052,Jorge Contreras,Corporativo,Chile,Sur,La Araucanía,Temuco,ORD-2023-00218,2025-01-21,P0022,Computadores Pro 2,Tecnología,Computadores,8,0.0,3449.76,1737.12,50.35480729094197
C0052,Jorge Contreras,Corporativo,Chile,Sur,La Araucanía,Temuco,ORD-2023-00218,2025-01-21,P0032,Periféricos Eco 2,Tecnología,Periféricos,4,0.0,2894.36,868.56,30.008706587984907
C0052,Jorge Contreras,Corporativo,Chile,Sur,La Araucanía,Temuco,ORD-2023-00218,2025-01-21,P0014,Teléfonos Pro 4,Tecnología,Teléfonos,7,0.0,546.49,294.7,53.92596387857051
C0197,Antonia Contreras,Corporativo,Chile,Centro,Metropolitana,Santiago,ORD-2023-00219,2025-02-23,P0119,Sobres Plus 9,Oficina,Sobres,8,0.0,4961.92,2180.4,43.94266735457242
C0197,Antonia Contreras,Corporativo,Chile,Centro,Metropolitana,Santiago,ORD-2023-00219,2025-02-23,P0112,Sobres Pro 2,Oficina,Sobres,4,0.0,1814.6,909.76,50.13556706712223
C0196,Fernanda Silva,Corporativo,Chile,Centro,Valparaíso,Valparaíso,ORD-2023-00220,2024-10-31,P0029,Computadores Eco 9,Tecnología,Computadores,5,0.0,1405.6,408.2,29.04097894137735
C0196,Fernanda Silva,Corporativo,Chile,Centro,Valparaíso,Valparaíso,ORD-2023-00220,2024-10-31,P0012,Teléfonos Flex 2,Tecnología,Teléfonos,6,0.05,1929.34,905.04,46.909305772958625
C0294,Fernanda Torres,Consumidor,Chile,Sur,Los Ríos,Valdivia,ORD-2023-00221,2024-01-12,P0076,Almacenamiento Eco 6,Muebles,Almacenamiento,4,0.2,367.17,102.43,27.897159353977724
C0187,Carlos Rodríguez,Corporativo,Chile,Centro,O'Higgins,Rancagua,ORD-2023-00222,2025-03-27,P0002,Accesorios Smart 2,Tecnología,Accesorios,8,0.15,68.41,22.76,33.26998976757785
C0187,Carlos Rodríguez,Corporativo,Chile,Centro,O'Higgins,Rancagua,ORD-2023-00222,2025-03-27,P0108,Etiquetas Flex 8,Oficina,Etiquetas,4,0.3,1374.66,-237.91,-17.306824960353833
C0187,Carlos Rodríguez,Corporativo,Chile,Centro,O'Higgins,Rancagua,ORD-2023-00222,2025-03-27,P0077,Almacenamiento Nova 7,Muebles,Almacenamiento,5,0.0,547.45,279.25,51.00922458672025
C0187,Carlos Rodríguez,Corporativo,Chile,Centro,O'Higgins,Rancagua,ORD-2023-00222,2025-03-27,P0041,Sillas Eco 1,Muebles,Sillas,5,0.0,772.6,269.75,34.914574165156615
C0111,Carlos Flores,Consumidor,Chile,Sur,Biobío,Concepción,ORD-2023-00223,2024-05-21,P0109,Etiquetas Smart 9,Oficina,Etiquetas,4,0.0,3055.16,817.88,26.770447374278273
C0111,Carlos Flores,Consumidor,Chile,Sur,Biobío,Concepción,ORD-2023-00223,2024-05-21,P0110,Etiquetas Nova 10,Oficina,Etiquetas,8,0.2,386.05,114.28,29.602383110995984
C0012,Sofía Soto,Home Office,Chile,Norte,Tarapacá,Iquique,ORD-2023-00224,2024-07-15,P0068,Libreros Pro 8,Muebles,Libreros,5,0.1,2872.93,772.26,26.880571402714303
C0281,Benjamín González,Home Office,Chile,Centro,Maule,Talca,ORD-2023-00225,2024-02-08,P0074,Almacenamiento Smart 4,Muebles,Almacenamiento,3,0.3,866.27,54.92,6.339824765950571
C0281,Benjamín González,Home Office,Chile,Centro,Maule,Talca,ORD-2023-00225,2024-02-08,P0115,Sobres Pro 5,Oficina,Sobres,3,0.05,375.83,119.37,31.761700768964694
C0005,Daniela Rodríguez,Consumidor,Chile,Austral,Magallanes,Punta Arenas,ORD-2023-00226,2024-01-06,P0087,Papelería Flex 7,Oficina,Papelería,3,0.0,2221.11,644.4,29.0125207666437
C0005,Daniela Rodríguez,Consumidor,Chile,Austral,Magallanes,Punta Arenas,ORD-2023-00226,2024-01-06,P0023,Computadores Pro 3,Tecnología,Computadores,1,0.0,793.37,398.28,50.20104112835121
C0005,Daniela Rodríguez,Consumidor,Chile,Austral,Magallanes,Punta Arenas,ORD-2023-00226,2024-01-06,P0076,Almacenamiento Eco 6,Muebles,Almacenamiento,7,0.0,803.18,370.72,46.15652780198711
C0005,Daniela Rodríguez,Consumidor,Chile,Austral,Magallanes,Punta Arenas,ORD-2023-00226,2024-01-06,P0032,Periféricos Eco 2,Tecnología,Periféricos,1,0.0,723.59,217.14,30.008706587984907
C0155,Constanza Hernández,Home Office,Chile,Sur,Biobío,Concepción,ORD-2023-00227,2024-12-05,P0100,Archivadores Smart 10,Oficina,Archivadores,8,0.2,336.77,37.86,11.242094010749176
C0189,Camila Sepúlveda,Consumidor,Chile,Centro,Maule,Talca,ORD-2023-00228,2023-01-12,P0036,Periféricos Nova 6,Tecnología,Periféricos,2,0.0,1754.4,912.78,52.02804377564979
C0189,Camila Sepúlveda,Consumidor,Chile,Centro,Maule,Talca,ORD-2023-00228,2023-01-12,P0039,Periféricos Nova 9,Tecnología,Periféricos,3,0.0,711.33,144.6,20.32811775125469
C0189,Camila Sepúlveda,Consumidor,Chile,Centro,Maule,Talca,ORD-2023-00228,2023-01-12,P0052,Mesas Nova 2,Muebles,Mesas,1,0.2,395.32,15.4,3.8955782657087927
C0189,Camila Sepúlveda,Consumidor,Chile,Centro,Maule,Talca,ORD-2023-00228,2023-01-12,P0009,Accesorios Flex 9,Tecnología,Accesorios,2,0.05,1639.28,706.67,43.10855985554633
C0093,Valentina Castillo,Home Office,Chile,Norte,Antofagasta,Antofagasta,ORD-2023-00229,2024-09-05,P0074,Almacenamiento Smart 4,Muebles,Almacenamiento,4,0.0,1650.04,607.04,36.78941116578992
C0093,Valentina Castillo,Home Office,Chile,Norte,Antofagasta,Antofagasta,ORD-2023-00229,2024-09-05,P0109,Etiquetas Smart 9,Oficina,Etiquetas,1,0.0,763.79,204.47,26.770447374278273
C0187,Carlos Rodríguez,Corporativo,Chile,Centro,O'Higgins,Rancagua,ORD-2023-00230,2024-07-11,P0085,Papelería Smart 5,Oficina,Papelería,8,0.0,5952.08,1624.16,27.287267644252093
C0187,Carlos Rodríguez,Corporativo,Chile,Centro,O'Higgins,Rancagua,ORD-2023-00230,2024-07-11,P0067,Libreros Pro 7,Muebles,Libreros,6,0.05,984.79,326.71,33.17560088952975
C0187,Carlos Rodríguez,Corporativo,Chile,Centro,O'Higgins,Rancagua,ORD-2023-00230,2024-07-11,P0031,Periféricos Smart 1,Tecnología,Periféricos,1,0.05,220.95,109.58,49.5949309798597
C0069,Constanza Flores,Corporativo,Chile,Norte,Antofagasta,Antofagasta,ORD-2023-00231,2024-09-08,P0034,Periféricos Flex 4,Tecnología,Periféricos,7,0.0,2937.76,1007.37,34.29041174227983
C0069,Constanza Flores,Corporativo,Chile,Norte,Antofagasta,Antofagasta,ORD-2023-00231,2024-09-08,P0033,Periféricos Nova 3,Tecnología,Periféricos,7,0.0,6183.45,1336.09,21.607516839304918
C0069,Constanza Flores,Corporativo,Chile,Norte,Antofagasta,Antofagasta,ORD-2023-00231,2024-09-08,P0081,Papelería Smart 1,Oficina,Papelería,5,0.05,3897.18,1340.54,34.39769269061219
C0215,Sofía Castillo,Corporativo,Chile,Norte,Coquimbo,La Serena,ORD-2023-00232,2025-04-21,P0016,Teléfonos Pro 6,Tecnología,Teléfonos,2,0.2,1246.88,535.6,42.95521621968433
C0215,Sofía Castillo,Corporativo,Chile,Norte,Coquimbo,La Serena,ORD-2023-00232,2025-04-21,P0047,Sillas Plus 7,Muebles,Sillas,6,0.1,3768.28,702.89,18.652807116244013
C0215,Sofía Castillo,Corporativo,Chile,Norte,Coquimbo,La Serena,ORD-2023-00232,2025-04-21,P0036,Periféricos Nova 6,Tecnología,Periféricos,1,0.0,877.2,456.39,52.02804377564979
C0194,Gabriel Castillo,Corporativo,Chile,Sur,Los Lagos,Puerto Montt,ORD-2023-00233,2023-04-18,P0013,Teléfonos Nova 3,Tecnología,Teléfonos,6,0.1,1543.64,497.55,32.232256225544816
C0194,Gabriel Castillo,Corporativo,Chile,Sur,Los Lagos,Puerto Montt,ORD-2023-00233,2023-04-18,P0115,Sobres Pro 5,Oficina,Sobres,1,0.0,131.87,45.64,34.60984302722378
C0194,Gabriel Castillo,Corporativo,Chile,Sur,Los Lagos,Puerto Montt,ORD-2023-00233,2023-04-18,P0024,Computadores Nova 4,Tecnología,Computadores,6,0.2,3875.28,1467.03,37.85610330092277
C0194,Gabriel Castillo,Corporativo,Chile,Sur,Los Lagos,Puerto Montt,ORD-2023-00233,2023-04-18,P0034,Periféricos Flex 4,Tecnología,Periféricos,1,0.0,419.68,143.91,34.29041174227983
C0194,Gabriel Castillo,Corporativo,Chile,Sur,Los Lagos,Puerto Montt,ORD-2023-00234,2024-08-04,P0091,Archivadores Flex 1,Oficina,Archivadores,8,0.0,4122.32,1304.72,31.650138756816553
C0194,Gabriel Castillo,Corporativo,Chile,Sur,Los Lagos,Puerto Montt,ORD-2023-00234,2024-08-04,P0103,Etiquetas Nova 3,Oficina,Etiquetas,8,0.1,3877.92,1167.52,30.106861410240544
C0194,Gabriel Castillo,Corporativo,Chile,Sur,Los Lagos,Puerto Montt,ORD-2023-00234,2024-08-04,P0067,Libreros Pro 7,Muebles,Libreros,4,0.1,621.97,182.1,29.277939450455808
C0194,Gabriel Castillo,Corporativo,Chile,Sur,Los Lagos,Puerto Montt,ORD-2023-00234,2024-08-04,P0040,Periféricos Eco 10,Tecnología,Periféricos,7,0.15,4414.96,1293.31,29.293810136445174
C0040,Fernanda Rojas,Consumidor,Chile,Sur,Los Ríos,Valdivia,ORD-2023-00235,2025-01-17,P0071,Almacenamiento Flex 1,Muebles,Almacenamiento,8,0.0,7108.16,1688.24,23.750731553594743
C0040,Fernanda Rojas,Consumidor,Chile,Sur,Los Ríos,Valdivia,ORD-2023-00235,2025-01-17,P0087,Papelería Flex 7,Oficina,Papelería,3,0.3,1554.78,-21.35,-1.3731846306229822
C0040,Fernanda Rojas,Consumidor,Chile,Sur,Los Ríos,Valdivia,ORD-2023-00235,2025-01-17,P0052,Mesas Nova 2,Muebles,Mesas,1,0.05,469.44,87.68,18.677573278800274
C0218,Andrés Espinoza,Corporativo,Chile,Centro,Maule,Talca,ORD-2023-00236,2024-12-20,P0022,Computadores Pro 2,Tecnología,Computadores,4,0.0,1724.88,868.56,50.35480729094197
C0218,Andrés Espinoza,Corporativo,Chile,Centro,Maule,Talca,ORD-2023-00236,2024-12-20,P0066,Libreros Smart 6,Muebles,Libreros,6,0.0,2159.1,1110.18,51.41864665832987
C0218,Andrés Espinoza,Corporativo,Chile,Centro,Maule,Talca,ORD-2023-00236,2024-12-20,P0048,Sillas Plus 8,Muebles,Sillas,2,0.15,1063.23,62.62,5.88960055679392
C0218,Andrés Espinoza,Corporativo,Chile,Centro,Maule,Talca,ORD-2023-00236,2024-12-20,P0107,Etiquetas Pro 7,Oficina,Etiquetas,2,0.1,139.41,55.73,39.97561150563087
C0136,María Silva,Home Office,Chile,Centro,O'Higgins,Rancagua,ORD-2023-00237,2023-08-07,P0120,Sobres Plus 10,Oficina,Sobres,8,0.3,3955.11,758.5,19.177721984976397
C0236,Fernanda Sepúlveda,Home Office,Chile,Centro,Maule,Talca,ORD-2023-00238,2023-12-03,P0002,Accesorios Smart 2,Tecnología,Accesorios,2,0.2,16.1,4.27,26.521739130434778
C0236,Fernanda Sepúlveda,Home Office,Chile,Centro,Maule,Talca,ORD-2023-00238,2023-12-03,P0068,Libreros Pro 8,Muebles,Libreros,3,0.2,1532.23,344.51,22.484222342598695
C0236,Fernanda Sepúlveda,Home Office,Chile,Centro,Maule,Talca,ORD-2023-00238,2023-12-03,P0001,Accesorios Flex 1,Tecnología,Accesorios,3,0.1,1203.77,586.92,48.756822316555485
C0192,Luis Fuentes,Consumidor,Chile,Norte,Tarapacá,Iquique,ORD-2023-00239,2023-11-03,P0085,Papelería Smart 5,Oficina,Papelería,8,0.0,5952.08,1624.16,27.287267644252093
C0192,Luis Fuentes,Consumidor,Chile,Norte,Tarapacá,Iquique,ORD-2023-00239,2023-11-03,P0001,Accesorios Flex 1,Tecnología,Accesorios,6,0.05,2541.29,1299.12,51.120493922377996
C0192,Luis Fuentes,Consumidor,Chile,Norte,Tarapacá,Iquique,ORD-2023-00239,2023-11-03,P0006,Accesorios Nova 6,Tecnología,Accesorios,3,0.2,2086.27,536.32,25.70712323908219
C0192,Luis Fuentes,Consumidor,Chile,Norte,Tarapacá,Iquique,ORD-2023-00239,2023-11-03,P0116,Sobres Flex 6,Oficina,Sobres,1,0.0,774.19,289.14,37.34742117568038
C0137,Javiera Díaz,Corporativo,Chile,Sur,Los Ríos,Valdivia,ORD-2023-00240,2023-05-02,P0065,Libreros Pro 5,Muebles,Libreros,7,0.0,3001.53,1511.86,50.369644814477944
C0137,Javiera Díaz,Corporativo,Chile,Sur,Los Ríos,Valdivia,ORD-2023-00240,2023-05-02,P0102,Etiquetas Pro 2,Oficina,Etiquetas,1,0.0,428.69,155.74,36.32928223191584
C0137,Javiera Díaz,Corporativo,Chile,Sur,Los Ríos,Valdivia,ORD-2023-00240,2023-05-02,P0099,Archivadores Eco 9,Oficina,Archivadores,4,0.0,42.28,22.28,52.69631031220435
C0137,Javiera Díaz,Corporativo,Chile,Sur,Los Ríos,Valdivia,ORD-2023-00240,2023-05-02,P0055,Mesas Plus 5,Muebles,Mesas,1,0.2,463.29,125.06,26.99389151503378
C0249,Ignacio Sepúlveda,Home Office,Chile,Norte,Coquimbo,La Serena,ORD-2023-00241,2023-03-26,P0099,Archivadores Eco 9,Oficina,Archivadores,2,0.1,19.03,8.61,45.244351024697835
C0249,Ignacio Sepúlveda,Home Office,Chile,Norte,Coquimbo,La Serena,ORD-2023-00241,2023-03-26,P0086,Papelería Flex 6,Oficina,Papelería,7,0.05,4296.76,1688.69,39.30147366853164
C0249,Ignacio Sepúlveda,Home Office,Chile,Norte,Coquimbo,La Serena,ORD-2023-00241,2023-03-26,P0090,Papelería Plus 10,Oficina,Papelería,3,0.05,2164.26,679.86,31.413046491641484
C0118,Nicolás Díaz,Consumidor,Chile,Austral,Magallanes,Punta Arenas,ORD-2023-00242,2023-05-04,P0079,Almacenamiento Nova 9,Muebles,Almacenamiento,4,0.0,195.48,51.88,26.539799467976266
C0209,Benjamín Castillo,Consumidor,Chile,Norte,Tarapacá,Iquique,ORD-2023-00243,2024-06-21,P0062,Libreros Plus 2,Muebles,Libreros,1,0.2,372.54,131.71,35.35459279540452
C0209,Benjamín Castillo,Consumidor,Chile,Norte,Tarapacá,Iquique,ORD-2023-00243,2024-06-21,P0015,Teléfonos Plus 5,Tecnología,Teléfonos,5,0.15,2968.62,436.61,14.707507191893878
C0209,Benjamín Castillo,Consumidor,Chile,Norte,Tarapacá,Iquique,ORD-2023-00243,2024-06-21,P0092,Archivadores Nova 2,Oficina,Archivadores,7,0.05,4098.53,1951.56,47.6160965028925
C0209,Benjamín Castillo,Consumidor,Chile,Norte,Tarapacá,Iquique,ORD-2023-00243,2024-06-21,P0024,Computadores Nova 4,Tecnología,Computadores,1,0.0,807.35,404.48,50.09970892425838
C0109,Martina Castillo,Corporativo,Chile,Norte,Coquimbo,La Serena,ORD-2023-00244,2023-10-20,P0043,Sillas Smart 3,Muebles,Sillas,5,0.0,3523.0,1494.85,42.4311666193585
C0109,Martina Castillo,Corporativo,Chile,Norte,Coquimbo,La Serena,ORD-2023-00244,2023-10-20,P0088,Papelería Eco 8,Oficina,Papelería,3,0.15,1774.39,523.31,29.492388933661708
C0109,Martina Castillo,Corporativo,Chile,Norte,Coquimbo,La Serena,ORD-2023-00244,2023-10-20,P0096,Archivadores Pro 6,Oficina,Archivadores,6,0.05,4026.99,1635.14,40.604520994589016
C0300,Camila Díaz,Corporativo,Chile,Sur,Los Lagos,Puerto Montt,ORD-2023-00245,2024-01-29,P0025,Computadores Plus 5,Tecnología,Computadores,8,0.0,6109.68,1952.4,31.955847114742507
C0300,Camila Díaz,Corporativo,Chile,Sur,Los Lagos,Puerto Montt,ORD-2023-00245,2024-01-29,P0039,Periféricos Nova 9,Tecnología,Periféricos,8,0.05,1802.04,289.48,16.064016337040243
C0023,Ana Espinoza,Home Office,Chile,Norte,Antofagasta,Antofagasta,ORD-2023-00246,2023-05-11,P0081,Papelería Smart 1,Oficina,Papelería,2,0.2,1312.74,353.86,26.955832838185778
C0023,Ana Espinoza,Home Office,Chile,Norte,Antofagasta,Antofagasta,ORD-2023-00246,2023-05-11,P0068,Libreros Pro 8,Muebles,Libreros,1,0.0,638.43,223.31,34.97799288880535
C0023,Ana Espinoza,Home Office,Chile,Norte,Antofagasta,Antofagasta,ORD-2023-00246,2023-05-11,P0038,Periféricos Nova 8,Tecnología,Periféricos,1,0.0,408.92,158.59,38.782646972512964
C0023,Ana Espinoza,Home Office,Chile,Norte,Antofagasta,Antofagasta,ORD-2023-00246,2023-05-11,P0095,Archivadores Plus 5,Oficina,Archivadores,7,0.3,2583.52,511.49,19.798182324890075
C0085,Ana Sepúlveda,Home Office,Chile,Sur,Los Ríos,Valdivia,ORD-2023-00247,2024-03-24,P0027,Computadores Flex 7,Tecnología,Computadores,3,0.0,119.04,62.94,52.87298387096774
C0085,Ana Sepúlveda,Home Office,Chile,Sur,Los Ríos,Valdivia,ORD-2023-00247,2024-03-24,P0076,Almacenamiento Eco 6,Muebles,Almacenamiento,1,0.3,80.32,18.49,23.020418326693225
C0085,Ana Sepúlveda,Home Office,Chile,Sur,Los Ríos,Valdivia,ORD-2023-00247,2024-03-24,P0039,Periféricos Nova 9,Tecnología,Periféricos,4,0.1,853.6,90.06,10.550609184629803
C0088,Benjamín Fuentes,Corporativo,Chile,Centro,O'Higgins,Rancagua,ORD-2023-00248,2023-08-18,P0035,Periféricos Nova 5,Tecnología,Periféricos,1,0.05,726.47,180.23,24.80900794251655
C0088,Benjamín Fuentes,Corporativo,Chile,Centro,O'Higgins,Rancagua,ORD-2023-00248,2023-08-18,P0069,Libreros Smart 9,Muebles,Libreros,2,0.0,1335.72,395.62,29.618482915581108
C0167,Antonia Espinoza,Consumidor,Chile,Centro,Metropolitana,Santiago,ORD-2023-00249,2023-03-27,P0042,Sillas Flex 2,Muebles,Sillas,1,0.0,556.81,180.1,32.34496506887448
C0167,Antonia Espinoza,Consumidor,Chile,Centro,Metropolitana,Santiago,ORD-2023-00249,2023-03-27,P0094,Archivadores Pro 4,Oficina,Archivadores,5,0.0,900.2,266.7,29.62674961119751
C0167,Antonia Espinoza,Consumidor,Chile,Centro,Metropolitana,Santiago,ORD-2023-00249,2023-03-27,P0069,Libreros Smart 9,Muebles,Libreros,2,0.2,1068.58,80.85,7.566115779819949
C0283,Josefa Díaz,Consumidor,Chile,Austral,Magallanes,Punta Arenas,ORD-2023-00250,2023-07-31,P0030,Computadores Flex 10,Tecnología,Computadores,7,0.15,4136.44,1999.26,48.33286594269469
C0283,Josefa Díaz,Consumidor,Chile,Austral,Magallanes,Punta Arenas,ORD-2023-00250,2023-07-31,P0012,Teléfonos Flex 2,Tecnología,Teléfonos,8,0.0,2707.84,1355.36,50.053178917513584
C0283,Josefa Díaz,Consumidor,Chile,Austral,Magallanes,Punta Arenas,ORD-2023-00250,2023-07-31,P0025,Computadores Plus 5,Tecnología,Computadores,8,0.0,6109.68,1952.4,31.955847114742507
C0283,Josefa Díaz,Consumidor,Chile,Austral,Magallanes,Punta Arenas,ORD-2023-00250,2023-07-31,P0040,Periféricos Eco 10,Tecnología,Periféricos,3,0.0,2226.03,934.29,41.971132464522036
C0036,Benjamín Soto,Consumidor,Chile,Centro,O'Higgins,Rancagua,ORD-2023-00251,2023-05-27,P0094,Archivadores Pro 4,Oficina,Archivadores,1,0.0,180.04,53.34,29.626749611197518
C0036,Benjamín Soto,Consumidor,Chile,Centro,O'Higgins,Rancagua,ORD-2023-00251,2023-05-27,P0015,Teléfonos Plus 5,Tecnología,Teléfonos,1,0.0,698.5,182.9,26.184681460272014
C0138,Gabriel Muñoz,Corporativo,Chile,Austral,Magallanes,Punta Arenas,ORD-2023-00252,2023-05-27,P0070,Libreros Eco 10,Muebles,Libreros,6,0.0,4600.14,1772.52,38.5318707691505
C0289,Vicente Martínez,Corporativo,Chile,Norte,Coquimbo,La Serena,ORD-2023-00253,2024-03-30,P0081,Papelería Smart 1,Oficina,Papelería,2,0.0,1640.92,625.3,38.10667186700144
C0289,Vicente Martínez,Corporativo,Chile,Norte,Coquimbo,La Serena,ORD-2023-00253,2024-03-30,P0070,Libreros Eco 10,Muebles,Libreros,5,0.0,3833.45,1477.1,38.53187076915051
C0289,Vicente Martínez,Corporativo,Chile,Norte,Coquimbo,La Serena,ORD-2023-00253,2024-03-30,P0019,Teléfonos Eco 9,Tecnología,Teléfonos,1,0.05,499.16,107.92,21.62032214119721
C0198,Valentina Contreras,Consumidor,Chile,Centro,Metropolitana,Santiago,ORD-2023-00254,2023-05-31,P0063,Libreros Smart 3,Muebles,Libreros,3,0.0,748.44,195.93,26.17845117845118
C0183,Catalina González,Consumidor,Chile,Sur,Biobío,Concepción,ORD-2023-00255,2023-03-20,P0023,Computadores Pro 3,Tecnología,Computadores,7,0.15,4720.55,1921.73,40.70987490864412
C0183,Catalina González,Consumidor,Chile,Sur,Biobío,Concepción,ORD-2023-00255,2023-03-20,P0020,Teléfonos Flex 10,Tecnología,Teléfonos,5,0.1,2224.76,1014.4,45.59592944856973
C0139,Antonia Fuentes,Home Office,Chile,Centro,O'Higgins,Rancagua,ORD-2023-00256,2024-05-26,P0111,Sobres Flex 1,Oficina,Sobres,3,0.0,1544.58,645.9,41.81719302334616
C0229,Jorge Pérez,Corporativo,Chile,Sur,La Araucanía,Temuco,ORD-2023-00257,2025-01-08,P0094,Archivadores Pro 4,Oficina,Archivadores,5,0.0,900.2,266.7,29.62674961119751
C0229,Jorge Pérez,Corporativo,Chile,Sur,La Araucanía,Temuco,ORD-2023-00257,2025-01-08,P0024,Computadores Nova 4,Tecnología,Computadores,7,0.15,4803.73,2044.91,42.56921184163141
C0229,Jorge Pérez,Corporativo,Chile,Sur,La Araucanía,Temuco,ORD-2023-00257,2025-01-08,P0062,Libreros Plus 2,Muebles,Libreros,7,0.15,2770.8,1193.26,43.06554063808286
C0229,Jorge Pérez,Corporativo,Chile,Sur,La Araucanía,Temuco,ORD-2023-00257,2025-01-08,P0050,Sillas Nova 10,Muebles,Sillas,7,0.3,1183.99,267.24,22.571136580545446
C0273,Andrés Muñoz,Corporativo,Chile,Norte,Tarapacá,Iquique,ORD-2023-00258,2024-07-03,P0090,Papelería Plus 10,Oficina,Papelería,2,0.05,1442.84,472.4,32.740983061184885
C0273,Andrés Muñoz,Corporativo,Chile,Norte,Tarapacá,Iquique,ORD-2023-00258,2024-07-03,P0109,Etiquetas Smart 9,Oficina,Etiquetas,1,0.15,649.22,87.23,13.43612334801762
C0057,Luis Fuentes,Consumidor,Chile,Sur,Los Lagos,Puerto Montt,ORD-2023-00259,2023-03-03,P0032,Periféricos Eco 2,Tecnología,Periféricos,4,0.05,2749.64,749.55,27.2599322093074
C0057,Luis Fuentes,Consumidor,Chile,Sur,Los Lagos,Puerto Montt,ORD-2023-00259,2023-03-03,P0016,Teléfonos Pro 6,Tecnología,Teléfonos,3,0.2,1870.32,678.63,36.284165276530224
C0057,Luis Fuentes,Consumidor,Chile,Sur,Los Lagos,Puerto Montt,ORD-2023-00259,2023-03-03,P0048,Sillas Plus 8,Muebles,Sillas,1,0.0,625.43,140.66,22.490126792766578
C0057,Luis Fuentes,Consumidor,Chile,Sur,Los Lagos,Puerto Montt,ORD-2023-00259,2023-03-03,P0062,Libreros Plus 2,Muebles,Libreros,3,0.0,1397.04,690.63,49.4352344957911
C0041,Antonia Martínez,Consumidor,Chile,Centro,Metropolitana,Santiago,ORD-2023-00260,2023-09-08,P0096,Archivadores Pro 6,Oficina,Archivadores,5,0.3,2472.71,527.62,21.337722579679784
C0041,Antonia Martínez,Consumidor,Chile,Centro,Metropolitana,Santiago,ORD-2023-00260,2023-09-08,P0057,Mesas Smart 7,Muebles,Mesas,1,0.1,464.23,146.83,31.628718523145853
C0017,Javiera Araya,Consumidor,Chile,Centro,Valparaíso,Valparaíso,ORD-2023-00261,2024-09-10,P0071,Almacenamiento Flex 1,Muebles,Almacenamiento,5,0.1,3998.34,573.69,14.348204504869521
C0017,Javiera Araya,Consumidor,Chile,Centro,Valparaíso,Valparaíso,ORD-2023-00261,2024-09-10,P0120,Sobres Plus 10,Oficina,Sobres,3,0.1,1906.93,555.59,29.13531173142171
C0017,Javiera Araya,Consumidor,Chile,Centro,Valparaíso,Valparaíso,ORD-2023-00261,2024-09-10,P0017,Teléfonos Plus 7,Tecnología,Teléfonos,4,0.2,818.72,155.45,18.98695524721516
C0017,Javiera Araya,Consumidor,Chile,Centro,Valparaíso,Valparaíso,ORD-2023-00261,2024-09-10,P0051,Mesas Smart 1,Muebles,Mesas,3,0.0,284.64,108.78,38.21669477234402
C0245,Paula Espinoza,Consumidor,Chile,Centro,Maule,Talca,ORD-2023-00262,2023-11-17,P0083,Papelería Pro 3,Oficina,Papelería,7,0.05,351.72,103.45,29.41260093255999
C0245,Paula Espinoza,Consumidor,Chile,Centro,Maule,Talca,ORD-2023-00262,2023-11-17,P0010,Accesorios Nova 10,Tecnología,Accesorios,6,0.15,3458.21,591.0,17.08976609286307
C0245,Paula Espinoza,Consumidor,Chile,Centro,Maule,Talca,ORD-2023-00262,2023-11-17,P0021,Computadores Plus 1,Tecnología,Computadores,2,0.0,1588.8,705.98,44.434793554884195
C0159,Andrés Contreras,Corporativo,Chile,Centro,Valparaíso,Valparaíso,ORD-2023-00263,2023-07-12,P0073,Almacenamiento Eco 3,Muebles,Almacenamiento,8,0.0,1398.08,437.76,31.311512932021056
C0159,Andrés Contreras,Corporativo,Chile,Centro,Valparaíso,Valparaíso,ORD-2023-00264,2023-01-09,P0093,Archivadores Flex 3,Oficina,Archivadores,6,0.0,3749.22,2000.4,53.35509786035496
C0159,Andrés Contreras,Corporativo,Chile,Centro,Valparaíso,Valparaíso,ORD-2023-00264,2023-01-09,P0043,Sillas Smart 3,Muebles,Sillas,7,0.0,4932.2,2092.79,42.4311666193585
C0159,Andrés Contreras,Corporativo,Chile,Centro,Valparaíso,Valparaíso,ORD-2023-00264,2023-01-09,P0004,Accesorios Eco 4,Tecnología,Accesorios,7,0.3,137.79,-2.92,-2.1191668481021844
C0159,Andrés Contreras,Corporativo,Chile,Centro,Valparaíso,Valparaíso,ORD-2023-00264,2023-01-09,P0038,Periféricos Nova 8,Tecnología,Periféricos,3,0.0,1226.76,475.77,38.78264697251296
C0048,Sofía Muñoz,Corporativo,Chile,Sur,Los Lagos,Puerto Montt,ORD-2023-00265,2025-01-05,P0065,Libreros Pro 5,Muebles,Libreros,6,0.3,1800.92,435.96,24.20762721275792
C0048,Sofía Muñoz,Corporativo,Chile,Sur,Los Lagos,Puerto Montt,ORD-2023-00265,2025-01-05,P0038,Periféricos Nova 8,Tecnología,Periféricos,6,0.2,1962.82,551.12,28.077969452114814
C0123,Felipe Díaz,Consumidor,Chile,Sur,Los Lagos,Puerto Montt,ORD-2023-00266,2023-08-02,P0019,Teléfonos Eco 9,Tecnología,Teléfonos,5,0.0,2627.15,645.95,24.587480730068705
C0161,Carlos Hernández,Consumidor,Chile,Sur,Los Lagos,Puerto Montt,ORD-2023-00267,2023-06-23,P0023,Computadores Pro 3,Tecnología,Computadores,8,0.1,5712.26,2428.12,42.507168791336525
C0227,Diego Díaz,Consumidor,Chile,Sur,Los Ríos,Valdivia,ORD-2023-00268,2024-10-27,P0110,Etiquetas Nova 10,Oficina,Etiquetas,5,0.2,241.28,68.77,28.50215517241379
C0227,Diego Díaz,Consumidor,Chile,Sur,Los Ríos,Valdivia,ORD-2023-00268,2024-10-27,P0057,Mesas Smart 7,Muebles,Mesas,6,0.15,2630.63,701.57,26.669276941265018
C0227,Diego Díaz,Consumidor,Chile,Sur,Los Ríos,Valdivia,ORD-2023-00268,2024-10-27,P0065,Libreros Pro 5,Muebles,Libreros,8,0.1,3087.29,1333.02,43.17767362314522
C0030,Sebastián Soto,Corporativo,Chile,Sur,Los Ríos,Valdivia,ORD-2023-00269,2025-01-28,P0021,Computadores Plus 1,Tecnología,Computadores,7,0.0,5560.8,2470.93,44.43479355488418
C0030,Sebastián Soto,Corporativo,Chile,Sur,Los Ríos,Valdivia,ORD-2023-00269,2025-01-28,P0086,Papelería Flex 6,Oficina,Papelería,2,0.15,1098.42,355.23,32.340088490741245
C0030,Sebastián Soto,Corporativo,Chile,Sur,Los Ríos,Valdivia,ORD-2023-00269,2025-01-28,P0014,Teléfonos Pro 4,Tecnología,Teléfonos,2,0.0,156.14,84.2,53.92596387857051
C0030,Sebastián Soto,Corporativo,Chile,Sur,Los Ríos,Valdivia,ORD-2023-00269,2025-01-28,P0099,Archivadores Eco 9,Oficina,Archivadores,7,0.05,70.29,35.44,50.41968985630957
C0163,Camila Silva,Corporativo,Chile,Austral,Magallanes,Punta Arenas,ORD-2023-00270,2023-12-17,P0059,Mesas Smart 9,Muebles,Mesas,1,0.0,138.08,48.56,35.16801853997683
C0163,Camila Silva,Corporativo,Chile,Austral,Magallanes,Punta Arenas,ORD-2023-00270,2023-12-17,P0082,Papelería Eco 2,Oficina,Papelería,4,0.15,2008.92,925.49,46.06903211675925
C0163,Camila Silva,Corporativo,Chile,Austral,Magallanes,Punta Arenas,ORD-2023-00270,2023-12-17,P0008,Accesorios Plus 8,Tecnología,Accesorios,6,0.2,1903.68,161.44,8.480416876786014
C0028,Benjamín Muñoz,Home Office,Chile,Austral,Magallanes,Punta Arenas,ORD-2023-00271,2023-08-05,P0009,Accesorios Flex 9,Tecnología,Accesorios,5,0.2,3451.12,1304.13,37.788601961102486
C0028,Benjamín Muñoz,Home Office,Chile,Austral,Magallanes,Punta Arenas,ORD-2023-00271,2023-08-05,P0112,Sobres Pro 2,Oficina,Sobres,7,0.05,3016.77,1422.53,47.15407538526304
C0095,Martina Torres,Corporativo,Chile,Sur,Biobío,Concepción,ORD-2023-00272,2025-04-30,P0045,Sillas Eco 5,Muebles,Sillas,7,0.3,2621.01,-109.46,-4.176252665957016
C0095,Martina Torres,Corporativo,Chile,Sur,Biobío,Concepción,ORD-2023-00272,2025-04-30,P0090,Papelería Plus 10,Oficina,Papelería,7,0.15,4518.37,975.53,21.59030800930424
C0006,Vicente Rojas,Home Office,Chile,Norte,Tarapacá,Iquique,ORD-2023-00273,2024-07-28,P0002,Accesorios Smart 2,Tecnología,Accesorios,3,0.3,21.13,1.79,8.471367723615712
C0006,Vicente Rojas,Home Office,Chile,Norte,Tarapacá,Iquique,ORD-2023-00273,2024-07-28,P0111,Sobres Flex 1,Oficina,Sobres,6,0.0,3089.16,1291.8,41.81719302334616
C0006,Vicente Rojas,Home Office,Chile,Norte,Tarapacá,Iquique,ORD-2023-00273,2024-07-28,P0034,Periféricos Flex 4,Tecnología,Periféricos,1,0.3,293.78,-4.32,-1.470488120362176
C0231,Antonia Flores,Home Office,Chile,Norte,Antofagasta,Antofagasta,ORD-2023-00274,2024-10-16,P0077,Almacenamiento Nova 7,Muebles,Almacenamiento,7,0.05,728.11,354.96,48.75087555451786
C0231,Antonia Flores,Home Office,Chile,Norte,Antofagasta,Antofagasta,ORD-2023-00274,2024-10-16,P0087,Papelería Flex 7,Oficina,Papelería,1,0.15,629.31,89.81,14.271185902019672
C0155,Constanza Hernández,Home Office,Chile,Sur,Biobío,Concepción,ORD-2023-00275,2023-11-11,P0053,Mesas Eco 3,Muebles,Mesas,7,0.15,2205.72,557.76,25.286981121810566
C0155,Constanza Hernández,Home Office,Chile,Sur,Biobío,Concepción,ORD-2023-00275,2023-11-11,P0067,Libreros Pro 7,Muebles,Libreros,6,0.0,1036.62,382.44,36.89297910516873
C0155,Constanza Hernández,Home Office,Chile,Sur,Biobío,Concepción,ORD-2023-00275,2023-11-11,P0055,Mesas Plus 5,Muebles,Mesas,6,0.0,3474.66,1439.76,41.435996615496194
C0155,Constanza Hernández,Home Office,Chile,Sur,Biobío,Concepción,ORD-2023-00275,2023-11-11,P0070,Libreros Eco 10,Muebles,Libreros,7,0.2,4293.46,1086.87,25.314548173268175
C0146,Javiera Silva,Home Office,Chile,Austral,Aysén,Coyhaique,ORD-2023-00276,2024-12-19,P0012,Teléfonos Flex 2,Tecnología,Teléfonos,1,0.2,270.78,112.46,41.531870891498635
C0228,Carlos Torres,Home Office,Chile,Norte,Antofagasta,Antofagasta,ORD-2023-00277,2024-05-30,P0100,Archivadores Smart 10,Oficina,Archivadores,8,0.2,336.77,43.27,12.848531638803934
C0228,Carlos Torres,Home Office,Chile,Norte,Antofagasta,Antofagasta,ORD-2023-00277,2024-05-30,P0016,Teléfonos Pro 6,Tecnología,Teléfonos,6,0.3,3273.06,1025.71,31.337952863681085
C0004,Nicolás Silva,Corporativo,Chile,Sur,Los Lagos,Puerto Montt,ORD-2023-00278,2024-01-19,P0087,Papelería Flex 7,Oficina,Papelería,4,0.0,2961.48,859.2,29.012520766643707
C0004,Nicolás Silva,Corporativo,Chile,Sur,Los Lagos,Puerto Montt,ORD-2023-00278,2024-01-19,P0005,Accesorios Flex 5,Tecnología,Accesorios,1,0.0,891.67,340.86,38.227146814404435
C0004,Nicolás Silva,Corporativo,Chile,Sur,Los Lagos,Puerto Montt,ORD-2023-00278,2024-01-19,P0108,Etiquetas Flex 8,Oficina,Etiquetas,6,0.15,2503.84,206.86,8.261710013419387
C0004,Nicolás Silva,Corporativo,Chile,Sur,Los Lagos,Puerto Montt,ORD-2023-00278,2024-01-19,P0031,Periféricos Smart 1,Tecnología,Periféricos,7,0.05,1546.66,751.59,48.59439049306247
C0027,Carlos Díaz,Home Office,Chile,Sur,La Araucanía,Temuco,ORD-2023-00279,2025-03-31,P0067,Libreros Pro 7,Muebles,Libreros,3,0.2,414.65,98.71,23.805619196913057
C0027,Carlos Díaz,Home Office,Chile,Sur,La Araucanía,Temuco,ORD-2023-00279,2025-03-31,P0065,Libreros Pro 5,Muebles,Libreros,2,0.2,686.06,236.91,34.53196513424482
C0027,Carlos Díaz,Home Office,Chile,Sur,La Araucanía,Temuco,ORD-2023-00279,2025-03-31,P0108,Etiquetas Flex 8,Oficina,Etiquetas,3,0.15,1251.92,100.48,8.026071953479455
C0014,Isidora Flores,Corporativo,Chile,Norte,Antofagasta,Antofagasta,ORD-2023-00280,2024-03-23,P0074,Almacenamiento Smart 4,Muebles,Almacenamiento,7,0.0,2887.57,1062.32,36.789411165789915
C0233,Jorge Díaz,Home Office,Chile,Sur,La Araucanía,Temuco,ORD-2023-00281,2024-10-11,P0069,Libreros Smart 9,Muebles,Libreros,4,0.2,2137.15,199.17,9.319420723861215
C0233,Jorge Díaz,Home Office,Chile,Sur,La Araucanía,Temuco,ORD-2023-00281,2024-10-11,P0036,Periféricos Nova 6,Tecnología,Periféricos,2,0.0,1754.4,912.78,52.02804377564979
C0057,Luis Fuentes,Consumidor,Chile,Sur,Los Lagos,Puerto Montt,ORD-2023-00282,2024-04-15,P0064,Libreros Eco 4,Muebles,Libreros,6,0.05,857.91,170.78,19.906517000617782
C0012,Sofía Soto,Home Office,Chile,Norte,Tarapacá,Iquique,ORD-2023-00283,2024-02-28,P0049,Sillas Smart 9,Muebles,Sillas,6,0.3,1214.3,-121.63,-10.016470394465946
C0012,Sofía Soto,Home Office,Chile,Norte,Tarapacá,Iquique,ORD-2023-00283,2024-02-28,P0039,Periféricos Nova 9,Tecnología,Periféricos,1,0.0,237.11,48.2,20.328117751254695
C0012,Sofía Soto,Home Office,Chile,Norte,Tarapacá,Iquique,ORD-2023-00283,2024-02-28,P0016,Teléfonos Pro 6,Tecnología,Teléfonos,6,0.15,3974.43,1682.74,42.33915303578124
C0012,Sofía Soto,Home Office,Chile,Norte,Tarapacá,Iquique,ORD-2023-00283,2024-02-28,P0021,Computadores Plus 1,Tecnología,Computadores,5,0.0,3972.0,1764.95,44.43479355488419
C0275,Carlos López,Corporativo,Chile,Centro,Maule,Talca,ORD-2023-00284,2023-01-24,P0004,Accesorios Eco 4,Tecnología,Accesorios,6,0.0,168.72,49.86,29.551920341394027
C0275,Carlos López,Corporativo,Chile,Centro,Maule,Talca,ORD-2023-00284,2023-01-24,P0035,Periféricos Nova 5,Tecnología,Periféricos,5,0.3,2676.49,120.68,4.508890375080797
C0179,Benjamín Díaz,Corporativo,Chile,Sur,Biobío,Concepción,ORD-2023-00285,2024-12-26,P0119,Sobres Plus 9,Oficina,Sobres,4,0.1,2232.86,874.56,39.16770419999462
C0179,Benjamín Díaz,Corporativo,Chile,Sur,Biobío,Concepción,ORD-2023-00285,2024-12-26,P0051,Mesas Smart 1,Muebles,Mesas,2,0.1,170.78,56.08,32.83756880196744
C0179,Benjamín Díaz,Corporativo,Chile,Sur,Biobío,Concepción,ORD-2023-00285,2024-12-26,P0093,Archivadores Flex 3,Oficina,Archivadores,8,0.2,3999.17,1514.3,37.865357061590274
C0179,Benjamín Díaz,Corporativo,Chile,Sur,Biobío,Concepción,ORD-2023-00285,2024-12-26,P0077,Almacenamiento Nova 7,Muebles,Almacenamiento,5,0.15,465.33,193.1,41.49743193002815
C0220,Felipe Rodríguez,Home Office,Chile,Norte,Coquimbo,La Serena,ORD-2023-00286,2023-07-24,P0076,Almacenamiento Eco 6,Muebles,Almacenamiento,7,0.1,722.86,287.06,39.71170074426583
C0220,Felipe Rodríguez,Home Office,Chile,Norte,Coquimbo,La Serena,ORD-2023-00286,2023-07-24,P0051,Mesas Smart 1,Muebles,Mesas,1,0.0,94.88,36.26,38.21669477234401
C0220,Felipe Rodríguez,Home Office,Chile,Norte,Coquimbo,La Serena,ORD-2023-00286,2023-07-24,P0055,Mesas Plus 5,Muebles,Mesas,3,0.15,1476.73,485.83,32.899040447475166
C0191,Martina Silva,Home Office,Chile,Centro,Metropolitana,Santiago,ORD-2023-00287,2024-01-16,P0092,Archivadores Nova 2,Oficina,Archivadores,6,0.05,3513.02,1662.0,47.309722119430006
C0120,Fernanda Díaz,Corporativo,Chile,Centro,Valparaíso,Valparaíso,ORD-2023-00288,2024-07-29,P0092,Archivadores Nova 2,Oficina,Archivadores,2,0.2,986.11,350.29,35.522406222429545
C0120,Fernanda Díaz,Corporativo,Chile,Centro,Valparaíso,Valparaíso,ORD-2023-00288,2024-07-29,P0041,Sillas Eco 1,Muebles,Sillas,6,0.05,880.76,282.96,32.126799582179025
C0120,Fernanda Díaz,Corporativo,Chile,Centro,Valparaíso,Valparaíso,ORD-2023-00288,2024-07-29,P0064,Libreros Eco 4,Muebles,Libreros,1,0.1,135.46,21.08,15.561789458142622
C0232,Catalina López,Corporativo,Chile,Austral,Aysén,Coyhaique,ORD-2023-00289,2023-06-25,P0083,Papelería Pro 3,Oficina,Papelería,1,0.3,37.02,2.68,7.239330091842247
C0019,Matías Torres,Consumidor,Chile,Austral,Aysén,Coyhaique,ORD-2023-00290,2024-06-30,P0093,Archivadores Flex 3,Oficina,Archivadores,5,0.1,2811.91,1377.41,48.98485371153416
C0019,Matías Torres,Consumidor,Chile,Austral,Aysén,Coyhaique,ORD-2023-00290,2024-06-30,P0052,Mesas Nova 2,Muebles,Mesas,2,0.15,840.05,85.02,10.120826141301114
C0019,Matías Torres,Consumidor,Chile,Austral,Aysén,Coyhaique,ORD-2023-00290,2024-06-30,P0051,Mesas Smart 1,Muebles,Mesas,5,0.3,332.08,39.36,11.852565646832089
C0019,Matías Torres,Consumidor,Chile,Austral,Aysén,Coyhaique,ORD-2023-00290,2024-06-30,P0108,Etiquetas Flex 8,Oficina,Etiquetas,6,0.0,2945.7,590.46,20.0448110805581
C0006,Vicente Rojas,Home Office,Chile,Norte,Tarapacá,Iquique,ORD-2023-00291,2023-05-23,P0012,Teléfonos Flex 2,Tecnología,Teléfonos,4,0.15,1150.83,448.91,39.00749893555086
C0006,Vicente Rojas,Home Office,Chile,Norte,Tarapacá,Iquique,ORD-2023-00291,2023-05-23,P0120,Sobres Plus 10,Oficina,Sobres,1,0.1,635.64,187.73,29.534012963312566
C0057,Luis Fuentes,Consumidor,Chile,Sur,Los Lagos,Puerto Montt,ORD-2023-00292,2023-02-19,P0119,Sobres Plus 9,Oficina,Sobres,3,0.3,1302.5,344.3,26.433781190019197
C0057,Luis Fuentes,Consumidor,Chile,Sur,Los Lagos,Puerto Montt,ORD-2023-00292,2023-02-19,P0111,Sobres Flex 1,Oficina,Sobres,3,0.2,1235.66,320.07,25.902756421669388
C0268,Paula Castillo,Corporativo,Chile,Sur,La Araucanía,Temuco,ORD-2023-00293,2024-06-24,P0029,Computadores Eco 9,Tecnología,Computadores,2,0.1,506.02,101.07,19.9735188332477
C0268,Paula Castillo,Corporativo,Chile,Sur,La Araucanía,Temuco,ORD-2023-00293,2024-06-24,P0046,Sillas Pro 6,Muebles,Sillas,4,0.05,322.51,140.78,43.65135964776286
C0268,Paula Castillo,Corporativo,Chile,Sur,La Araucanía,Temuco,ORD-2023-00293,2024-06-24,P0064,Libreros Eco 4,Muebles,Libreros,1,0.05,142.98,29.6,20.702196111344247
C0268,Paula Castillo,Corporativo,Chile,Sur,La Araucanía,Temuco,ORD-2023-00293,2024-06-24,P0060,Mesas Smart 10,Muebles,Mesas,7,0.05,1052.63,397.98,37.80815671223506
C0107,Matías Díaz,Consumidor,Chile,Austral,Magallanes,Punta Arenas,ORD-2023-00294,2025-04-13,P0091,Archivadores Flex 1,Oficina,Archivadores,8,0.0,4122.32,1304.72,31.650138756816553
C0107,Matías Díaz,Consumidor,Chile,Austral,Magallanes,Punta Arenas,ORD-2023-00294,2025-04-13,P0118,Sobres Nova 8,Oficina,Sobres,3,0.05,661.34,155.68,23.540085281398373
C0107,Matías Díaz,Consumidor,Chile,Austral,Magallanes,Punta Arenas,ORD-2023-00294,2025-04-13,P0058,Mesas Nova 8,Muebles,Mesas,4,0.2,752.22,52.82,7.021881896253755
C0217,Gabriel Hernández,Consumidor,Chile,Austral,Magallanes,Punta Arenas,ORD-2023-00295,2023-06-18,P0031,Periféricos Smart 1,Tecnología,Periféricos,1,0.3,162.81,58.5,35.9314538419016
C0244,Nicolás Hernández,Consumidor,Chile,Norte,Coquimbo,La Serena,ORD-2023-00296,2024-11-08,P0028,Computadores Pro 8,Tecnología,Computadores,3,0.2,1109.11,386.41,34.83964620281127
C0244,Nicolás Hernández,Consumidor,Chile,Norte,Coquimbo,La Serena,ORD-2023-00296,2024-11-08,P0007,Accesorios Nova 7,Tecnología,Accesorios,8,0.1,2254.25,1118.65,49.62404347343906
C0244,Nicolás Hernández,Consumidor,Chile,Norte,Coquimbo,La Serena,ORD-2023-00296,2024-11-08,P0084,Papelería Flex 4,Oficina,Papelería,7,0.2,4122.27,1787.52,43.362516283503986
C0244,Nicolás Hernández,Consumidor,Chile,Norte,Coquimbo,La Serena,ORD-2023-00296,2024-11-08,P0052,Mesas Nova 2,Muebles,Mesas,3,0.1,1334.2,199.35,14.941538000299804
C0266,Javiera Rodríguez,Home Office,Chile,Norte,Antofagasta,Antofagasta,ORD-2023-00297,2024-03-19,P0007,Accesorios Nova 7,Tecnología,Accesorios,1,0.1,281.78,141.47,50.20583433884591
C0142,Tomás Soto,Consumidor,Chile,Centro,Maule,Talca,ORD-2023-00298,2023-08-20,P0094,Archivadores Pro 4,Oficina,Archivadores,5,0.3,630.14,28.43,4.511695813628718
C0142,Tomás Soto,Consumidor,Chile,Centro,Maule,Talca,ORD-2023-00298,2023-08-20,P0045,Sillas Eco 5,Muebles,Sillas,5,0.1,2407.05,423.83,17.60786024386697
C0095,Martina Torres,Corporativo,Chile,Sur,Biobío,Concepción,ORD-2023-00299,2024-05-30,P0088,Papelería Eco 8,Oficina,Papelería,2,0.0,1391.68,545.98,39.231719935617384
C0095,Martina Torres,Corporativo,Chile,Sur,Biobío,Concepción,ORD-2023-00299,2024-05-30,P0019,Teléfonos Eco 9,Tecnología,Teléfonos,1,0.3,367.8,-23.89,-6.495377922784122
C0095,Martina Torres,Corporativo,Chile,Sur,Biobío,Concepción,ORD-2023-00299,2024-05-30,P0023,Computadores Pro 3,Tecnología,Computadores,5,0.0,3966.85,1991.4,50.20104112835121
C0181,Pedro Martínez,Home Office,Chile,Centro,Valparaíso,Valparaíso,ORD-2023-00300,2024-04-30,P0073,Almacenamiento Eco 3,Muebles,Almacenamiento,5,0.05,830.11,229.47,27.6433243786968
C0076,Isidora Silva,Corporativo,Chile,Norte,Antofagasta,Antofagasta,ORD-2023-00301,2025-03-04,P0085,Papelería Smart 5,Oficina,Papelería,8,0.1,5356.87,1061.26,19.811195716901846
C0076,Isidora Silva,Corporativo,Chile,Norte,Antofagasta,Antofagasta,ORD-2023-00301,2025-03-04,P0106,Etiquetas Eco 6,Oficina,Etiquetas,6,0.1,1212.68,490.53,40.45007751426592
C0076,Isidora Silva,Corporativo,Chile,Norte,Antofagasta,Antofagasta,ORD-2023-00301,2025-03-04,P0015,Teléfonos Plus 5,Tecnología,Teléfonos,5,0.0,3492.5,914.5,26.184681460272014
C0113,Martina Sepúlveda,Home Office,Chile,Norte,Antofagasta,Antofagasta,ORD-2023-00302,2024-11-06,P0096,Archivadores Pro 6,Oficina,Archivadores,2,0.05,1342.33,537.4,40.034864750098706
C0113,Martina Sepúlveda,Home Office,Chile,Norte,Antofagasta,Antofagasta,ORD-2023-00302,2024-11-06,P0082,Papelería Eco 2,Oficina,Papelería,2,0.1,1063.55,508.84,47.84354285177002
C0270,Ana Rojas,Corporativo,Chile,Norte,Tarapacá,Iquique,ORD-2023-00303,2023-06-29,P0036,Periféricos Nova 6,Tecnología,Periféricos,5,0.05,4166.7,2102.9,50.46919624643004
C0270,Ana Rojas,Corporativo,Chile,Norte,Tarapacá,Iquique,ORD-2023-00303,2023-06-29,P0107,Etiquetas Pro 7,Oficina,Etiquetas,2,0.2,123.92,35.34,28.518398967075537
C0270,Ana Rojas,Corporativo,Chile,Norte,Tarapacá,Iquique,ORD-2023-00303,2023-06-29,P0037,Periféricos Nova 7,Tecnología,Periféricos,2,0.0,577.96,262.86,45.48065610076822
C0270,Ana Rojas,Corporativo,Chile,Norte,Tarapacá,Iquique,ORD-2023-00303,2023-06-29,P0060,Mesas Smart 10,Muebles,Mesas,3,0.1,427.38,144.35,33.77556273105901
C0156,Luis Sepúlveda,Corporativo,Chile,Centro,O'Higgins,Rancagua,ORD-2023-00304,2024-05-13,P0106,Etiquetas Eco 6,Oficina,Etiquetas,2,0.0,449.14,212.2,47.2458476198958
C0156,Luis Sepúlveda,Corporativo,Chile,Centro,O'Higgins,Rancagua,ORD-2023-00304,2024-05-13,P0056,Mesas Flex 6,Muebles,Mesas,6,0.0,3615.9,965.94,26.713681241184766
C0156,Luis Sepúlveda,Corporativo,Chile,Centro,O'Higgins,Rancagua,ORD-2023-00304,2024-05-13,P0045,Sillas Eco 5,Muebles,Sillas,5,0.0,2674.5,716.3,26.782576182464013
C0074,Constanza Fuentes,Corporativo,Chile,Sur,La Araucanía,Temuco,ORD-2023-00305,2025-01-20,P0032,Periféricos Eco 2,Tecnología,Periféricos,7,0.2,4052.1,547.83,13.519656474420671
C0074,Constanza Fuentes,Corporativo,Chile,Sur,La Araucanía,Temuco,ORD-2023-00305,2025-01-20,P0115,Sobres Pro 5,Oficina,Sobres,5,0.1,593.42,159.71,26.913484547200973
C0074,Constanza Fuentes,Corporativo,Chile,Sur,La Araucanía,Temuco,ORD-2023-00305,2025-01-20,P0073,Almacenamiento Eco 3,Muebles,Almacenamiento,7,0.15,1039.82,177.2,17.041411013444634
C0103,Fernanda Soto,Consumidor,Chile,Austral,Aysén,Coyhaique,ORD-2023-00306,2023-09-14,P0070,Libreros Eco 10,Muebles,Libreros,3,0.2,1840.06,374.28,20.340641066052193
C0103,Fernanda Soto,Consumidor,Chile,Austral,Aysén,Coyhaique,ORD-2023-00306,2023-09-14,P0013,Teléfonos Nova 3,Tecnología,Teléfonos,3,0.3,600.31,59.05,9.836584431377123
C0103,Fernanda Soto,Consumidor,Chile,Austral,Aysén,Coyhaique,ORD-2023-00306,2023-09-14,P0060,Mesas Smart 10,Muebles,Mesas,6,0.2,759.79,200.97,26.450729806920336
C0103,Fernanda Soto,Consumidor,Chile,Austral,Aysén,Coyhaique,ORD-2023-00306,2023-09-14,P0004,Accesorios Eco 4,Tecnología,Accesorios,1,0.2,22.5,3.61,16.044444444444444
C0155,Constanza Hernández,Home Office,Chile,Sur,Biobío,Concepción,ORD-2023-00307,2025-03-16,P0017,Teléfonos Plus 7,Tecnología,Teléfonos,7,0.0,1790.95,647.29,36.142270861833104
C0155,Constanza Hernández,Home Office,Chile,Sur,Biobío,Concepción,ORD-2023-00307,2025-03-16,P0108,Etiquetas Flex 8,Oficina,Etiquetas,1,0.0,490.95,98.41,20.0448110805581
C0155,Constanza Hernández,Home Office,Chile,Sur,Biobío,Concepción,ORD-2023-00307,2025-03-16,P0043,Sillas Smart 3,Muebles,Sillas,2,0.1,1268.28,453.33,35.74368435992052
C0155,Constanza Hernández,Home Office,Chile,Sur,Biobío,Concepción,ORD-2023-00307,2025-03-16,P0111,Sobres Flex 1,Oficina,Sobres,1,0.0,514.86,215.3,41.81719302334616
C0105,Diego Rojas,Consumidor,Chile,Austral,Magallanes,Punta Arenas,ORD-2023-00308,2024-06-12,P0039,Periféricos Nova 9,Tecnología,Periféricos,5,0.0,1185.55,241.0,20.328117751254695
C0105,Diego Rojas,Consumidor,Chile,Austral,Magallanes,Punta Arenas,ORD-2023-00308,2024-06-12,P0015,Teléfonos Plus 5,Tecnología,Teléfonos,2,0.0,1397.0,365.8,26.184681460272014
C0267,Carlos Martínez,Corporativo,Chile,Sur,Los Ríos,Valdivia,ORD-2023-00309,2023-04-10,P0119,Sobres Plus 9,Oficina,Sobres,2,0.1,1116.43,425.79,38.13853085280761
C0121,Sebastián Muñoz,Consumidor,Chile,Austral,Aysén,Coyhaique,ORD-2023-00310,2024-07-13,P0082,Papelería Eco 2,Oficina,Papelería,1,0.0,590.86,322.42,54.567917950106626
C0121,Sebastián Muñoz,Consumidor,Chile,Austral,Aysén,Coyhaique,ORD-2023-00310,2024-07-13,P0022,Computadores Pro 2,Tecnología,Computadores,4,0.3,1207.42,355.14,29.413128820128865
C0052,Jorge Contreras,Corporativo,Chile,Sur,La Araucanía,Temuco,ORD-2023-00311,2024-08-25,P0105,Etiquetas Pro 5,Oficina,Etiquetas,7,0.0,1816.36,954.59,52.55511022044088
C0052,Jorge Contreras,Corporativo,Chile,Sur,La Araucanía,Temuco,ORD-2023-00311,2024-08-25,P0016,Teléfonos Pro 6,Tecnología,Teléfonos,7,0.0,5455.1,2776.2,50.89182599769023
C0052,Jorge Contreras,Corporativo,Chile,Sur,La Araucanía,Temuco,ORD-2023-00311,2024-08-25,P0083,Papelería Pro 3,Oficina,Papelería,8,0.0,423.12,137.44,32.48251087162035
C0052,Jorge Contreras,Corporativo,Chile,Sur,La Araucanía,Temuco,ORD-2023-00311,2024-08-25,P0018,Teléfonos Flex 8,Tecnología,Teléfonos,8,0.3,3843.17,220.07,5.726262434396605
C0184,Fernanda Soto,Corporativo,Chile,Norte,Coquimbo,La Serena,ORD-2023-00312,2024-05-27,P0023,Computadores Pro 3,Tecnología,Computadores,3,0.15,2023.09,815.56,40.312591135342466
C0236,Fernanda Sepúlveda,Home Office,Chile,Centro,Maule,Talca,ORD-2023-00313,2025-01-02,P0118,Sobres Nova 8,Oficina,Sobres,8,0.2,1485.12,83.47,5.620421245421245
C0295,Catalina Torres,Corporativo,Chile,Austral,Magallanes,Punta Arenas,ORD-2023-00314,2024-12-26,P0076,Almacenamiento Eco 6,Muebles,Almacenamiento,6,0.2,550.75,203.89,37.02042669087607
C0295,Catalina Torres,Corporativo,Chile,Austral,Magallanes,Punta Arenas,ORD-2023-00314,2024-12-26,P0110,Etiquetas Nova 10,Oficina,Etiquetas,3,0.05,171.91,68.55,39.87551625850736
C0295,Catalina Torres,Corporativo,Chile,Austral,Magallanes,Punta Arenas,ORD-2023-00314,2024-12-26,P0064,Libreros Eco 4,Muebles,Libreros,8,0.15,1023.47,85.89,8.392038848231994
C0054,Catalina Araya,Corporativo,Chile,Sur,La Araucanía,Temuco,ORD-2023-00315,2023-06-28,P0079,Almacenamiento Nova 9,Muebles,Almacenamiento,5,0.0,244.35,64.85,26.53979946797626
C0227,Diego Díaz,Consumidor,Chile,Sur,Los Ríos,Valdivia,ORD-2023-00316,2025-02-20,P0090,Papelería Plus 10,Oficina,Papelería,8,0.2,4860.1,1139.8,23.45219234172136
C0101,Ana Flores,Consumidor,Chile,Norte,Tarapacá,Iquique,ORD-2023-00317,2023-09-16,P0012,Teléfonos Flex 2,Tecnología,Teléfonos,1,0.0,338.48,169.42,50.053178917513584
C0101,Ana Flores,Consumidor,Chile,Norte,Tarapacá,Iquique,ORD-2023-00317,2023-09-16,P0115,Sobres Pro 5,Oficina,Sobres,1,0.15,112.09,23.69,21.134802390935857
C0175,María Fuentes,Consumidor,Chile,Centro,Metropolitana,Santiago,ORD-2023-00318,2023-07-09,P0074,Almacenamiento Smart 4,Muebles,Almacenamiento,8,0.15,2805.07,747.48,26.647463343160776
C0175,María Fuentes,Consumidor,Chile,Centro,Metropolitana,Santiago,ORD-2023-00318,2023-07-09,P0103,Etiquetas Nova 3,Oficina,Etiquetas,2,0.3,754.04,76.15,10.098933743567983
C0037,Carlos Espinoza,Consumidor,Chile,Austral,Aysén,Coyhaique,ORD-2023-00319,2024-08-05,P0077,Almacenamiento Nova 7,Muebles,Almacenamiento,6,0.0,656.94,335.1,51.00922458672025
C0129,Felipe Rodríguez,Corporativo,Chile,Centro,Maule,Talca,ORD-2023-00320,2024-02-04,P0110,Etiquetas Nova 10,Oficina,Etiquetas,5,0.2,241.28,63.72,26.40915119363395
C0129,Felipe Rodríguez,Corporativo,Chile,Centro,Maule,Talca,ORD-2023-00320,2024-02-04,P0075,Almacenamiento Plus 5,Muebles,Almacenamiento,8,0.1,3832.99,1638.49,42.74704603977574
C0174,Nicolás Martínez,Corporativo,Chile,Sur,Los Lagos,Puerto Montt,ORD-2023-00321,2024-03-07,P0031,Periféricos Smart 1,Tecnología,Periféricos,8,0.0,1860.64,956.32,51.39736864734715
C0178,Carlos Espinoza,Home Office,Chile,Centro,Valparaíso,Valparaíso,ORD-2023-00322,2023-03-14,P0017,Teléfonos Plus 7,Tecnología,Teléfonos,5,0.0,1279.25,462.35,36.14227086183311
C0178,Carlos Espinoza,Home Office,Chile,Centro,Valparaíso,Valparaíso,ORD-2023-00322,2023-03-14,P0065,Libreros Pro 5,Muebles,Libreros,4,0.15,1457.89,613.69,42.094396696595766
C0178,Carlos Espinoza,Home Office,Chile,Centro,Valparaíso,Valparaíso,ORD-2023-00322,2023-03-14,P0101,Etiquetas Eco 1,Oficina,Etiquetas,4,0.0,2314.84,772.16,33.356949076394045
C0178,Carlos Espinoza,Home Office,Chile,Centro,Valparaíso,Valparaíso,ORD-2023-00322,2023-03-14,P0100,Archivadores Smart 10,Oficina,Archivadores,4,0.2,168.38,12.08,7.174248723126262
C0283,Josefa Díaz,Consumidor,Chile,Austral,Magallanes,Punta Arenas,ORD-2023-00323,2024-05-08,P0071,Almacenamiento Flex 1,Muebles,Almacenamiento,3,0.0,2665.56,633.09,23.750731553594743
C0283,Josefa Díaz,Consumidor,Chile,Austral,Magallanes,Punta Arenas,ORD-2023-00323,2024-05-08,P0046,Sillas Pro 6,Muebles,Sillas,4,0.15,288.56,109.45,37.929719988910456
C0283,Josefa Díaz,Consumidor,Chile,Austral,Magallanes,Punta Arenas,ORD-2023-00323,2024-05-08,P0031,Periféricos Smart 1,Tecnología,Periféricos,4,0.0,930.32,478.16,51.39736864734715
C0283,Josefa Díaz,Consumidor,Chile,Austral,Magallanes,Punta Arenas,ORD-2023-00323,2024-05-08,P0053,Mesas Eco 3,Muebles,Mesas,1,0.0,370.71,132.0,35.6073480618273
C0030,Sebastián Soto,Corporativo,Chile,Sur,Los Ríos,Valdivia,ORD-2023-00324,2023-03-20,P0038,Periféricos Nova 8,Tecnología,Periféricos,3,0.2,981.41,232.51,23.691423564055796
C0030,Sebastián Soto,Corporativo,Chile,Sur,Los Ríos,Valdivia,ORD-2023-00324,2023-03-20,P0085,Papelería Smart 5,Oficina,Papelería,2,0.0,1488.02,406.04,27.287267644252093
C0254,Isidora Rojas,Consumidor,Chile,Sur,Biobío,Concepción,ORD-2023-00325,2024-12-23,P0047,Sillas Plus 7,Muebles,Sillas,5,0.05,3314.69,708.97,21.388727150955294
C0254,Isidora Rojas,Consumidor,Chile,Sur,Biobío,Concepción,ORD-2023-00325,2024-12-23,P0041,Sillas Eco 1,Muebles,Sillas,2,0.0,309.04,107.9,34.914574165156615
C0254,Isidora Rojas,Consumidor,Chile,Sur,Biobío,Concepción,ORD-2023-00325,2024-12-23,P0091,Archivadores Flex 1,Oficina,Archivadores,8,0.1,3710.09,962.0,25.929290125037397
C0267,Carlos Martínez,Corporativo,Chile,Sur,Los Ríos,Valdivia,ORD-2023-00326,2023-08-25,P0005,Accesorios Flex 5,Tecnología,Accesorios,4,0.3,2496.68,229.28,9.183395549289457
C0267,Carlos Martínez,Corporativo,Chile,Sur,Los Ríos,Valdivia,ORD-2023-00326,2023-08-25,P0015,Teléfonos Plus 5,Tecnología,Teléfonos,1,0.3,488.95,-54.84,-11.2158707434298
C0143,Sebastián Martínez,Corporativo,Chile,Austral,Magallanes,Punta Arenas,ORD-2023-00327,2024-08-25,P0111,Sobres Flex 1,Oficina,Sobres,7,0.2,2883.22,802.44,27.83138296765422
C0106,Paula Hernández,Corporativo,Chile,Centro,Maule,Talca,ORD-2023-00328,2024-01-24,P0120,Sobres Plus 10,Oficina,Sobres,1,0.15,600.33,145.34,24.210017823530393
C0106,Paula Hernández,Corporativo,Chile,Centro,Maule,Talca,ORD-2023-00328,2024-01-24,P0104,Etiquetas Nova 4,Oficina,Etiquetas,4,0.0,2420.8,850.8,35.14540647719762
C0106,Paula Hernández,Corporativo,Chile,Centro,Maule,Talca,ORD-2023-00328,2024-01-24,P0111,Sobres Flex 1,Oficina,Sobres,7,0.0,3604.02,1507.1,41.81719302334615
C0148,Josefa Rodríguez,Home Office,Chile,Norte,Antofagasta,Antofagasta,ORD-2023-00329,2024-07-01,P0017,Teléfonos Plus 7,Tecnología,Teléfonos,1,0.1,230.26,63.82,27.716494397637454
C0148,Josefa Rodríguez,Home Office,Chile,Norte,Antofagasta,Antofagasta,ORD-2023-00329,2024-07-01,P0011,Teléfonos Plus 1,Tecnología,Teléfonos,4,0.1,1986.23,554.05,27.894554004319737
C0020,Pedro Martínez,Home Office,Chile,Norte,Antofagasta,Antofagasta,ORD-2023-00330,2024-09-22,P0073,Almacenamiento Eco 3,Muebles,Almacenamiento,6,0.1,943.7,208.89,22.13521246158737
C0020,Pedro Martínez,Home Office,Chile,Norte,Antofagasta,Antofagasta,ORD-2023-00330,2024-09-22,P0060,Mesas Smart 10,Muebles,Mesas,1,0.3,110.8,26.57,23.980144404332133
C0020,Pedro Martínez,Home Office,Chile,Norte,Antofagasta,Antofagasta,ORD-2023-00330,2024-09-22,P0046,Sillas Pro 6,Muebles,Sillas,8,0.05,645.01,285.45,44.25512782747554
C0142,Tomás Soto,Consumidor,Chile,Centro,Maule,Talca,ORD-2023-00331,2024-09-16,P0034,Periféricos Flex 4,Tecnología,Periféricos,8,0.0,3357.44,1151.28,34.29041174227983
C0142,Tomás Soto,Consumidor,Chile,Centro,Maule,Talca,ORD-2023-00331,2024-09-16,P0019,Teléfonos Eco 9,Tecnología,Teléfonos,1,0.05,499.16,106.97,21.430002404038785
C0142,Tomás Soto,Consumidor,Chile,Centro,Maule,Talca,ORD-2023-00331,2024-09-16,P0024,Computadores Nova 4,Tecnología,Computadores,8,0.15,5489.98,2444.53,44.52712031737821
C0032,Sebastián Torres,Corporativo,Chile,Centro,Metropolitana,Santiago,ORD-2023-00332,2025-01-01,P0077,Almacenamiento Nova 7,Muebles,Almacenamiento,4,0.15,372.27,167.98,45.123163295457594
C0058,Nicolás Morales,Home Office,Chile,Norte,Coquimbo,La Serena,ORD-2023-00333,2024-06-07,P0113,Sobres Smart 3,Oficina,Sobres,5,0.0,3045.05,1164.25,38.23418334674307
C0058,Nicolás Morales,Home Office,Chile,Norte,Coquimbo,La Serena,ORD-2023-00333,2024-06-07,P0043,Sillas Smart 3,Muebles,Sillas,7,0.15,4192.37,1361.64,32.47900352306691
C0058,Nicolás Morales,Home Office,Chile,Norte,Coquimbo,La Serena,ORD-2023-00333,2024-06-07,P0080,Almacenamiento Plus 10,Muebles,Almacenamiento,1,0.0,791.11,409.37,51.74628054252886
C0058,Nicolás Morales,Home Office,Chile,Norte,Coquimbo,La Serena,ORD-2023-00333,2024-06-07,P0120,Sobres Plus 10,Oficina,Sobres,3,0.0,2118.81,807.57,38.11431888654481
C0161,Carlos Hernández,Consumidor,Chile,Sur,Los Lagos,Puerto Montt,ORD-2023-00334,2024-06-07,P0107,Etiquetas Pro 7,Oficina,Etiquetas,1,0.0,77.45,34.99,45.177533892834084
C0161,Carlos Hernández,Consumidor,Chile,Sur,Los Lagos,Puerto Montt,ORD-2023-00334,2024-06-07,P0010,Accesorios Nova 10,Tecnología,Accesorios,4,0.2,2169.86,173.12,7.978394919487893
C0161,Carlos Hernández,Consumidor,Chile,Sur,Los Lagos,Puerto Montt,ORD-2023-00334,2024-06-07,P0109,Etiquetas Smart 9,Oficina,Etiquetas,1,0.3,534.65,-39.26,-7.343121668381183
C0161,Carlos Hernández,Consumidor,Chile,Sur,Los Lagos,Puerto Montt,ORD-2023-00334,2024-06-07,P0041,Sillas Eco 1,Muebles,Sillas,5,0.05,733.97,225.93,30.781912067250705
C0125,Carlos Pérez,Corporativo,Chile,Centro,O'Higgins,Rancagua,ORD-2023-00335,2023-12-03,P0096,Archivadores Pro 6,Oficina,Archivadores,2,0.05,1342.33,550.85,41.03685382879024
C0125,Carlos Pérez,Corporativo,Chile,Centro,O'Higgins,Rancagua,ORD-2023-00335,2023-12-03,P0047,Sillas Plus 7,Muebles,Sillas,2,0.15,1186.31,139.71,11.776854279235614
C0125,Carlos Pérez,Corporativo,Chile,Centro,O'Higgins,Rancagua,ORD-2023-00335,2023-12-03,P0118,Sobres Nova 8,Oficina,Sobres,6,0.3,974.61,-42.69,-4.380213623911103
C0215,Sofía Castillo,Corporativo,Chile,Norte,Coquimbo,La Serena,ORD-2023-00336,2023-08-24,P0087,Papelería Flex 7,Oficina,Papelería,3,0.1,1999.0,396.0,19.809904952476238
C0215,Sofía Castillo,Corporativo,Chile,Norte,Coquimbo,La Serena,ORD-2023-00336,2023-08-24,P0041,Sillas Eco 1,Muebles,Sillas,2,0.0,309.04,107.9,34.914574165156615
C0215,Sofía Castillo,Corporativo,Chile,Norte,Coquimbo,La Serena,ORD-2023-00336,2023-08-24,P0074,Almacenamiento Smart 4,Muebles,Almacenamiento,8,0.05,3135.08,1022.68,32.62053918879263
C0215,Sofía Castillo,Corporativo,Chile,Norte,Coquimbo,La Serena,ORD-2023-00336,2023-08-24,P0002,Accesorios Smart 2,Tecnología,Accesorios,3,0.0,30.18,12.42,41.15308151093439
C0052,Jorge Contreras,Corporativo,Chile,Sur,La Araucanía,Temuco,ORD-2023-00337,2023-05-10,P0066,Libreros Smart 6,Muebles,Libreros,7,0.2,2015.16,820.77,40.72976835586256
C0052,Jorge Contreras,Corporativo,Chile,Sur,La Araucanía,Temuco,ORD-2023-00337,2023-05-10,P0090,Papelería Plus 10,Oficina,Papelería,4,0.1,2733.8,830.81,30.390299217206813
C0056,Matías Morales,Corporativo,Chile,Centro,Metropolitana,Santiago,ORD-2023-00338,2025-01-09,P0095,Archivadores Plus 5,Oficina,Archivadores,7,0.1,3321.68,1293.4,38.93812769441969
C0056,Matías Morales,Corporativo,Chile,Centro,Metropolitana,Santiago,ORD-2023-00338,2025-01-09,P0094,Archivadores Pro 4,Oficina,Archivadores,3,0.0,540.12,160.02,29.62674961119751
C0056,Matías Morales,Corporativo,Chile,Centro,Metropolitana,Santiago,ORD-2023-00338,2025-01-09,P0076,Almacenamiento Eco 6,Muebles,Almacenamiento,6,0.3,481.91,121.19,25.147849183457488
C0056,Matías Morales,Corporativo,Chile,Centro,Metropolitana,Santiago,ORD-2023-00338,2025-01-09,P0023,Computadores Pro 3,Tecnología,Computadores,5,0.0,3966.85,1991.4,50.20104112835121
C0175,María Fuentes,Consumidor,Chile,Centro,Metropolitana,Santiago,ORD-2023-00339,2023-02-19,P0050,Sillas Nova 10,Muebles,Sillas,6,0.0,1449.78,670.74,46.264950544220504
C0175,María Fuentes,Consumidor,Chile,Centro,Metropolitana,Santiago,ORD-2023-00339,2023-02-19,P0105,Etiquetas Pro 5,Oficina,Etiquetas,4,0.2,830.34,336.31,40.50268564684346
C0175,María Fuentes,Consumidor,Chile,Centro,Metropolitana,Santiago,ORD-2023-00339,2023-02-19,P0013,Teléfonos Nova 3,Tecnología,Teléfonos,6,0.1,1543.64,524.03,33.94768210204451
C0141,Daniela Martínez,Corporativo,Chile,Norte,Tarapacá,Iquique,ORD-2023-00340,2024-05-13,P0119,Sobres Plus 9,Oficina,Sobres,4,0.1,2232.86,877.73,39.30967458774845
C0283,Josefa Díaz,Consumidor,Chile,Austral,Magallanes,Punta Arenas,ORD-2023-00341,2024-06-04,P0107,Etiquetas Pro 7,Oficina,Etiquetas,1,0.15,65.83,24.75,37.59684034634665
C0283,Josefa Díaz,Consumidor,Chile,Austral,Magallanes,Punta Arenas,ORD-2023-00341,2024-06-04,P0094,Archivadores Pro 4,Oficina,Archivadores,8,0.0,1440.32,426.72,29.626749611197518
C0283,Josefa Díaz,Consumidor,Chile,Austral,Magallanes,Punta Arenas,ORD-2023-00341,2024-06-04,P0118,Sobres Nova 8,Oficina,Sobres,2,0.0,464.1,130.86,28.19650937297996
C0283,Josefa Díaz,Consumidor,Chile,Austral,Magallanes,Punta Arenas,ORD-2023-00341,2024-06-04,P0064,Libreros Eco 4,Muebles,Libreros,5,0.0,752.55,178.3,23.692777888512396
C0060,Sebastián López,Home Office,Chile,Norte,Antofagasta,Antofagasta,ORD-2023-00342,2023-12-29,P0036,Periféricos Nova 6,Tecnología,Periféricos,8,0.0,7017.6,3651.12,52.02804377564979
C0060,Sebastián López,Home Office,Chile,Norte,Antofagasta,Antofagasta,ORD-2023-00342,2023-12-29,P0115,Sobres Pro 5,Oficina,Sobres,1,0.2,105.5,23.48,22.255924170616115
C0060,Sebastián López,Home Office,Chile,Norte,Antofagasta,Antofagasta,ORD-2023-00342,2023-12-29,P0025,Computadores Plus 5,Tecnología,Computadores,1,0.0,763.71,244.05,31.955847114742507
C0113,Martina Sepúlveda,Home Office,Chile,Norte,Antofagasta,Antofagasta,ORD-2023-00343,2024-11-20,P0037,Periféricos Nova 7,Tecnología,Periféricos,3,0.05,823.59,348.61,42.32810014691776
C0113,Martina Sepúlveda,Home Office,Chile,Norte,Antofagasta,Antofagasta,ORD-2023-00343,2024-11-20,P0067,Libreros Pro 7,Muebles,Libreros,4,0.0,691.08,254.96,36.89297910516872
C0113,Martina Sepúlveda,Home Office,Chile,Norte,Antofagasta,Antofagasta,ORD-2023-00343,2024-11-20,P0072,Almacenamiento Nova 2,Muebles,Almacenamiento,4,0.0,2755.92,1043.52,37.86466951145171
C0113,Martina Sepúlveda,Home Office,Chile,Norte,Antofagasta,Antofagasta,ORD-2023-00343,2024-11-20,P0079,Almacenamiento Nova 9,Muebles,Almacenamiento,7,0.05,324.99,72.74,22.382227145450628
C0272,Tomás González,Consumidor,Chile,Centro,Metropolitana,Santiago,ORD-2023-00344,2024-11-03,P0063,Libreros Smart 3,Muebles,Libreros,7,0.15,1484.41,190.67,12.844833974441022
C0272,Tomás González,Consumidor,Chile,Centro,Metropolitana,Santiago,ORD-2023-00344,2024-11-03,P0013,Teléfonos Nova 3,Tecnología,Teléfonos,4,0.0,1143.44,448.4,39.21500034982159
C0272,Tomás González,Consumidor,Chile,Centro,Metropolitana,Santiago,ORD-2023-00344,2024-11-03,P0054,Mesas Eco 4,Muebles,Mesas,8,0.15,561.14,83.7,14.916063727412055
C0272,Tomás González,Consumidor,Chile,Centro,Metropolitana,Santiago,ORD-2023-00344,2024-11-03,P0015,Teléfonos Plus 5,Tecnología,Teléfonos,3,0.3,1466.85,-194.7,-13.273340832395949
C0178,Carlos Espinoza,Home Office,Chile,Centro,Valparaíso,Valparaíso,ORD-2023-00345,2024-12-14,P0077,Almacenamiento Nova 7,Muebles,Almacenamiento,7,0.05,728.11,359.85,49.42247737292442
C0178,Carlos Espinoza,Home Office,Chile,Centro,Valparaíso,Valparaíso,ORD-2023-00345,2024-12-14,P0065,Libreros Pro 5,Muebles,Libreros,4,0.2,1372.13,581.15,42.35385859940384
C0178,Carlos Espinoza,Home Office,Chile,Centro,Valparaíso,Valparaíso,ORD-2023-00345,2024-12-14,P0034,Periféricos Flex 4,Tecnología,Periféricos,6,0.2,2014.46,381.73,18.94949515006503
C0178,Carlos Espinoza,Home Office,Chile,Centro,Valparaíso,Valparaíso,ORD-2023-00345,2024-12-14,P0055,Mesas Plus 5,Muebles,Mesas,7,0.1,3648.39,1207.48,33.09624245215013
C0249,Ignacio Sepúlveda,Home Office,Chile,Norte,Coquimbo,La Serena,ORD-2023-00346,2025-01-15,P0069,Libreros Smart 9,Muebles,Libreros,4,0.0,2671.44,791.24,29.618482915581108
C0249,Ignacio Sepúlveda,Home Office,Chile,Norte,Coquimbo,La Serena,ORD-2023-00346,2025-01-15,P0017,Teléfonos Plus 7,Tecnología,Teléfonos,1,0.0,255.85,92.47,36.142270861833104
C0171,Daniela Araya,Home Office,Chile,Norte,Coquimbo,La Serena,ORD-2023-00347,2023-12-28,P0047,Sillas Plus 7,Muebles,Sillas,4,0.0,2791.32,708.24,25.372941833971023
C0171,Daniela Araya,Home Office,Chile,Norte,Coquimbo,La Serena,ORD-2023-00347,2023-12-28,P0111,Sobres Flex 1,Oficina,Sobres,4,0.1,1853.5,630.44,34.013487995683846
C0170,Sofía Rojas,Consumidor,Chile,Centro,Metropolitana,Santiago,ORD-2023-00348,2024-02-28,P0097,Archivadores Smart 7,Oficina,Archivadores,2,0.2,427.26,-3.16,-0.7395964986191078
C0081,Felipe González,Home Office,Chile,Centro,Maule,Talca,ORD-2023-00349,2023-10-17,P0084,Papelería Flex 4,Oficina,Papelería,7,0.0,5152.84,2691.92,52.241482367005375
C0081,Felipe González,Home Office,Chile,Centro,Maule,Talca,ORD-2023-00349,2023-10-17,P0111,Sobres Flex 1,Oficina,Sobres,2,0.0,1029.72,430.6,41.81719302334616
C0081,Felipe González,Home Office,Chile,Centro,Maule,Talca,ORD-2023-00349,2023-10-17,P0003,Accesorios Plus 3,Tecnología,Accesorios,1,0.0,868.26,183.16,21.095063690599588
C0081,Felipe González,Home Office,Chile,Centro,Maule,Talca,ORD-2023-00349,2023-10-17,P0025,Computadores Plus 5,Tecnología,Computadores,5,0.15,3245.77,664.62,20.476497102382485
C0155,Constanza Hernández,Home Office,Chile,Sur,Biobío,Concepción,ORD-2023-00350,2023-10-08,P0055,Mesas Plus 5,Muebles,Mesas,2,0.05,1100.31,411.19,37.37037743908535
C0155,Constanza Hernández,Home Office,Chile,Sur,Biobío,Concepción,ORD-2023-00350,2023-10-08,P0062,Libreros Plus 2,Muebles,Libreros,5,0.05,2211.98,1040.11,47.021672890351624
C0155,Constanza Hernández,Home Office,Chile,Sur,Biobío,Concepción,ORD-2023-00350,2023-10-08,P0094,Archivadores Pro 4,Oficina,Archivadores,7,0.15,1071.24,164.47,15.353235502781823
C0232,Catalina López,Corporativo,Chile,Austral,Aysén,Coyhaique,ORD-2023-00351,2023-08-18,P0062,Libreros Plus 2,Muebles,Libreros,2,0.1,838.22,373.53,44.5622867504951
C0232,Catalina López,Corporativo,Chile,Austral,Aysén,Coyhaique,ORD-2023-00351,2023-08-18,P0013,Teléfonos Nova 3,Tecnología,Teléfonos,3,0.05,814.7,287.16,35.24733030563398
C0232,Catalina López,Corporativo,Chile,Austral,Aysén,Coyhaique,ORD-2023-00351,2023-08-18,P0076,Almacenamiento Eco 6,Muebles,Almacenamiento,4,0.0,458.96,211.84,46.1565278019871
C0268,Paula Castillo,Corporativo,Chile,Sur,La Araucanía,Temuco,ORD-2023-00352,2025-01-10,P0040,Periféricos Eco 10,Tecnología,Periféricos,6,0.0,4452.06,1868.58,41.971132464522036
C0268,Paula Castillo,Corporativo,Chile,Sur,La Araucanía,Temuco,ORD-2023-00352,2025-01-10,P0112,Sobres Pro 2,Oficina,Sobres,1,0.1,408.28,178.62,43.749387675124915
C0268,Paula Castillo,Corporativo,Chile,Sur,La Araucanía,Temuco,ORD-2023-00352,2025-01-10,P0070,Libreros Eco 10,Muebles,Libreros,8,0.15,5213.49,1274.24,24.441209247548187
C0268,Paula Castillo,Corporativo,Chile,Sur,La Araucanía,Temuco,ORD-2023-00352,2025-01-10,P0042,Sillas Flex 2,Muebles,Sillas,8,0.3,3118.14,96.74,3.102490587337323
C0054,Catalina Araya,Corporativo,Chile,Sur,La Araucanía,Temuco,ORD-2023-00353,2024-03-11,P0022,Computadores Pro 2,Tecnología,Computadores,4,0.3,1207.42,274.56,22.73939474250882
C0020,Pedro Martínez,Home Office,Chile,Norte,Antofagasta,Antofagasta,ORD-2023-00354,2024-03-10,P0038,Periféricos Nova 8,Tecnología,Periféricos,2,0.2,654.27,121.18,18.521405535940822
C0268,Paula Castillo,Corporativo,Chile,Sur,La Araucanía,Temuco,ORD-2023-00355,2023-11-27,P0067,Libreros Pro 7,Muebles,Libreros,4,0.15,587.42,150.49,25.618807667427056
C0268,Paula Castillo,Corporativo,Chile,Sur,La Araucanía,Temuco,ORD-2023-00355,2023-11-27,P0061,Libreros Plus 1,Muebles,Libreros,8,0.05,6652.74,2881.64,43.31508521300998
C0268,Paula Castillo,Corporativo,Chile,Sur,La Araucanía,Temuco,ORD-2023-00355,2023-11-27,P0022,Computadores Pro 2,Tecnología,Computadores,8,0.0,3449.76,1737.12,50.35480729094197
C0077,Paula Morales,Home Office,Chile,Centro,Maule,Talca,ORD-2023-00356,2024-04-26,P0069,Libreros Smart 9,Muebles,Libreros,8,0.15,4541.45,910.97,20.059011989562805
C0081,Felipe González,Home Office,Chile,Centro,Maule,Talca,ORD-2023-00357,2023-03-10,P0119,Sobres Plus 9,Oficina,Sobres,4,0.1,2232.86,863.52,38.673271051476576
C0300,Camila Díaz,Corporativo,Chile,Sur,Los Lagos,Puerto Montt,ORD-2023-00358,2025-01-16,P0014,Teléfonos Pro 4,Tecnología,Teléfonos,4,0.1,281.05,141.19,50.23661270236612
C0300,Camila Díaz,Corporativo,Chile,Sur,Los Lagos,Puerto Montt,ORD-2023-00358,2025-01-16,P0017,Teléfonos Plus 7,Tecnología,Teléfonos,7,0.15,1522.31,370.52,24.33932641840361
C0243,Nicolás López,Corporativo,Chile,Austral,Magallanes,Punta Arenas,ORD-2023-00359,2023-08-03,P0019,Teléfonos Eco 9,Tecnología,Teléfonos,3,0.3,1103.4,-156.18,-14.154431756389341
C0243,Nicolás López,Corporativo,Chile,Austral,Magallanes,Punta Arenas,ORD-2023-00359,2023-08-03,P0010,Accesorios Nova 10,Tecnología,Accesorios,1,0.0,678.08,181.01,26.694490325625292
C0218,Andrés Espinoza,Corporativo,Chile,Centro,Maule,Talca,ORD-2023-00360,2024-11-11,P0091,Archivadores Flex 1,Oficina,Archivadores,8,0.15,3503.97,732.93,20.9171311398214
C0218,Andrés Espinoza,Corporativo,Chile,Centro,Maule,Talca,ORD-2023-00360,2024-11-11,P0068,Libreros Pro 8,Muebles,Libreros,2,0.05,1213.02,371.15,30.597187185701802
C0218,Andrés Espinoza,Corporativo,Chile,Centro,Maule,Talca,ORD-2023-00360,2024-11-11,P0092,Archivadores Nova 2,Oficina,Archivadores,3,0.2,1479.17,543.43,36.738846785697376
C0218,Andrés Espinoza,Corporativo,Chile,Centro,Maule,Talca,ORD-2023-00360,2024-11-11,P0089,Papelería Plus 9,Oficina,Papelería,5,0.0,1755.6,596.55,33.979835953520166
C0179,Benjamín Díaz,Corporativo,Chile,Sur,Biobío,Concepción,ORD-2023-00361,2023-07-02,P0028,Computadores Pro 8,Tecnología,Computadores,4,0.2,1478.82,534.14,36.119338391420186
C0179,Benjamín Díaz,Corporativo,Chile,Sur,Biobío,Concepción,ORD-2023-00361,2023-07-02,P0026,Computadores Plus 6,Tecnología,Computadores,8,0.15,3245.91,214.75,6.616018312276065
C0179,Benjamín Díaz,Corporativo,Chile,Sur,Biobío,Concepción,ORD-2023-00361,2023-07-02,P0076,Almacenamiento Eco 6,Muebles,Almacenamiento,5,0.15,487.64,192.72,39.52095808383233
C0179,Benjamín Díaz,Corporativo,Chile,Sur,Biobío,Concepción,ORD-2023-00361,2023-07-02,P0118,Sobres Nova 8,Oficina,Sobres,5,0.0,1160.25,327.15,28.19650937297996
C0141,Daniela Martínez,Corporativo,Chile,Norte,Tarapacá,Iquique,ORD-2023-00362,2024-10-19,P0111,Sobres Flex 1,Oficina,Sobres,8,0.3,2883.22,491.53,17.047953329957476
C0280,Constanza González,Corporativo,Chile,Sur,La Araucanía,Temuco,ORD-2023-00363,2025-04-06,P0112,Sobres Pro 2,Oficina,Sobres,3,0.0,1360.95,682.32,50.13556706712223
C0280,Constanza González,Corporativo,Chile,Sur,La Araucanía,Temuco,ORD-2023-00363,2025-04-06,P0008,Accesorios Plus 8,Tecnología,Accesorios,8,0.0,3172.8,971.28,30.61270801815431
C0100,Diego Díaz,Consumidor,Chile,Sur,Biobío,Concepción,ORD-2023-00364,2024-11-01,P0116,Sobres Flex 6,Oficina,Sobres,6,0.0,4645.14,1734.84,37.34742117568038
C0100,Diego Díaz,Consumidor,Chile,Sur,Biobío,Concepción,ORD-2023-00364,2024-11-01,P0054,Mesas Eco 4,Muebles,Mesas,1,0.0,82.52,21.59,26.16335433834222
C0137,Javiera Díaz,Corporativo,Chile,Sur,Los Ríos,Valdivia,ORD-2023-00365,2023-03-27,P0040,Periféricos Eco 10,Tecnología,Periféricos,5,0.15,3153.54,1085.74,34.42924459496312
C0291,Felipe Contreras,Consumidor,Chile,Sur,Los Lagos,Puerto Montt,ORD-2023-00366,2024-12-14,P0094,Archivadores Pro 4,Oficina,Archivadores,2,0.0,360.08,106.68,29.626749611197518
C0291,Felipe Contreras,Consumidor,Chile,Sur,Los Lagos,Puerto Montt,ORD-2023-00366,2024-12-14,P0099,Archivadores Eco 9,Oficina,Archivadores,3,0.0,31.71,16.71,52.69631031220435
C0236,Fernanda Sepúlveda,Home Office,Chile,Centro,Maule,Talca,ORD-2023-00367,2023-03-25,P0040,Periféricos Eco 10,Tecnología,Periféricos,1,0.2,593.61,150.8,25.403884705446337
C0236,Fernanda Sepúlveda,Home Office,Chile,Centro,Maule,Talca,ORD-2023-00367,2023-03-25,P0036,Periféricos Nova 6,Tecnología,Periféricos,3,0.15,2236.86,988.01,44.16950546748567
C0140,Ignacio López,Home Office,Chile,Centro,Maule,Talca,ORD-2023-00368,2023-07-24,P0063,Libreros Smart 3,Muebles,Libreros,6,0.15,1272.35,180.9,14.217785986560303
C0088,Benjamín Fuentes,Corporativo,Chile,Centro,O'Higgins,Rancagua,ORD-2023-00369,2023-02-07,P0045,Sillas Eco 5,Muebles,Sillas,5,0.05,2540.78,591.02,23.2613606845142
C0088,Benjamín Fuentes,Corporativo,Chile,Centro,O'Higgins,Rancagua,ORD-2023-00369,2023-02-07,P0012,Teléfonos Flex 2,Tecnología,Teléfonos,4,0.1,1218.53,557.55,45.755951843614845
C0088,Benjamín Fuentes,Corporativo,Chile,Centro,O'Higgins,Rancagua,ORD-2023-00369,2023-02-07,P0005,Accesorios Flex 5,Tecnología,Accesorios,2,0.0,1783.34,681.72,38.227146814404435
C0088,Benjamín Fuentes,Corporativo,Chile,Centro,O'Higgins,Rancagua,ORD-2023-00369,2023-02-07,P0076,Almacenamiento Eco 6,Muebles,Almacenamiento,6,0.15,585.17,211.86,36.20486354392741
C0166,Sofía Fuentes,Home Office,Chile,Centro,Metropolitana,Santiago,ORD-2023-00370,2024-12-19,P0061,Libreros Plus 1,Muebles,Libreros,6,0.15,4464.34,1635.23,36.628706594927806
C0166,Sofía Fuentes,Home Office,Chile,Centro,Metropolitana,Santiago,ORD-2023-00370,2024-12-19,P0024,Computadores Nova 4,Tecnología,Computadores,6,0.1,4359.69,2007.82,46.05419192649019
C0166,Sofía Fuentes,Home Office,Chile,Centro,Metropolitana,Santiago,ORD-2023-00370,2024-12-19,P0097,Archivadores Smart 7,Oficina,Archivadores,1,0.3,186.93,-31.97,-17.102658749264428
C0166,Sofía Fuentes,Home Office,Chile,Centro,Metropolitana,Santiago,ORD-2023-00370,2024-12-19,P0076,Almacenamiento Eco 6,Muebles,Almacenamiento,7,0.2,642.54,211.78,32.95981573131634
C0130,Martina Silva,Home Office,Chile,Centro,Valparaíso,Valparaíso,ORD-2023-00371,2025-01-10,P0119,Sobres Plus 9,Oficina,Sobres,4,0.0,2480.96,1090.2,43.94266735457242
C0296,Catalina Muñoz,Consumidor,Chile,Sur,Biobío,Concepción,ORD-2023-00372,2024-02-15,P0017,Teléfonos Plus 7,Tecnología,Teléfonos,6,0.0,1535.1,554.82,36.14227086183311
C0296,Catalina Muñoz,Consumidor,Chile,Sur,Biobío,Concepción,ORD-2023-00372,2024-02-15,P0102,Etiquetas Pro 2,Oficina,Etiquetas,3,0.15,1093.16,277.5,25.385122031541584
C0236,Fernanda Sepúlveda,Home Office,Chile,Centro,Maule,Talca,ORD-2023-00373,2023-01-01,P0110,Etiquetas Nova 10,Oficina,Etiquetas,4,0.2,193.02,61.17,31.691016474976685
C0236,Fernanda Sepúlveda,Home Office,Chile,Centro,Maule,Talca,ORD-2023-00373,2023-01-01,P0020,Teléfonos Flex 10,Tecnología,Teléfonos,6,0.0,2966.34,1495.92,50.42982260968062
C0052,Jorge Contreras,Corporativo,Chile,Sur,La Araucanía,Temuco,ORD-2023-00374,2024-04-27,P0107,Etiquetas Pro 7,Oficina,Etiquetas,8,0.05,588.62,245.68,41.73830314974007
C0052,Jorge Contreras,Corporativo,Chile,Sur,La Araucanía,Temuco,ORD-2023-00374,2024-04-27,P0050,Sillas Nova 10,Muebles,Sillas,3,0.15,616.16,215.2,34.925993248506884
C0052,Jorge Contreras,Corporativo,Chile,Sur,La Araucanía,Temuco,ORD-2023-00374,2024-04-27,P0052,Mesas Nova 2,Muebles,Mesas,6,0.1,2668.41,364.28,13.651575282658962
C0052,Jorge Contreras,Corporativo,Chile,Sur,La Araucanía,Temuco,ORD-2023-00374,2024-04-27,P0077,Almacenamiento Nova 7,Muebles,Almacenamiento,7,0.0,766.43,390.95,51.00922458672025
C0114,Daniela Rojas,Home Office,Chile,Austral,Aysén,Coyhaique,ORD-2023-00375,2024-09-15,P0079,Almacenamiento Nova 9,Muebles,Almacenamiento,7,0.0,342.09,90.79,26.539799467976266
C0256,Daniela Araya,Corporativo,Chile,Austral,Aysén,Coyhaique,ORD-2023-00376,2023-07-12,P0055,Mesas Plus 5,Muebles,Mesas,3,0.1,1563.6,559.27,35.768099258122284
C0256,Daniela Araya,Corporativo,Chile,Austral,Aysén,Coyhaique,ORD-2023-00376,2023-07-12,P0005,Accesorios Flex 5,Tecnología,Accesorios,5,0.2,3566.68,926.94,25.988874807944644
C0265,Fernanda Castillo,Consumidor,Chile,Sur,Biobío,Concepción,ORD-2023-00377,2023-04-19,P0103,Etiquetas Nova 3,Oficina,Etiquetas,1,0.0,538.6,194.97,36.19940586706276
C0265,Fernanda Castillo,Consumidor,Chile,Sur,Biobío,Concepción,ORD-2023-00377,2023-04-19,P0088,Papelería Eco 8,Oficina,Papelería,8,0.0,5566.72,2183.92,39.231719935617384
C0265,Fernanda Castillo,Consumidor,Chile,Sur,Biobío,Concepción,ORD-2023-00377,2023-04-19,P0055,Mesas Plus 5,Muebles,Mesas,1,0.1,521.2,183.79,35.26285495011511
C0265,Fernanda Castillo,Consumidor,Chile,Sur,Biobío,Concepción,ORD-2023-00377,2023-04-19,P0078,Almacenamiento Eco 8,Muebles,Almacenamiento,8,0.15,2041.5,917.88,44.96105804555474
C0274,Paula Araya,Corporativo,Chile,Austral,Aysén,Coyhaique,ORD-2023-00378,2024-01-09,P0020,Teléfonos Flex 10,Tecnología,Teléfonos,1,0.15,420.23,161.87,38.51938224305737
C0102,Sofía Torres,Consumidor,Chile,Centro,Metropolitana,Santiago,ORD-2023-00379,2024-06-11,P0037,Periféricos Nova 7,Tecnología,Periféricos,1,0.0,288.98,131.43,45.48065610076822
C0102,Sofía Torres,Consumidor,Chile,Centro,Metropolitana,Santiago,ORD-2023-00379,2024-06-11,P0047,Sillas Plus 7,Muebles,Sillas,1,0.15,593.16,82.76,13.952390586013893
C0102,Sofía Torres,Consumidor,Chile,Centro,Metropolitana,Santiago,ORD-2023-00379,2024-06-11,P0087,Papelería Flex 7,Oficina,Papelería,5,0.0,3701.85,1074.0,29.012520766643707
C0102,Sofía Torres,Consumidor,Chile,Centro,Metropolitana,Santiago,ORD-2023-00379,2024-06-11,P0038,Periféricos Nova 8,Tecnología,Periféricos,6,0.2,1962.82,555.54,28.303155663789852
C0153,Matías Martínez,Home Office,Chile,Centro,Metropolitana,Santiago,ORD-2023-00380,2024-10-13,P0032,Periféricos Eco 2,Tecnología,Periféricos,3,0.0,2170.77,651.42,30.008706587984907
C0153,Matías Martínez,Home Office,Chile,Centro,Metropolitana,Santiago,ORD-2023-00380,2024-10-13,P0094,Archivadores Pro 4,Oficina,Archivadores,3,0.3,378.08,2.45,0.648011002962336
C0153,Matías Martínez,Home Office,Chile,Centro,Metropolitana,Santiago,ORD-2023-00380,2024-10-13,P0045,Sillas Eco 5,Muebles,Sillas,8,0.05,4065.24,896.28,22.047406795170765
C0153,Matías Martínez,Home Office,Chile,Centro,Metropolitana,Santiago,ORD-2023-00380,2024-10-13,P0006,Accesorios Nova 6,Tecnología,Accesorios,2,0.15,1477.78,446.77,30.232510928554994
C0052,Jorge Contreras,Corporativo,Chile,Sur,La Araucanía,Temuco,ORD-2023-00381,2024-01-27,P0003,Accesorios Plus 3,Tecnología,Accesorios,3,0.1,2344.3,265.91,11.3428315488632
C0052,Jorge Contreras,Corporativo,Chile,Sur,La Araucanía,Temuco,ORD-2023-00381,2024-01-27,P0108,Etiquetas Flex 8,Oficina,Etiquetas,7,0.0,3436.65,688.87,20.0448110805581
C0052,Jorge Contreras,Corporativo,Chile,Sur,La Araucanía,Temuco,ORD-2023-00381,2024-01-27,P0039,Periféricos Nova 9,Tecnología,Periféricos,4,0.0,948.44,192.8,20.328117751254695
C0052,Jorge Contreras,Corporativo,Chile,Sur,La Araucanía,Temuco,ORD-2023-00381,2024-01-27,P0028,Computadores Pro 8,Tecnología,Computadores,7,0.1,2911.42,1193.73,41.00164181052545
C0142,Tomás Soto,Consumidor,Chile,Centro,Maule,Talca,ORD-2023-00382,2024-05-28,P0053,Mesas Eco 3,Muebles,Mesas,4,0.0,1482.84,528.0,35.6073480618273
C0141,Daniela Martínez,Corporativo,Chile,Norte,Tarapacá,Iquique,ORD-2023-00383,2023-10-01,P0029,Computadores Eco 9,Tecnología,Computadores,1,0.15,238.95,44.18,18.4892236869638
C0141,Daniela Martínez,Corporativo,Chile,Norte,Tarapacá,Iquique,ORD-2023-00383,2023-10-01,P0094,Archivadores Pro 4,Oficina,Archivadores,8,0.2,1152.26,123.13,10.68595629458629
C0278,Fernanda Castillo,Corporativo,Chile,Sur,Los Lagos,Puerto Montt,ORD-2023-00384,2024-02-03,P0106,Etiquetas Eco 6,Oficina,Etiquetas,8,0.0,1796.56,848.8,47.2458476198958
C0278,Fernanda Castillo,Corporativo,Chile,Sur,Los Lagos,Puerto Montt,ORD-2023-00384,2024-02-03,P0027,Computadores Flex 7,Tecnología,Computadores,3,0.2,95.23,41.46,43.53670061955266
C0278,Fernanda Castillo,Corporativo,Chile,Sur,Los Lagos,Puerto Montt,ORD-2023-00384,2024-02-03,P0085,Papelería Smart 5,Oficina,Papelería,2,0.3,1041.61,-51.32,-4.926988028148731
C0043,Carlos Pérez,Corporativo,Chile,Austral,Magallanes,Punta Arenas,ORD-2023-00385,2023-08-01,P0058,Mesas Nova 8,Muebles,Mesas,8,0.0,1880.56,434.8,23.120772535840388
C0043,Carlos Pérez,Corporativo,Chile,Austral,Magallanes,Punta Arenas,ORD-2023-00385,2023-08-01,P0080,Almacenamiento Plus 10,Muebles,Almacenamiento,6,0.2,3797.33,1539.02,40.52900327335259
C0043,Carlos Pérez,Corporativo,Chile,Austral,Magallanes,Punta Arenas,ORD-2023-00385,2023-08-01,P0097,Archivadores Smart 7,Oficina,Archivadores,5,0.3,934.64,-188.77,-20.197081229136355
C0276,Antonia López,Home Office,Chile,Centro,Valparaíso,Valparaíso,ORD-2023-00386,2023-05-15,P0028,Computadores Pro 8,Tecnología,Computadores,2,0.1,831.83,362.08,43.52812473702559
C0276,Antonia López,Home Office,Chile,Centro,Valparaíso,Valparaíso,ORD-2023-00386,2023-05-15,P0099,Archivadores Eco 9,Oficina,Archivadores,7,0.2,59.19,25.07,42.3551275553303
C0215,Sofía Castillo,Corporativo,Chile,Norte,Coquimbo,La Serena,ORD-2023-00387,2024-09-05,P0029,Computadores Eco 9,Tecnología,Computadores,7,0.3,1377.49,-79.52,-5.772818677449563
C0215,Sofía Castillo,Corporativo,Chile,Norte,Coquimbo,La Serena,ORD-2023-00387,2024-09-05,P0106,Etiquetas Eco 6,Oficina,Etiquetas,8,0.0,1796.56,848.8,47.2458476198958
C0215,Sofía Castillo,Corporativo,Chile,Norte,Coquimbo,La Serena,ORD-2023-00387,2024-09-05,P0052,Mesas Nova 2,Muebles,Mesas,5,0.0,2470.75,582.25,23.56571891126176
C0215,Sofía Castillo,Corporativo,Chile,Norte,Coquimbo,La Serena,ORD-2023-00387,2024-09-05,P0098,Archivadores Nova 8,Oficina,Archivadores,8,0.0,1871.28,555.04,29.660980719079987
C0197,Antonia Contreras,Corporativo,Chile,Centro,Metropolitana,Santiago,ORD-2023-00388,2024-08-17,P0018,Teléfonos Flex 8,Tecnología,Teléfonos,2,0.2,1098.05,106.61,9.709029643458859
C0197,Antonia Contreras,Corporativo,Chile,Centro,Metropolitana,Santiago,ORD-2023-00388,2024-08-17,P0079,Almacenamiento Nova 9,Muebles,Almacenamiento,4,0.0,195.48,51.88,26.539799467976266
C0047,Ana Díaz,Consumidor,Chile,Centro,O'Higgins,Rancagua,ORD-2023-00389,2024-01-15,P0109,Etiquetas Smart 9,Oficina,Etiquetas,3,0.3,1603.96,-38.0,-2.3691363874410833
C0047,Ana Díaz,Consumidor,Chile,Centro,O'Higgins,Rancagua,ORD-2023-00389,2024-01-15,P0023,Computadores Pro 3,Tecnología,Computadores,8,0.05,6029.61,2891.4,47.95335021668068
C0034,Camila Sepúlveda,Consumidor,Chile,Norte,Tarapacá,Iquique,ORD-2023-00390,2023-02-01,P0060,Mesas Smart 10,Muebles,Mesas,2,0.15,269.09,74.91,27.838269723884203
C0034,Camila Sepúlveda,Consumidor,Chile,Norte,Tarapacá,Iquique,ORD-2023-00390,2023-02-01,P0032,Periféricos Eco 2,Tecnología,Periféricos,8,0.0,5788.72,1737.12,30.008706587984907
C0209,Benjamín Castillo,Consumidor,Chile,Norte,Tarapacá,Iquique,ORD-2023-00391,2024-06-16,P0092,Archivadores Nova 2,Oficina,Archivadores,1,0.3,431.42,123.91,28.72143155162023
C0150,Constanza Soto,Corporativo,Chile,Sur,La Araucanía,Temuco,ORD-2023-00392,2025-04-11,P0092,Archivadores Nova 2,Oficina,Archivadores,8,0.2,3944.45,1359.64,34.469697930002916
C0150,Constanza Soto,Corporativo,Chile,Sur,La Araucanía,Temuco,ORD-2023-00392,2025-04-11,P0019,Teléfonos Eco 9,Tecnología,Teléfonos,5,0.0,2627.15,645.95,24.587480730068705
C0150,Constanza Soto,Corporativo,Chile,Sur,La Araucanía,Temuco,ORD-2023-00392,2025-04-11,P0053,Mesas Eco 3,Muebles,Mesas,6,0.0,2224.26,792.0,35.607348061827295
C0150,Constanza Soto,Corporativo,Chile,Sur,La Araucanía,Temuco,ORD-2023-00392,2025-04-11,P0027,Computadores Flex 7,Tecnología,Computadores,5,0.0,198.4,104.9,52.87298387096774
C0235,María Hernández,Consumidor,Chile,Austral,Aysén,Coyhaique,ORD-2023-00393,2024-12-27,P0043,Sillas Smart 3,Muebles,Sillas,8,0.1,5073.12,1812.7,35.731463083861605
C0235,María Hernández,Consumidor,Chile,Austral,Aysén,Coyhaique,ORD-2023-00393,2024-12-27,P0098,Archivadores Nova 8,Oficina,Archivadores,3,0.0,701.73,208.14,29.660980719079987
C0235,María Hernández,Consumidor,Chile,Austral,Aysén,Coyhaique,ORD-2023-00393,2024-12-27,P0029,Computadores Eco 9,Tecnología,Computadores,6,0.15,1433.71,215.19,15.00931150651108
C0235,María Hernández,Consumidor,Chile,Austral,Aysén,Coyhaique,ORD-2023-00393,2024-12-27,P0092,Archivadores Nova 2,Oficina,Archivadores,3,0.1,1664.06,739.1,44.41546578849321
C0151,María Pérez,Consumidor,Chile,Norte,Tarapacá,Iquique,ORD-2023-00394,2023-06-08,P0033,Periféricos Nova 3,Tecnología,Periféricos,4,0.0,3533.4,763.48,21.607516839304918
C0151,María Pérez,Consumidor,Chile,Norte,Tarapacá,Iquique,ORD-2023-00394,2023-06-08,P0019,Teléfonos Eco 9,Tecnología,Teléfonos,1,0.1,472.89,79.5,16.811520649622537
C0151,María Pérez,Consumidor,Chile,Norte,Tarapacá,Iquique,ORD-2023-00394,2023-06-08,P0062,Libreros Plus 2,Muebles,Libreros,3,0.15,1187.48,469.02,39.49708626671607
C0151,María Pérez,Consumidor,Chile,Norte,Tarapacá,Iquique,ORD-2023-00394,2023-06-08,P0067,Libreros Pro 7,Muebles,Libreros,6,0.2,829.3,144.81,17.461714699143858
C0087,Tomás Fuentes,Home Office,Chile,Sur,Los Ríos,Valdivia,ORD-2023-00395,2024-06-21,P0040,Periféricos Eco 10,Tecnología,Periféricos,4,0.05,2819.64,1118.09,39.65364372756805
C0087,Tomás Fuentes,Home Office,Chile,Sur,Los Ríos,Valdivia,ORD-2023-00395,2024-06-21,P0084,Papelería Flex 4,Oficina,Papelería,4,0.15,2502.81,1096.78,43.821944134792496
C0269,Javiera Soto,Corporativo,Chile,Sur,Los Ríos,Valdivia,ORD-2023-00396,2023-08-22,P0035,Periféricos Nova 5,Tecnología,Periféricos,2,0.0,1529.42,451.9,29.547148592276805
C0126,Jorge Hernández,Home Office,Chile,Centro,Valparaíso,Valparaíso,ORD-2023-00397,2023-09-20,P0023,Computadores Pro 3,Tecnología,Computadores,1,0.1,714.03,317.29,44.43650826996065
C0126,Jorge Hernández,Home Office,Chile,Centro,Valparaíso,Valparaíso,ORD-2023-00397,2023-09-20,P0096,Archivadores Pro 6,Oficina,Archivadores,4,0.0,2825.96,1239.88,43.87464790725984
C0126,Jorge Hernández,Home Office,Chile,Centro,Valparaíso,Valparaíso,ORD-2023-00397,2023-09-20,P0067,Libreros Pro 7,Muebles,Libreros,5,0.0,863.85,318.7,36.89297910516872
C0126,Jorge Hernández,Home Office,Chile,Centro,Valparaíso,Valparaíso,ORD-2023-00397,2023-09-20,P0075,Almacenamiento Plus 5,Muebles,Almacenamiento,8,0.3,2981.22,1018.13,34.151454773549084
C0164,Tomás Martínez,Consumidor,Chile,Sur,Los Lagos,Puerto Montt,ORD-2023-00398,2025-03-19,P0013,Teléfonos Nova 3,Tecnología,Teléfonos,4,0.3,800.41,132.82,16.59399557726665
C0164,Tomás Martínez,Consumidor,Chile,Sur,Los Lagos,Puerto Montt,ORD-2023-00398,2025-03-19,P0075,Almacenamiento Plus 5,Muebles,Almacenamiento,7,0.0,3726.52,1829.17,49.085205500037574
C0100,Diego Díaz,Consumidor,Chile,Sur,Biobío,Concepción,ORD-2023-00399,2024-08-26,P0077,Almacenamiento Nova 7,Muebles,Almacenamiento,5,0.3,383.21,106.4,27.765454972469406
C0100,Diego Díaz,Consumidor,Chile,Sur,Biobío,Concepción,ORD-2023-00399,2024-08-26,P0065,Libreros Pro 5,Muebles,Libreros,8,0.1,3087.29,1322.87,42.848906322373345
C0100,Diego Díaz,Consumidor,Chile,Sur,Biobío,Concepción,ORD-2023-00399,2024-08-26,P0034,Periféricos Flex 4,Tecnología,Periféricos,4,0.15,1426.91,346.47,24.28113896461585
C0100,Diego Díaz,Consumidor,Chile,Sur,Biobío,Concepción,ORD-2023-00399,2024-08-26,P0081,Papelería Smart 1,Oficina,Papelería,8,0.0,6563.68,2501.2,38.10667186700144
C0250,Daniela Soto,Home Office,Chile,Sur,Los Ríos,Valdivia,ORD-2023-00400,2023-01-07,P0009,Accesorios Flex 9,Tecnología,Accesorios,7,0.1,5435.51,2325.57,42.784761687495745
C0250,Daniela Soto,Home Office,Chile,Sur,Los Ríos,Valdivia,ORD-2023-00400,2023-01-07,P0044,Sillas Plus 4,Muebles,Sillas,3,0.05,2076.37,719.82,34.66723175541932
C0110,Diego Hernández,Consumidor,Chile,Sur,Los Lagos,Puerto Montt,ORD-2024-00401,2023-11-11,P0074,Almacenamiento Smart 4,Muebles,Almacenamiento,3,0.15,1051.9,295.16,28.059701492537314
C0110,Diego Hernández,Consumidor,Chile,Sur,Los Lagos,Puerto Montt,ORD-2024-00401,2023-11-11,P0101,Etiquetas Eco 1,Oficina,Etiquetas,3,0.0,1736.13,579.12,33.35694907639405
C0167,Antonia Espinoza,Consumidor,Chile,Centro,Metropolitana,Santiago,ORD-2024-00402,2024-06-12,P0061,Libreros Plus 1,Muebles,Libreros,5,0.15,3720.28,1494.76,40.178696227165695
C0167,Antonia Espinoza,Consumidor,Chile,Centro,Metropolitana,Santiago,ORD-2024-00402,2024-06-12,P0094,Archivadores Pro 4,Oficina,Archivadores,6,0.15,918.2,161.26,17.562622522326286
C0167,Antonia Espinoza,Consumidor,Chile,Centro,Metropolitana,Santiago,ORD-2024-00402,2024-06-12,P0073,Almacenamiento Eco 3,Muebles,Almacenamiento,7,0.2,978.66,186.75,19.08221445650175
C0029,Fernanda Díaz,Consumidor,Chile,Austral,Aysén,Coyhaique,ORD-2024-00403,2024-02-23,P0003,Accesorios Plus 3,Tecnología,Accesorios,4,0.05,3299.39,547.73,16.600947447861575
C0029,Fernanda Díaz,Consumidor,Chile,Austral,Aysén,Coyhaique,ORD-2024-00403,2024-02-23,P0038,Periféricos Nova 8,Tecnología,Periféricos,6,0.0,2453.52,951.54,38.78264697251296
C0029,Fernanda Díaz,Consumidor,Chile,Austral,Aysén,Coyhaique,ORD-2024-00403,2024-02-23,P0042,Sillas Flex 2,Muebles,Sillas,4,0.05,2115.88,603.8,28.536589976747262
C0141,Daniela Martínez,Corporativo,Chile,Norte,Tarapacá,Iquique,ORD-2024-00404,2023-04-20,P0089,Papelería Plus 9,Oficina,Papelería,8,0.05,2668.51,826.38,30.967843478195693
C0141,Daniela Martínez,Corporativo,Chile,Norte,Tarapacá,Iquique,ORD-2024-00404,2023-04-20,P0008,Accesorios Plus 8,Tecnología,Accesorios,2,0.0,793.2,242.82,30.61270801815431
C0141,Daniela Martínez,Corporativo,Chile,Norte,Tarapacá,Iquique,ORD-2024-00404,2023-04-20,P0069,Libreros Smart 9,Muebles,Libreros,6,0.3,2805.01,-218.98,-7.806745787002541
C0141,Daniela Martínez,Corporativo,Chile,Norte,Tarapacá,Iquique,ORD-2024-00404,2023-04-20,P0061,Libreros Plus 1,Muebles,Libreros,3,0.0,2626.08,1234.83,47.02179674648145
C0078,Ignacio Flores,Consumidor,Chile,Austral,Magallanes,Punta Arenas,ORD-2024-00405,2023-06-04,P0074,Almacenamiento Smart 4,Muebles,Almacenamiento,5,0.1,1856.3,536.91,28.92366535581533
C0078,Ignacio Flores,Consumidor,Chile,Austral,Magallanes,Punta Arenas,ORD-2024-00405,2023-06-04,P0099,Archivadores Eco 9,Oficina,Archivadores,2,0.15,17.97,7.39,41.124095715080685
C0078,Ignacio Flores,Consumidor,Chile,Austral,Magallanes,Punta Arenas,ORD-2024-00405,2023-06-04,P0116,Sobres Flex 6,Oficina,Sobres,8,0.05,5883.84,2042.57,34.71491406972317
C0117,Sebastián Torres,Consumidor,Chile,Centro,Metropolitana,Santiago,ORD-2024-00406,2024-04-16,P0083,Papelería Pro 3,Oficina,Papelería,7,0.2,296.18,49.29,16.641906948477278
C0025,Jorge Martínez,Home Office,Chile,Centro,Valparaíso,Valparaíso,ORD-2024-00407,2024-06-25,P0005,Accesorios Flex 5,Tecnología,Accesorios,6,0.3,3745.01,579.7,15.479264407838697
C0025,Jorge Martínez,Home Office,Chile,Centro,Valparaíso,Valparaíso,ORD-2024-00407,2024-06-25,P0082,Papelería Eco 2,Oficina,Papelería,2,0.0,1181.72,644.84,54.567917950106626
C0025,Jorge Martínez,Home Office,Chile,Centro,Valparaíso,Valparaíso,ORD-2024-00407,2024-06-25,P0069,Libreros Smart 9,Muebles,Libreros,3,0.0,2003.58,593.43,29.618482915581108
C0025,Jorge Martínez,Home Office,Chile,Centro,Valparaíso,Valparaíso,ORD-2024-00407,2024-06-25,P0079,Almacenamiento Nova 9,Muebles,Almacenamiento,4,0.0,195.48,51.88,26.539799467976266
C0142,Tomás Soto,Consumidor,Chile,Centro,Maule,Talca,ORD-2024-00408,2024-04-21,P0010,Accesorios Nova 10,Tecnología,Accesorios,3,0.15,1729.1,243.5,14.082470649470824
C0142,Tomás Soto,Consumidor,Chile,Centro,Maule,Talca,ORD-2024-00408,2024-04-21,P0114,Sobres Pro 4,Oficina,Sobres,1,0.2,43.28,13.72,31.70055452865065
C0142,Tomás Soto,Consumidor,Chile,Centro,Maule,Talca,ORD-2024-00408,2024-04-21,P0080,Almacenamiento Plus 10,Muebles,Almacenamiento,7,0.0,5537.77,2865.59,51.74628054252886
C0219,Sebastián Soto,Consumidor,Chile,Sur,Los Ríos,Valdivia,ORD-2024-00409,2023-06-04,P0084,Papelería Flex 4,Oficina,Papelería,4,0.15,2502.81,1027.09,41.037473879359595
C0219,Sebastián Soto,Consumidor,Chile,Sur,Los Ríos,Valdivia,ORD-2024-00409,2023-06-04,P0025,Computadores Plus 5,Tecnología,Computadores,3,0.05,2176.57,626.37,28.777847714523308
C0219,Sebastián Soto,Consumidor,Chile,Sur,Los Ríos,Valdivia,ORD-2024-00409,2023-06-04,P0004,Accesorios Eco 4,Tecnología,Accesorios,1,0.0,28.12,8.31,29.551920341394027
C0219,Sebastián Soto,Consumidor,Chile,Sur,Los Ríos,Valdivia,ORD-2024-00409,2023-06-04,P0042,Sillas Flex 2,Muebles,Sillas,6,0.05,3173.82,902.99,28.45120391200509
C0156,Luis Sepúlveda,Corporativo,Chile,Centro,O'Higgins,Rancagua,ORD-2024-00410,2023-06-17,P0004,Accesorios Eco 4,Tecnología,Accesorios,3,0.3,59.05,3.44,5.825571549534294
C0156,Luis Sepúlveda,Corporativo,Chile,Centro,O'Higgins,Rancagua,ORD-2024-00410,2023-06-17,P0057,Mesas Smart 7,Muebles,Mesas,4,0.2,1650.59,423.32,25.64658697798969
C0156,Luis Sepúlveda,Corporativo,Chile,Centro,O'Higgins,Rancagua,ORD-2024-00410,2023-06-17,P0052,Mesas Nova 2,Muebles,Mesas,4,0.05,1877.77,356.26,18.972504619841622
C0048,Sofía Muñoz,Corporativo,Chile,Sur,Los Lagos,Puerto Montt,ORD-2024-00411,2023-06-29,P0016,Teléfonos Pro 6,Tecnología,Teléfonos,8,0.15,5299.24,2144.24,40.46316075512715
C0048,Sofía Muñoz,Corporativo,Chile,Sur,Los Lagos,Puerto Montt,ORD-2024-00411,2023-06-29,P0054,Mesas Eco 4,Muebles,Mesas,4,0.05,313.58,66.65,21.254544294916773
C0245,Paula Espinoza,Consumidor,Chile,Centro,Maule,Talca,ORD-2024-00412,2023-09-19,P0052,Mesas Nova 2,Muebles,Mesas,2,0.15,840.05,92.93,11.062436759716684
C0245,Paula Espinoza,Consumidor,Chile,Centro,Maule,Talca,ORD-2024-00412,2023-09-19,P0108,Etiquetas Flex 8,Oficina,Etiquetas,2,0.2,785.52,-34.59,-4.403452490070273
C0245,Paula Espinoza,Consumidor,Chile,Centro,Maule,Talca,ORD-2024-00412,2023-09-19,P0030,Computadores Flex 10,Tecnología,Computadores,2,0.2,1112.32,430.54,38.70648734177215
C0245,Paula Espinoza,Consumidor,Chile,Centro,Maule,Talca,ORD-2024-00412,2023-09-19,P0036,Periféricos Nova 6,Tecnología,Periféricos,6,0.0,5263.2,2738.34,52.0280437756498
C0091,Valentina Hernández,Consumidor,Chile,Norte,Tarapacá,Iquique,ORD-2024-00413,2024-08-01,P0008,Accesorios Plus 8,Tecnología,Accesorios,4,0.1,1427.76,335.14,23.47313273939598
C0081,Felipe González,Home Office,Chile,Centro,Maule,Talca,ORD-2024-00414,2024-03-05,P0101,Etiquetas Eco 1,Oficina,Etiquetas,3,0.0,1736.13,579.12,33.35694907639405
C0207,Paula Fuentes,Corporativo,Chile,Norte,Tarapacá,Iquique,ORD-2024-00415,2024-10-02,P0043,Sillas Smart 3,Muebles,Sillas,1,0.3,493.22,126.97,25.743076112079798
C0209,Benjamín Castillo,Consumidor,Chile,Norte,Tarapacá,Iquique,ORD-2024-00416,2023-02-17,P0012,Teléfonos Flex 2,Tecnología,Teléfonos,7,0.0,2369.36,1185.94,50.053178917513584
C0209,Benjamín Castillo,Consumidor,Chile,Norte,Tarapacá,Iquique,ORD-2024-00416,2023-02-17,P0060,Mesas Smart 10,Muebles,Mesas,7,0.3,775.62,169.31,21.828988422165494
C0160,Andrés Flores,Home Office,Chile,Sur,Los Ríos,Valdivia,ORD-2024-00417,2024-05-02,P0079,Almacenamiento Nova 9,Muebles,Almacenamiento,2,0.3,68.42,-3.3,-4.823151125401929
C0160,Andrés Flores,Home Office,Chile,Sur,Los Ríos,Valdivia,ORD-2024-00417,2024-05-02,P0017,Teléfonos Plus 7,Tecnología,Teléfonos,4,0.0,1023.4,369.88,36.142270861833104
C0160,Andrés Flores,Home Office,Chile,Sur,Los Ríos,Valdivia,ORD-2024-00417,2024-05-02,P0029,Computadores Eco 9,Tecnología,Computadores,2,0.0,562.24,163.28,29.04097894137735
C0054,Catalina Araya,Corporativo,Chile,Sur,La Araucanía,Temuco,ORD-2024-00418,2023-09-13,P0098,Archivadores Nova 8,Oficina,Archivadores,3,0.15,596.47,106.16,17.798045165725014
C0054,Catalina Araya,Corporativo,Chile,Sur,La Araucanía,Temuco,ORD-2024-00418,2023-09-13,P0075,Almacenamiento Plus 5,Muebles,Almacenamiento,1,0.2,425.89,149.22,35.03721618258236
C0054,Catalina Araya,Corporativo,Chile,Sur,La Araucanía,Temuco,ORD-2024-00418,2023-09-13,P0024,Computadores Nova 4,Tecnología,Computadores,1,0.0,807.35,404.48,50.09970892425838
C0083,Sofía Torres,Home Office,Chile,Centro,Maule,Talca,ORD-2024-00419,2024-02-11,P0058,Mesas Nova 8,Muebles,Mesas,4,0.3,658.2,-78.37,-11.906715284108174
C0083,Sofía Torres,Home Office,Chile,Centro,Maule,Talca,ORD-2024-00419,2024-02-11,P0016,Teléfonos Pro 6,Tecnología,Teléfonos,5,0.15,3312.03,1436.57,43.37430518443371
C0083,Sofía Torres,Home Office,Chile,Centro,Maule,Talca,ORD-2024-00419,2024-02-11,P0033,Periféricos Nova 3,Tecnología,Periféricos,6,0.3,3710.07,-617.81,-16.652246453570953
C0083,Sofía Torres,Home Office,Chile,Centro,Maule,Talca,ORD-2024-00419,2024-02-11,P0085,Papelería Smart 5,Oficina,Papelería,2,0.15,1264.82,159.33,12.597049382520833
C0033,Ana López,Corporativo,Chile,Norte,Tarapacá,Iquique,ORD-2024-00420,2025-03-11,P0059,Mesas Smart 9,Muebles,Mesas,2,0.0,276.16,97.12,35.16801853997683
C0033,Ana López,Corporativo,Chile,Norte,Tarapacá,Iquique,ORD-2024-00420,2025-03-11,P0017,Teléfonos Plus 7,Tecnología,Teléfonos,6,0.1,1381.59,404.22,29.25759451067249
C0259,Catalina Flores,Corporativo,Chile,Austral,Magallanes,Punta Arenas,ORD-2024-00421,2023-07-06,P0100,Archivadores Smart 10,Oficina,Archivadores,1,0.05,49.99,11.43,22.864572914582915
C0259,Catalina Flores,Corporativo,Chile,Austral,Magallanes,Punta Arenas,ORD-2024-00421,2023-07-06,P0068,Libreros Pro 8,Muebles,Libreros,3,0.0,1915.29,669.93,34.977992888805346
C0277,Fernanda Torres,Home Office,Chile,Sur,Los Lagos,Puerto Montt,ORD-2024-00422,2023-08-24,P0088,Papelería Eco 8,Oficina,Papelería,3,0.05,1983.14,700.26,35.31066893915709
C0277,Fernanda Torres,Home Office,Chile,Sur,Los Lagos,Puerto Montt,ORD-2024-00423,2024-09-16,P0116,Sobres Flex 6,Oficina,Sobres,7,0.3,3793.53,418.99,11.044857955519003
C0277,Fernanda Torres,Home Office,Chile,Sur,Los Lagos,Puerto Montt,ORD-2024-00423,2024-09-16,P0093,Archivadores Flex 3,Oficina,Archivadores,5,0.0,3124.35,1667.0,53.35509786035496
C0277,Fernanda Torres,Home Office,Chile,Sur,Los Lagos,Puerto Montt,ORD-2024-00423,2024-09-16,P0027,Computadores Flex 7,Tecnología,Computadores,2,0.0,79.36,41.96,52.87298387096774
C0277,Fernanda Torres,Home Office,Chile,Sur,Los Lagos,Puerto Montt,ORD-2024-00423,2024-09-16,P0019,Teléfonos Eco 9,Tecnología,Teléfonos,8,0.0,4203.44,1033.52,24.58748073006871
C0201,Josefa Muñoz,Corporativo,Chile,Sur,La Araucanía,Temuco,ORD-2024-00424,2025-03-16,P0010,Accesorios Nova 10,Tecnología,Accesorios,4,0.1,2441.09,491.82,20.147557033947948
C0201,Josefa Muñoz,Corporativo,Chile,Sur,La Araucanía,Temuco,ORD-2024-00424,2025-03-16,P0016,Teléfonos Pro 6,Tecnología,Teléfonos,3,0.05,2221.0,1075.55,48.42638451148132
C0201,Josefa Muñoz,Corporativo,Chile,Sur,La Araucanía,Temuco,ORD-2024-00424,2025-03-16,P0098,Archivadores Nova 8,Oficina,Archivadores,6,0.0,1403.46,416.28,29.660980719079987
C0269,Javiera Soto,Corporativo,Chile,Sur,Los Ríos,Valdivia,ORD-2024-00425,2023-04-16,P0070,Libreros Eco 10,Muebles,Libreros,8,0.0,6133.52,2363.36,38.53187076915051
C0140,Ignacio López,Home Office,Chile,Centro,Maule,Talca,ORD-2024-00426,2023-02-11,P0113,Sobres Smart 3,Oficina,Sobres,8,0.1,4384.87,1429.26,32.595265081975064
C0140,Ignacio López,Home Office,Chile,Centro,Maule,Talca,ORD-2024-00426,2023-02-11,P0012,Teléfonos Flex 2,Tecnología,Teléfonos,6,0.05,1929.34,899.97,46.64652160842569
C0222,Isidora Rodríguez,Consumidor,Chile,Centro,Metropolitana,Santiago,ORD-2024-00427,2024-03-07,P0116,Sobres Flex 6,Oficina,Sobres,5,0.15,3290.31,883.72,26.858259556090463
C0222,Isidora Rodríguez,Consumidor,Chile,Centro,Metropolitana,Santiago,ORD-2024-00427,2024-03-07,P0046,Sillas Pro 6,Muebles,Sillas,2,0.0,169.74,79.54,46.85990338164252
C0222,Isidora Rodríguez,Consumidor,Chile,Centro,Metropolitana,Santiago,ORD-2024-00427,2024-03-07,P0032,Periféricos Eco 2,Tecnología,Periféricos,8,0.05,5499.28,1437.14,26.133239260412278
C0054,Catalina Araya,Corporativo,Chile,Sur,La Araucanía,Temuco,ORD-2024-00428,2025-03-10,P0006,Accesorios Nova 6,Tecnología,Accesorios,2,0.0,1738.56,694.28,39.9341984170808
C0054,Catalina Araya,Corporativo,Chile,Sur,La Araucanía,Temuco,ORD-2024-00428,2025-03-10,P0098,Archivadores Nova 8,Oficina,Archivadores,4,0.15,795.29,132.68,16.6832224723057
C0054,Catalina Araya,Corporativo,Chile,Sur,La Araucanía,Temuco,ORD-2024-00428,2025-03-10,P0105,Etiquetas Pro 5,Oficina,Etiquetas,7,0.0,1816.36,954.59,52.55511022044088
C0054,Catalina Araya,Corporativo,Chile,Sur,La Araucanía,Temuco,ORD-2024-00428,2025-03-10,P0110,Etiquetas Nova 10,Oficina,Etiquetas,8,0.0,482.56,203.04,42.07559681697612
C0014,Isidora Flores,Corporativo,Chile,Norte,Antofagasta,Antofagasta,ORD-2024-00429,2023-08-10,P0094,Archivadores Pro 4,Oficina,Archivadores,8,0.1,1296.29,290.84,22.43633754792523
C0181,Pedro Martínez,Home Office,Chile,Centro,Valparaíso,Valparaíso,ORD-2024-00430,2023-09-12,P0027,Computadores Flex 7,Tecnología,Computadores,6,0.2,190.46,73.44,38.55927753859078
C0181,Pedro Martínez,Home Office,Chile,Centro,Valparaíso,Valparaíso,ORD-2024-00430,2023-09-12,P0109,Etiquetas Smart 9,Oficina,Etiquetas,8,0.0,6110.32,1635.76,26.770447374278273
C0163,Camila Silva,Corporativo,Chile,Austral,Magallanes,Punta Arenas,ORD-2024-00431,2025-04-28,P0082,Papelería Eco 2,Oficina,Papelería,3,0.2,1418.06,654.98,46.18845464930963
C0163,Camila Silva,Corporativo,Chile,Austral,Magallanes,Punta Arenas,ORD-2024-00431,2025-04-28,P0045,Sillas Eco 5,Muebles,Sillas,6,0.3,2246.58,-255.69,-11.38129957535454
C0163,Camila Silva,Corporativo,Chile,Austral,Magallanes,Punta Arenas,ORD-2024-00431,2025-04-28,P0022,Computadores Pro 2,Tecnología,Computadores,6,0.0,2587.32,1302.84,50.35480729094197
C0163,Camila Silva,Corporativo,Chile,Austral,Magallanes,Punta Arenas,ORD-2024-00431,2025-04-28,P0117,Sobres Eco 7,Oficina,Sobres,5,0.0,3727.3,879.85,23.605558983714754
C0102,Sofía Torres,Consumidor,Chile,Centro,Metropolitana,Santiago,ORD-2024-00432,2023-04-06,P0019,Teléfonos Eco 9,Tecnología,Teléfonos,6,0.15,2679.69,321.78,12.00810541517862
C0102,Sofía Torres,Consumidor,Chile,Centro,Metropolitana,Santiago,ORD-2024-00432,2023-04-06,P0014,Teléfonos Pro 4,Tecnología,Teléfonos,5,0.0,390.35,210.5,53.92596387857051
C0102,Sofía Torres,Consumidor,Chile,Centro,Metropolitana,Santiago,ORD-2024-00432,2023-04-06,P0057,Mesas Smart 7,Muebles,Mesas,1,0.05,490.02,164.1,33.4884290437125
C0014,Isidora Flores,Corporativo,Chile,Norte,Antofagasta,Antofagasta,ORD-2024-00433,2024-05-21,P0083,Papelería Pro 3,Oficina,Papelería,4,0.0,211.56,68.72,32.48251087162035
C0014,Isidora Flores,Corporativo,Chile,Norte,Antofagasta,Antofagasta,ORD-2024-00433,2024-05-21,P0003,Accesorios Plus 3,Tecnología,Accesorios,8,0.3,4862.26,-547.3,-11.256082562429816
C0014,Isidora Flores,Corporativo,Chile,Norte,Antofagasta,Antofagasta,ORD-2024-00433,2024-05-21,P0053,Mesas Eco 3,Muebles,Mesas,3,0.2,889.7,162.25,18.236484208160054
C0014,Isidora Flores,Corporativo,Chile,Norte,Antofagasta,Antofagasta,ORD-2024-00433,2024-05-21,P0096,Archivadores Pro 6,Oficina,Archivadores,5,0.15,3002.58,955.67,31.82829433353982
C0221,Valentina Hernández,Home Office,Chile,Norte,Tarapacá,Iquique,ORD-2024-00434,2024-01-15,P0010,Accesorios Nova 10,Tecnología,Accesorios,3,0.15,1729.1,193.96,11.217396333352612
C0221,Valentina Hernández,Home Office,Chile,Norte,Tarapacá,Iquique,ORD-2024-00434,2024-01-15,P0102,Etiquetas Pro 2,Oficina,Etiquetas,3,0.0,1286.07,467.22,36.32928223191584
C0221,Valentina Hernández,Home Office,Chile,Norte,Tarapacá,Iquique,ORD-2024-00434,2024-01-15,P0069,Libreros Smart 9,Muebles,Libreros,6,0.0,4007.16,1186.86,29.618482915581108
C0179,Benjamín Díaz,Corporativo,Chile,Sur,Biobío,Concepción,ORD-2024-00435,2025-01-04,P0074,Almacenamiento Smart 4,Muebles,Almacenamiento,1,0.3,288.76,22.13,7.663803850948884
C0179,Benjamín Díaz,Corporativo,Chile,Sur,Biobío,Concepción,ORD-2024-00435,2025-01-04,P0076,Almacenamiento Eco 6,Muebles,Almacenamiento,7,0.0,803.18,370.72,46.15652780198711
C0179,Benjamín Díaz,Corporativo,Chile,Sur,Biobío,Concepción,ORD-2024-00435,2025-01-04,P0003,Accesorios Plus 3,Tecnología,Accesorios,8,0.0,6946.08,1465.28,21.095063690599588
C0076,Isidora Silva,Corporativo,Chile,Norte,Antofagasta,Antofagasta,ORD-2024-00436,2023-03-07,P0056,Mesas Flex 6,Muebles,Mesas,3,0.2,1446.36,162.57,11.23994026383473
C0076,Isidora Silva,Corporativo,Chile,Norte,Antofagasta,Antofagasta,ORD-2024-00436,2023-03-07,P0040,Periféricos Eco 10,Tecnología,Periféricos,5,0.15,3153.54,1060.17,33.61840978709641
C0076,Isidora Silva,Corporativo,Chile,Norte,Antofagasta,Antofagasta,ORD-2024-00436,2023-03-07,P0019,Teléfonos Eco 9,Tecnología,Teléfonos,6,0.0,3152.58,775.14,24.587480730068705
C0076,Isidora Silva,Corporativo,Chile,Norte,Antofagasta,Antofagasta,ORD-2024-00436,2023-03-07,P0092,Archivadores Nova 2,Oficina,Archivadores,6,0.0,3697.92,1844.34,49.875064901349944
C0033,Ana López,Corporativo,Chile,Norte,Tarapacá,Iquique,ORD-2024-00437,2024-06-26,P0107,Etiquetas Pro 7,Oficina,Etiquetas,3,0.0,232.35,104.97,45.177533892834084
C0033,Ana López,Corporativo,Chile,Norte,Tarapacá,Iquique,ORD-2024-00437,2024-06-26,P0094,Archivadores Pro 4,Oficina,Archivadores,2,0.15,306.07,61.55,20.109778808769235
C0294,Fernanda Torres,Consumidor,Chile,Sur,Los Ríos,Valdivia,ORD-2024-00438,2024-12-18,P0024,Computadores Nova 4,Tecnología,Computadores,2,0.1,1453.23,656.85,45.19931463016866
C0294,Fernanda Torres,Consumidor,Chile,Sur,Los Ríos,Valdivia,ORD-2024-00438,2024-12-18,P0113,Sobres Smart 3,Oficina,Sobres,5,0.3,2131.53,400.28,18.7789991226959
C0294,Fernanda Torres,Consumidor,Chile,Sur,Los Ríos,Valdivia,ORD-2024-00438,2024-12-18,P0052,Mesas Nova 2,Muebles,Mesas,4,0.05,1877.77,372.85,19.855999403547827
C0174,Nicolás Martínez,Corporativo,Chile,Sur,Los Lagos,Puerto Montt,ORD-2024-00439,2024-04-07,P0088,Papelería Eco 8,Oficina,Papelería,6,0.0,4175.04,1637.94,39.231719935617384
C0003,Diego Castillo,Corporativo,Chile,Austral,Magallanes,Punta Arenas,ORD-2024-00440,2023-12-01,P0024,Computadores Nova 4,Tecnología,Computadores,4,0.15,2744.99,1211.6,44.138594311818984
C0003,Diego Castillo,Corporativo,Chile,Austral,Magallanes,Punta Arenas,ORD-2024-00440,2023-12-01,P0077,Almacenamiento Nova 7,Muebles,Almacenamiento,6,0.0,656.94,335.1,51.00922458672025
C0003,Diego Castillo,Corporativo,Chile,Austral,Magallanes,Punta Arenas,ORD-2024-00440,2023-12-01,P0065,Libreros Pro 5,Muebles,Libreros,3,0.3,900.46,334.53,37.15101170512848
C0003,Diego Castillo,Corporativo,Chile,Austral,Magallanes,Punta Arenas,ORD-2024-00440,2023-12-01,P0120,Sobres Plus 10,Oficina,Sobres,2,0.1,1271.29,372.55,29.30487929583337
C0179,Benjamín Díaz,Corporativo,Chile,Sur,Biobío,Concepción,ORD-2024-00441,2024-11-30,P0078,Almacenamiento Eco 8,Muebles,Almacenamiento,3,0.15,765.56,335.73,43.85417210930561
C0179,Benjamín Díaz,Corporativo,Chile,Sur,Biobío,Concepción,ORD-2024-00441,2024-11-30,P0101,Etiquetas Eco 1,Oficina,Etiquetas,8,0.0,4629.68,1544.32,33.356949076394045
C0174,Nicolás Martínez,Corporativo,Chile,Sur,Los Lagos,Puerto Montt,ORD-2024-00442,2023-09-10,P0008,Accesorios Plus 8,Tecnología,Accesorios,8,0.0,3172.8,971.28,30.61270801815431
C0174,Nicolás Martínez,Corporativo,Chile,Sur,Los Lagos,Puerto Montt,ORD-2024-00442,2023-09-10,P0085,Papelería Smart 5,Oficina,Papelería,6,0.2,3571.25,233.55,6.539726986349318
C0174,Nicolás Martínez,Corporativo,Chile,Sur,Los Lagos,Puerto Montt,ORD-2024-00442,2023-09-10,P0037,Periféricos Nova 7,Tecnología,Periféricos,6,0.0,1733.88,788.58,45.48065610076822
C0150,Constanza Soto,Corporativo,Chile,Sur,La Araucanía,Temuco,ORD-2024-00443,2024-10-03,P0042,Sillas Flex 2,Muebles,Sillas,8,0.2,3563.58,619.07,17.372137008289418
C0029,Fernanda Díaz,Consumidor,Chile,Austral,Aysén,Coyhaique,ORD-2024-00444,2024-06-24,P0095,Archivadores Plus 5,Oficina,Archivadores,1,0.0,527.25,242.93,46.07491702228545
C0029,Fernanda Díaz,Consumidor,Chile,Austral,Aysén,Coyhaique,ORD-2024-00444,2024-06-24,P0050,Sillas Nova 10,Muebles,Sillas,4,0.15,821.54,275.26,33.50536796747572
C0029,Fernanda Díaz,Consumidor,Chile,Austral,Aysén,Coyhaique,ORD-2024-00444,2024-06-24,P0106,Etiquetas Eco 6,Oficina,Etiquetas,7,0.0,1571.99,742.7,47.245847619895805
C0110,Diego Hernández,Consumidor,Chile,Sur,Los Lagos,Puerto Montt,ORD-2024-00445,2023-04-12,P0064,Libreros Eco 4,Muebles,Libreros,4,0.0,602.04,142.64,23.69277788851239
C0110,Diego Hernández,Consumidor,Chile,Sur,Los Lagos,Puerto Montt,ORD-2024-00445,2023-04-12,P0027,Computadores Flex 7,Tecnología,Computadores,2,0.1,71.42,35.6,49.845981517782135
C0170,Sofía Rojas,Consumidor,Chile,Centro,Metropolitana,Santiago,ORD-2024-00446,2023-07-01,P0019,Teléfonos Eco 9,Tecnología,Teléfonos,4,0.1,1891.55,274.48,14.510850889482171
C0170,Sofía Rojas,Consumidor,Chile,Centro,Metropolitana,Santiago,ORD-2024-00446,2023-07-01,P0088,Papelería Eco 8,Oficina,Papelería,5,0.05,3305.24,1160.35,35.10637654149169
C0210,Diego López,Consumidor,Chile,Austral,Aysén,Coyhaique,ORD-2024-00447,2024-12-07,P0033,Periféricos Nova 3,Tecnología,Periféricos,1,0.2,706.68,46.58,6.591385068206261
C0210,Diego López,Consumidor,Chile,Austral,Aysén,Coyhaique,ORD-2024-00447,2024-12-07,P0017,Teléfonos Plus 7,Tecnología,Teléfonos,4,0.0,1023.4,369.88,36.142270861833104
C0210,Diego López,Consumidor,Chile,Austral,Aysén,Coyhaique,ORD-2024-00447,2024-12-07,P0021,Computadores Plus 1,Tecnología,Computadores,8,0.0,6355.2,2823.92,44.434793554884195
C0210,Diego López,Consumidor,Chile,Austral,Aysén,Coyhaique,ORD-2024-00447,2024-12-07,P0022,Computadores Pro 2,Tecnología,Computadores,5,0.2,1724.88,691.6,40.09554287834516
C0146,Javiera Silva,Home Office,Chile,Austral,Aysén,Coyhaique,ORD-2024-00448,2024-08-06,P0026,Computadores Plus 6,Tecnología,Computadores,3,0.0,1432.02,297.57,20.779737713160433
C0146,Javiera Silva,Home Office,Chile,Austral,Aysén,Coyhaique,ORD-2024-00448,2024-08-06,P0015,Teléfonos Plus 5,Tecnología,Teléfonos,4,0.0,2794.0,731.6,26.184681460272014
C0146,Javiera Silva,Home Office,Chile,Austral,Aysén,Coyhaique,ORD-2024-00448,2024-08-06,P0011,Teléfonos Plus 1,Tecnología,Teléfonos,2,0.05,1048.29,326.44,31.14023791126501
C0146,Javiera Silva,Home Office,Chile,Austral,Aysén,Coyhaique,ORD-2024-00448,2024-08-06,P0057,Mesas Smart 7,Muebles,Mesas,3,0.3,1083.2,88.93,8.209933530280649
C0258,Fernanda Silva,Corporativo,Chile,Centro,Maule,Talca,ORD-2024-00449,2025-02-24,P0020,Teléfonos Flex 10,Tecnología,Teléfonos,6,0.1,2669.71,1149.23,43.046997613973055
C0237,Camila Sepúlveda,Corporativo,Chile,Norte,Tarapacá,Iquique,ORD-2024-00450,2023-07-25,P0029,Computadores Eco 9,Tecnología,Computadores,3,0.05,801.19,205.52,25.65184288371048
C0013,Daniela Araya,Corporativo,Chile,Centro,O'Higgins,Rancagua,ORD-2024-00451,2024-03-27,P0019,Teléfonos Eco 9,Tecnología,Teléfonos,6,0.0,3152.58,775.14,24.587480730068705
C0013,Daniela Araya,Corporativo,Chile,Centro,O'Higgins,Rancagua,ORD-2024-00451,2024-03-27,P0053,Mesas Eco 3,Muebles,Mesas,1,0.0,370.71,132.0,35.6073480618273
C0190,Ana Torres,Home Office,Chile,Sur,Los Lagos,Puerto Montt,ORD-2024-00452,2023-02-09,P0073,Almacenamiento Eco 3,Muebles,Almacenamiento,1,0.2,139.81,16.01,11.451255275016093
C0115,María Silva,Home Office,Chile,Centro,Maule,Talca,ORD-2024-00453,2025-02-19,P0037,Periféricos Nova 7,Tecnología,Periféricos,7,0.3,1416.0,213.57,15.082627118644067
C0115,María Silva,Home Office,Chile,Centro,Maule,Talca,ORD-2024-00453,2025-02-19,P0088,Papelería Eco 8,Oficina,Papelería,8,0.1,5010.05,1661.73,33.16793245576392
C0115,María Silva,Home Office,Chile,Centro,Maule,Talca,ORD-2024-00453,2025-02-19,P0062,Libreros Plus 2,Muebles,Libreros,3,0.3,977.93,265.41,27.139979344124836
C0115,María Silva,Home Office,Chile,Centro,Maule,Talca,ORD-2024-00453,2025-02-19,P0029,Computadores Eco 9,Tecnología,Computadores,3,0.1,759.02,155.96,20.547548154198836
C0199,Javiera Torres,Corporativo,Chile,Sur,Los Lagos,Puerto Montt,ORD-2024-00454,2023-09-21,P0059,Mesas Smart 9,Muebles,Mesas,7,0.05,918.23,282.17,30.72977358613855
C0181,Pedro Martínez,Home Office,Chile,Centro,Valparaíso,Valparaíso,ORD-2024-00455,2023-08-02,P0060,Mesas Smart 10,Muebles,Mesas,6,0.15,807.28,255.83,31.690367654345458
C0181,Pedro Martínez,Home Office,Chile,Centro,Valparaíso,Valparaíso,ORD-2024-00455,2023-08-02,P0018,Teléfonos Flex 8,Tecnología,Teléfonos,4,0.05,2607.86,738.36,28.312869555881065
C0181,Pedro Martínez,Home Office,Chile,Centro,Valparaíso,Valparaíso,ORD-2024-00455,2023-08-02,P0073,Almacenamiento Eco 3,Muebles,Almacenamiento,4,0.15,594.18,97.23,16.363728163182873
C0181,Pedro Martínez,Home Office,Chile,Centro,Valparaíso,Valparaíso,ORD-2024-00455,2023-08-02,P0048,Sillas Plus 8,Muebles,Sillas,5,0.05,2970.79,553.65,18.636456969358317
C0056,Matías Morales,Corporativo,Chile,Centro,Metropolitana,Santiago,ORD-2024-00456,2024-07-09,P0028,Computadores Pro 8,Tecnología,Computadores,6,0.0,2772.78,1327.86,47.8891221084976
C0056,Matías Morales,Corporativo,Chile,Centro,Metropolitana,Santiago,ORD-2024-00456,2024-07-09,P0024,Computadores Nova 4,Tecnología,Computadores,8,0.0,6458.8,3235.84,50.09970892425838
C0291,Felipe Contreras,Consumidor,Chile,Sur,Los Lagos,Puerto Montt,ORD-2024-00457,2024-11-14,P0041,Sillas Eco 1,Muebles,Sillas,8,0.05,1174.35,360.69,30.714012006641973
C0291,Felipe Contreras,Consumidor,Chile,Sur,Los Lagos,Puerto Montt,ORD-2024-00457,2024-11-14,P0098,Archivadores Nova 8,Oficina,Archivadores,8,0.15,1590.59,261.96,16.469360426005444
C0291,Felipe Contreras,Consumidor,Chile,Sur,Los Lagos,Puerto Montt,ORD-2024-00457,2024-11-14,P0087,Papelería Flex 7,Oficina,Papelería,2,0.0,1480.74,429.6,29.012520766643707
C0291,Felipe Contreras,Consumidor,Chile,Sur,Los Lagos,Puerto Montt,ORD-2024-00457,2024-11-14,P0118,Sobres Nova 8,Oficina,Sobres,1,0.15,197.24,25.71,13.034881362806733
C0183,Catalina González,Consumidor,Chile,Sur,Biobío,Concepción,ORD-2024-00458,2023-07-27,P0075,Almacenamiento Plus 5,Muebles,Almacenamiento,8,0.3,2981.22,895.29,30.03099402258136
C0183,Catalina González,Consumidor,Chile,Sur,Biobío,Concepción,ORD-2024-00458,2023-07-27,P0038,Periféricos Nova 8,Tecnología,Periféricos,5,0.0,2044.6,792.95,38.782646972512964
C0183,Catalina González,Consumidor,Chile,Sur,Biobío,Concepción,ORD-2024-00458,2023-07-27,P0116,Sobres Flex 6,Oficina,Sobres,3,0.0,2322.57,867.42,37.34742117568038
C0082,María Muñoz,Consumidor,Chile,Centro,Maule,Talca,ORD-2024-00459,2024-07-29,P0015,Teléfonos Plus 5,Tecnología,Teléfonos,3,0.3,1466.85,21.37,1.4568633466271264
C0082,María Muñoz,Consumidor,Chile,Centro,Maule,Talca,ORD-2024-00459,2024-07-29,P0018,Teléfonos Flex 8,Tecnología,Teléfonos,7,0.3,3362.77,133.49,3.9696440731896625
C0011,Paula Rodríguez,Consumidor,Chile,Norte,Coquimbo,La Serena,ORD-2024-00460,2024-08-23,P0058,Mesas Nova 8,Muebles,Mesas,1,0.3,164.55,-28.77,-17.48404740200547
C0011,Paula Rodríguez,Consumidor,Chile,Norte,Coquimbo,La Serena,ORD-2024-00460,2024-08-23,P0114,Sobres Pro 4,Oficina,Sobres,6,0.0,324.6,149.16,45.95194085027726
C0091,Valentina Hernández,Consumidor,Chile,Norte,Tarapacá,Iquique,ORD-2024-00461,2023-05-19,P0082,Papelería Eco 2,Oficina,Papelería,6,0.1,3190.64,1550.02,48.580222149788135
C0091,Valentina Hernández,Consumidor,Chile,Norte,Tarapacá,Iquique,ORD-2024-00461,2023-05-19,P0046,Sillas Pro 6,Muebles,Sillas,8,0.0,678.96,318.16,46.85990338164252
C0087,Tomás Fuentes,Home Office,Chile,Sur,Los Ríos,Valdivia,ORD-2024-00462,2024-01-09,P0116,Sobres Flex 6,Oficina,Sobres,3,0.0,2322.57,867.42,37.34742117568038
C0087,Tomás Fuentes,Home Office,Chile,Sur,Los Ríos,Valdivia,ORD-2024-00462,2024-01-09,P0034,Periféricos Flex 4,Tecnología,Periféricos,8,0.2,2685.95,523.43,19.48770453656993
C0087,Tomás Fuentes,Home Office,Chile,Sur,Los Ríos,Valdivia,ORD-2024-00462,2024-01-09,P0096,Archivadores Pro 6,Oficina,Archivadores,8,0.0,5651.92,2479.76,43.87464790725984
C0067,Pedro Araya,Corporativo,Chile,Norte,Antofagasta,Antofagasta,ORD-2024-00463,2024-10-01,P0049,Sillas Smart 9,Muebles,Sillas,7,0.0,2023.84,540.19,26.691339236303268
C0067,Pedro Araya,Corporativo,Chile,Norte,Antofagasta,Antofagasta,ORD-2024-00463,2024-10-01,P0090,Papelería Plus 10,Oficina,Papelería,7,0.15,4518.37,1149.62,25.443246126368578
C0067,Pedro Araya,Corporativo,Chile,Norte,Antofagasta,Antofagasta,ORD-2024-00463,2024-10-01,P0053,Mesas Eco 3,Muebles,Mesas,6,0.0,2224.26,792.0,35.607348061827295
C0067,Pedro Araya,Corporativo,Chile,Norte,Antofagasta,Antofagasta,ORD-2024-00463,2024-10-01,P0071,Almacenamiento Flex 1,Muebles,Almacenamiento,4,0.3,2487.86,-128.98,-5.184375326585901
C0231,Antonia Flores,Home Office,Chile,Norte,Antofagasta,Antofagasta,ORD-2024-00464,2024-11-18,P0104,Etiquetas Nova 4,Oficina,Etiquetas,2,0.05,1149.88,375.18,32.62775246112638
C0231,Antonia Flores,Home Office,Chile,Norte,Antofagasta,Antofagasta,ORD-2024-00464,2024-11-18,P0009,Accesorios Flex 9,Tecnología,Accesorios,3,0.05,2458.92,1069.68,43.502025279390956
C0005,Daniela Rodríguez,Consumidor,Chile,Austral,Magallanes,Punta Arenas,ORD-2024-00465,2025-01-10,P0081,Papelería Smart 1,Oficina,Papelería,6,0.0,4922.76,1875.9,38.10667186700144
C0005,Daniela Rodríguez,Consumidor,Chile,Austral,Magallanes,Punta Arenas,ORD-2024-00465,2025-01-10,P0091,Archivadores Flex 1,Oficina,Archivadores,3,0.05,1468.58,399.05,27.172506775252288
C0005,Daniela Rodríguez,Consumidor,Chile,Austral,Magallanes,Punta Arenas,ORD-2024-00465,2025-01-10,P0024,Computadores Nova 4,Tecnología,Computadores,2,0.0,1614.7,808.96,50.09970892425838
C0005,Daniela Rodríguez,Consumidor,Chile,Austral,Magallanes,Punta Arenas,ORD-2024-00465,2025-01-10,P0027,Computadores Flex 7,Tecnología,Computadores,1,0.0,39.68,20.98,52.87298387096774
C0244,Nicolás Hernández,Consumidor,Chile,Norte,Coquimbo,La Serena,ORD-2024-00466,2025-04-17,P0094,Archivadores Pro 4,Oficina,Archivadores,1,0.3,126.03,6.14,4.871855907323653
C0244,Nicolás Hernández,Consumidor,Chile,Norte,Coquimbo,La Serena,ORD-2024-00466,2025-04-17,P0011,Teléfonos Plus 1,Tecnología,Teléfonos,3,0.05,1572.43,495.38,31.504105111197315
C0244,Nicolás Hernández,Consumidor,Chile,Norte,Coquimbo,La Serena,ORD-2024-00466,2025-04-17,P0090,Papelería Plus 10,Oficina,Papelería,2,0.0,1518.78,544.14,35.82744044562083
C0117,Sebastián Torres,Consumidor,Chile,Centro,Metropolitana,Santiago,ORD-2024-00467,2023-06-16,P0028,Computadores Pro 8,Tecnología,Computadores,7,0.1,2911.42,1183.69,40.65679290518029
C0117,Sebastián Torres,Consumidor,Chile,Centro,Metropolitana,Santiago,ORD-2024-00467,2023-06-16,P0068,Libreros Pro 8,Muebles,Libreros,1,0.1,574.59,165.05,28.724829878696113
C0117,Sebastián Torres,Consumidor,Chile,Centro,Metropolitana,Santiago,ORD-2024-00467,2023-06-16,P0009,Accesorios Flex 9,Tecnología,Accesorios,1,0.0,862.78,404.51,46.88448967291778
C0221,Valentina Hernández,Home Office,Chile,Norte,Tarapacá,Iquique,ORD-2024-00468,2023-03-23,P0041,Sillas Eco 1,Muebles,Sillas,6,0.0,927.12,323.7,34.914574165156615
C0231,Antonia Flores,Home Office,Chile,Norte,Antofagasta,Antofagasta,ORD-2024-00469,2024-01-02,P0041,Sillas Eco 1,Muebles,Sillas,4,0.05,587.18,183.82,31.305562178548318
C0231,Antonia Flores,Home Office,Chile,Norte,Antofagasta,Antofagasta,ORD-2024-00469,2024-01-02,P0089,Papelería Plus 9,Oficina,Papelería,6,0.2,1685.38,300.42,17.825060223807093
C0231,Antonia Flores,Home Office,Chile,Norte,Antofagasta,Antofagasta,ORD-2024-00469,2024-01-02,P0042,Sillas Flex 2,Muebles,Sillas,7,0.3,2728.37,-81.04,-2.970271627381917
C0231,Antonia Flores,Home Office,Chile,Norte,Antofagasta,Antofagasta,ORD-2024-00469,2024-01-02,P0058,Mesas Nova 8,Muebles,Mesas,3,0.0,705.21,163.05,23.120772535840388
C0215,Sofía Castillo,Corporativo,Chile,Norte,Coquimbo,La Serena,ORD-2024-00470,2023-01-26,P0002,Accesorios Smart 2,Tecnología,Accesorios,7,0.0,70.42,28.98,41.15308151093439
C0215,Sofía Castillo,Corporativo,Chile,Norte,Coquimbo,La Serena,ORD-2024-00470,2023-01-26,P0028,Computadores Pro 8,Tecnología,Computadores,2,0.0,924.26,442.62,47.88912210849761
C0215,Sofía Castillo,Corporativo,Chile,Norte,Coquimbo,La Serena,ORD-2024-00470,2023-01-26,P0035,Periféricos Nova 5,Tecnología,Periféricos,6,0.05,4358.85,1170.18,26.84607178498916
C0082,María Muñoz,Consumidor,Chile,Centro,Maule,Talca,ORD-2024-00471,2023-11-07,P0078,Almacenamiento Eco 8,Muebles,Almacenamiento,8,0.2,1921.41,850.76,44.27790008379263
C0082,María Muñoz,Consumidor,Chile,Centro,Maule,Talca,ORD-2024-00471,2023-11-07,P0063,Libreros Smart 3,Muebles,Libreros,1,0.15,212.06,20.98,9.893426388757899
C0082,María Muñoz,Consumidor,Chile,Centro,Maule,Talca,ORD-2024-00471,2023-11-07,P0042,Sillas Flex 2,Muebles,Sillas,8,0.1,4009.03,1059.23,26.421104356914267
C0082,María Muñoz,Consumidor,Chile,Centro,Maule,Talca,ORD-2024-00471,2023-11-07,P0103,Etiquetas Nova 3,Oficina,Etiquetas,4,0.2,1723.52,350.64,20.34441143705904
C0082,María Muñoz,Consumidor,Chile,Centro,Maule,Talca,ORD-2024-00472,2023-12-13,P0044,Sillas Plus 4,Muebles,Sillas,6,0.0,4371.3,1682.58,38.491524260517465
C0082,María Muñoz,Consumidor,Chile,Centro,Maule,Talca,ORD-2024-00472,2023-12-13,P0009,Accesorios Flex 9,Tecnología,Accesorios,1,0.3,603.95,159.13,26.348207633082204
C0082,María Muñoz,Consumidor,Chile,Centro,Maule,Talca,ORD-2024-00472,2023-12-13,P0027,Computadores Flex 7,Tecnología,Computadores,6,0.05,226.18,112.02,49.52692545760014
C0244,Nicolás Hernández,Consumidor,Chile,Norte,Coquimbo,La Serena,ORD-2024-00473,2025-03-16,P0116,Sobres Flex 6,Oficina,Sobres,3,0.15,1974.18,479.79,24.303255022338387
C0244,Nicolás Hernández,Consumidor,Chile,Norte,Coquimbo,La Serena,ORD-2024-00473,2025-03-16,P0091,Archivadores Flex 1,Oficina,Archivadores,4,0.05,1958.1,549.77,28.076707011899288
C0010,Valentina Pérez,Consumidor,Chile,Centro,Maule,Talca,ORD-2024-00474,2023-11-17,P0011,Teléfonos Plus 1,Tecnología,Teléfonos,8,0.3,3089.69,142.3,4.605640048030709
C0010,Valentina Pérez,Consumidor,Chile,Centro,Maule,Talca,ORD-2024-00474,2023-11-17,P0009,Accesorios Flex 9,Tecnología,Accesorios,8,0.2,5521.79,1702.44,30.831306514735257
C0010,Valentina Pérez,Consumidor,Chile,Centro,Maule,Talca,ORD-2024-00474,2023-11-17,P0092,Archivadores Nova 2,Oficina,Archivadores,3,0.15,1571.62,606.24,38.57421005077563
C0243,Nicolás López,Corporativo,Chile,Austral,Magallanes,Punta Arenas,ORD-2024-00475,2023-09-10,P0101,Etiquetas Eco 1,Oficina,Etiquetas,5,0.15,2459.52,533.82,21.704234972677597
C0243,Nicolás López,Corporativo,Chile,Austral,Magallanes,Punta Arenas,ORD-2024-00475,2023-09-10,P0078,Almacenamiento Eco 8,Muebles,Almacenamiento,4,0.05,1140.84,588.28,51.56551313067565
C0152,Gabriel López,Consumidor,Chile,Centro,Metropolitana,Santiago,ORD-2024-00476,2025-01-21,P0055,Mesas Plus 5,Muebles,Mesas,1,0.1,521.2,187.59,35.99194167306216
C0152,Gabriel López,Consumidor,Chile,Centro,Metropolitana,Santiago,ORD-2024-00476,2025-01-21,P0038,Periféricos Nova 8,Tecnología,Periféricos,1,0.0,408.92,158.59,38.782646972512964
C0152,Gabriel López,Consumidor,Chile,Centro,Metropolitana,Santiago,ORD-2024-00476,2025-01-21,P0011,Teléfonos Plus 1,Tecnología,Teléfonos,6,0.3,2317.27,37.93,1.6368399021262088
C0152,Gabriel López,Consumidor,Chile,Centro,Metropolitana,Santiago,ORD-2024-00476,2025-01-21,P0058,Mesas Nova 8,Muebles,Mesas,7,0.0,1645.49,380.45,23.120772535840388
C0056,Matías Morales,Corporativo,Chile,Centro,Metropolitana,Santiago,ORD-2024-00477,2023-10-08,P0016,Teléfonos Pro 6,Tecnología,Teléfonos,1,0.15,662.4,277.25,41.85537439613527
C0073,Sebastián Fuentes,Corporativo,Chile,Austral,Aysén,Coyhaique,ORD-2024-00478,2023-11-19,P0051,Mesas Smart 1,Muebles,Mesas,3,0.15,241.94,64.15,26.514838389683394
C0073,Sebastián Fuentes,Corporativo,Chile,Austral,Aysén,Coyhaique,ORD-2024-00478,2023-11-19,P0083,Papelería Pro 3,Oficina,Papelería,5,0.15,224.78,45.19,20.10410178841534
C0073,Sebastián Fuentes,Corporativo,Chile,Austral,Aysén,Coyhaique,ORD-2024-00478,2023-11-19,P0114,Sobres Pro 4,Oficina,Sobres,1,0.0,54.1,24.86,45.95194085027726
C0072,Sofía Pérez,Consumidor,Chile,Centro,Maule,Talca,ORD-2024-00479,2023-06-05,P0046,Sillas Pro 6,Muebles,Sillas,6,0.0,509.22,238.62,46.85990338164251
C0072,Sofía Pérez,Consumidor,Chile,Centro,Maule,Talca,ORD-2024-00479,2023-06-05,P0064,Libreros Eco 4,Muebles,Libreros,7,0.0,1053.57,249.62,23.692777888512392
C0072,Sofía Pérez,Consumidor,Chile,Centro,Maule,Talca,ORD-2024-00479,2023-06-05,P0089,Papelería Plus 9,Oficina,Papelería,3,0.0,1053.36,357.93,33.979835953520166
C0082,María Muñoz,Consumidor,Chile,Centro,Maule,Talca,ORD-2024-00480,2023-04-29,P0007,Accesorios Nova 7,Tecnología,Accesorios,4,0.3,876.65,371.1,42.33160326241944
C0120,Fernanda Díaz,Corporativo,Chile,Centro,Valparaíso,Valparaíso,ORD-2024-00481,2023-06-06,P0064,Libreros Eco 4,Muebles,Libreros,1,0.2,120.41,4.96,4.1192591977410515
C0120,Fernanda Díaz,Corporativo,Chile,Centro,Valparaíso,Valparaíso,ORD-2024-00481,2023-06-06,P0026,Computadores Plus 6,Tecnología,Computadores,1,0.05,453.47,77.91,17.180849890841728
C0120,Fernanda Díaz,Corporativo,Chile,Centro,Valparaíso,Valparaíso,ORD-2024-00481,2023-06-06,P0001,Accesorios Flex 1,Tecnología,Accesorios,6,0.0,2675.04,1412.04,52.78575273640767
C0261,Luis González,Consumidor,Chile,Norte,Coquimbo,La Serena,ORD-2024-00482,2025-04-28,P0066,Libreros Smart 6,Muebles,Libreros,7,0.0,2518.95,1295.21,51.41864665832987
C0261,Luis González,Consumidor,Chile,Norte,Coquimbo,La Serena,ORD-2024-00482,2025-04-28,P0043,Sillas Smart 3,Muebles,Sillas,4,0.15,2395.64,705.83,29.46310797949609
C0261,Luis González,Consumidor,Chile,Norte,Coquimbo,La Serena,ORD-2024-00482,2025-04-28,P0016,Teléfonos Pro 6,Tecnología,Teléfonos,5,0.3,2727.55,1034.37,37.92304449047679
C0105,Diego Rojas,Consumidor,Chile,Austral,Magallanes,Punta Arenas,ORD-2024-00483,2023-07-09,P0107,Etiquetas Pro 7,Oficina,Etiquetas,4,0.1,278.82,110.7,39.703034215622985
C0105,Diego Rojas,Consumidor,Chile,Austral,Magallanes,Punta Arenas,ORD-2024-00483,2023-07-09,P0083,Papelería Pro 3,Oficina,Papelería,4,0.1,190.4,49.96,26.23949579831933
C0105,Diego Rojas,Consumidor,Chile,Austral,Magallanes,Punta Arenas,ORD-2024-00483,2023-07-09,P0040,Periféricos Eco 10,Tecnología,Periféricos,1,0.05,704.91,269.44,38.22331928898725
C0106,Paula Hernández,Corporativo,Chile,Centro,Maule,Talca,ORD-2024-00484,2024-05-26,P0118,Sobres Nova 8,Oficina,Sobres,8,0.3,1299.48,-47.03,-3.619139963677779
C0106,Paula Hernández,Corporativo,Chile,Centro,Maule,Talca,ORD-2024-00484,2024-05-26,P0102,Etiquetas Pro 2,Oficina,Etiquetas,4,0.0,1714.76,622.96,36.32928223191584
C0016,Diego Araya,Home Office,Chile,Sur,Biobío,Concepción,ORD-2024-00485,2024-09-26,P0049,Sillas Smart 9,Muebles,Sillas,3,0.0,867.36,231.51,26.691339236303264
C0016,Diego Araya,Home Office,Chile,Sur,Biobío,Concepción,ORD-2024-00485,2024-09-26,P0083,Papelería Pro 3,Oficina,Papelería,4,0.2,169.25,22.31,13.181683899556868
C0016,Diego Araya,Home Office,Chile,Sur,Biobío,Concepción,ORD-2024-00485,2024-09-26,P0010,Accesorios Nova 10,Tecnología,Accesorios,5,0.2,2712.32,185.3,6.831789759320434
C0016,Diego Araya,Home Office,Chile,Sur,Biobío,Concepción,ORD-2024-00485,2024-09-26,P0099,Archivadores Eco 9,Oficina,Archivadores,1,0.0,10.57,5.57,52.69631031220435
C0234,Fernanda Soto,Home Office,Chile,Norte,Antofagasta,Antofagasta,ORD-2024-00486,2025-03-30,P0015,Teléfonos Plus 5,Tecnología,Teléfonos,2,0.05,1327.15,297.2,22.393851486267565
C0139,Antonia Fuentes,Home Office,Chile,Centro,O'Higgins,Rancagua,ORD-2024-00487,2023-01-24,P0051,Mesas Smart 1,Muebles,Mesas,7,0.0,664.16,253.82,38.21669477234401
C0239,Martina Torres,Corporativo,Chile,Norte,Tarapacá,Iquique,ORD-2024-00488,2024-02-27,P0099,Archivadores Eco 9,Oficina,Archivadores,5,0.1,47.57,22.1,46.457851587134755
C0137,Javiera Díaz,Corporativo,Chile,Sur,Los Ríos,Valdivia,ORD-2024-00489,2023-01-25,P0084,Papelería Flex 4,Oficina,Papelería,1,0.2,588.9,233.86,39.71132620139243
C0119,Nicolás López,Home Office,Chile,Norte,Tarapacá,Iquique,ORD-2024-00490,2025-01-02,P0059,Mesas Smart 9,Muebles,Mesas,8,0.0,1104.64,388.48,35.16801853997683
C0119,Nicolás López,Home Office,Chile,Norte,Tarapacá,Iquique,ORD-2024-00490,2025-01-02,P0093,Archivadores Flex 3,Oficina,Archivadores,3,0.15,1593.42,692.55,43.46311706894603
C0119,Nicolás López,Home Office,Chile,Norte,Tarapacá,Iquique,ORD-2024-00490,2025-01-02,P0053,Mesas Eco 3,Muebles,Mesas,3,0.2,889.7,184.95,20.78790603574238
C0150,Constanza Soto,Corporativo,Chile,Sur,La Araucanía,Temuco,ORD-2024-00491,2023-06-01,P0012,Teléfonos Flex 2,Tecnología,Teléfonos,5,0.0,1692.4,847.1,50.053178917513584
C0150,Constanza Soto,Corporativo,Chile,Sur,La Araucanía,Temuco,ORD-2024-00491,2023-06-01,P0083,Papelería Pro 3,Oficina,Papelería,8,0.3,296.18,-2.38,-0.803565399419272
C0150,Constanza Soto,Corporativo,Chile,Sur,La Araucanía,Temuco,ORD-2024-00491,2023-06-01,P0114,Sobres Pro 4,Oficina,Sobres,1,0.15,45.98,16.72,36.36363636363637
C0150,Constanza Soto,Corporativo,Chile,Sur,La Araucanía,Temuco,ORD-2024-00491,2023-06-01,P0077,Almacenamiento Nova 7,Muebles,Almacenamiento,6,0.0,656.94,335.1,51.00922458672025
C0106,Paula Hernández,Corporativo,Chile,Centro,Maule,Talca,ORD-2024-00492,2025-04-24,P0074,Almacenamiento Smart 4,Muebles,Almacenamiento,1,0.1,371.26,103.34,27.834940472983895
C0117,Sebastián Torres,Consumidor,Chile,Centro,Metropolitana,Santiago,ORD-2024-00493,2024-12-01,P0071,Almacenamiento Flex 1,Muebles,Almacenamiento,7,0.2,4975.71,373.06,7.497623454743143
C0117,Sebastián Torres,Consumidor,Chile,Centro,Metropolitana,Santiago,ORD-2024-00493,2024-12-01,P0096,Archivadores Pro 6,Oficina,Archivadores,7,0.0,4945.43,2169.79,43.87464790725983
C0117,Sebastián Torres,Consumidor,Chile,Centro,Metropolitana,Santiago,ORD-2024-00493,2024-12-01,P0020,Teléfonos Flex 10,Tecnología,Teléfonos,4,0.0,1977.56,997.28,50.42982260968062
C0254,Isidora Rojas,Consumidor,Chile,Sur,Biobío,Concepción,ORD-2024-00494,2023-05-28,P0070,Libreros Eco 10,Muebles,Libreros,2,0.05,1456.71,528.78,36.29960664785715
C0254,Isidora Rojas,Consumidor,Chile,Sur,Biobío,Concepción,ORD-2024-00494,2023-05-28,P0038,Periféricos Nova 8,Tecnología,Periféricos,2,0.05,776.95,281.43,36.222408134371584
C0035,Josefa Torres,Home Office,Chile,Austral,Aysén,Coyhaique,ORD-2024-00495,2023-09-17,P0002,Accesorios Smart 2,Tecnología,Accesorios,5,0.15,42.76,13.49,31.54817586529467
C0035,Josefa Torres,Home Office,Chile,Austral,Aysén,Coyhaique,ORD-2024-00495,2023-09-17,P0039,Periféricos Nova 9,Tecnología,Periféricos,7,0.3,1161.84,-187.46,-16.134751773049647
C0035,Josefa Torres,Home Office,Chile,Austral,Aysén,Coyhaique,ORD-2024-00495,2023-09-17,P0087,Papelería Flex 7,Oficina,Papelería,8,0.0,5922.96,1718.4,29.012520766643707
C0035,Josefa Torres,Home Office,Chile,Austral,Aysén,Coyhaique,ORD-2024-00495,2023-09-17,P0004,Accesorios Eco 4,Tecnología,Accesorios,5,0.3,98.42,-6.72,-6.8278805120910375
C0276,Antonia López,Home Office,Chile,Centro,Valparaíso,Valparaíso,ORD-2024-00496,2025-02-27,P0005,Accesorios Flex 5,Tecnología,Accesorios,8,0.0,7133.36,2726.88,38.227146814404435
C0276,Antonia López,Home Office,Chile,Centro,Valparaíso,Valparaíso,ORD-2024-00496,2025-02-27,P0011,Teléfonos Plus 1,Tecnología,Teléfonos,4,0.0,2206.92,760.4,34.45525891287405
C0276,Antonia López,Home Office,Chile,Centro,Valparaíso,Valparaíso,ORD-2024-00496,2025-02-27,P0031,Periféricos Smart 1,Tecnología,Periféricos,8,0.0,1860.64,956.32,51.39736864734715
C0276,Antonia López,Home Office,Chile,Centro,Valparaíso,Valparaíso,ORD-2024-00496,2025-02-27,P0028,Computadores Pro 8,Tecnología,Computadores,7,0.0,3234.91,1549.17,47.88912210849761
C0015,Pedro Hernández,Consumidor,Chile,Centro,Maule,Talca,ORD-2024-00497,2024-06-02,P0033,Periféricos Nova 3,Tecnología,Periféricos,2,0.3,1236.69,-79.14,-6.399340174174611
C0151,María Pérez,Consumidor,Chile,Norte,Tarapacá,Iquique,ORD-2024-00498,2023-06-16,P0026,Computadores Plus 6,Tecnología,Computadores,8,0.3,2673.1,-237.1,-8.869851483296546
C0091,Valentina Hernández,Consumidor,Chile,Norte,Tarapacá,Iquique,ORD-2024-00499,2025-03-02,P0104,Etiquetas Nova 4,Oficina,Etiquetas,2,0.0,1210.4,425.4,35.14540647719762
C0091,Valentina Hernández,Consumidor,Chile,Norte,Tarapacá,Iquique,ORD-2024-00499,2025-03-02,P0095,Archivadores Plus 5,Oficina,Archivadores,1,0.3,369.07,85.0,23.03086135421465
C0091,Valentina Hernández,Consumidor,Chile,Norte,Tarapacá,Iquique,ORD-2024-00499,2025-03-02,P0003,Accesorios Plus 3,Tecnología,Accesorios,6,0.0,5209.56,1098.96,21.095063690599588
C0091,Valentina Hernández,Consumidor,Chile,Norte,Tarapacá,Iquique,ORD-2024-00499,2025-03-02,P0036,Periféricos Nova 6,Tecnología,Periféricos,7,0.2,4912.32,2179.38,44.365595075239405
C0135,Benjamín Flores,Corporativo,Chile,Sur,Biobío,Concepción,ORD-2024-00500,2024-11-11,P0004,Accesorios Eco 4,Tecnología,Accesorios,3,0.0,84.36,24.93,29.551920341394027
C0229,Jorge Pérez,Corporativo,Chile,Sur,La Araucanía,Temuco,ORD-2024-00501,2024-11-06,P0015,Teléfonos Plus 5,Tecnología,Teléfonos,1,0.05,663.57,152.13,22.92599122925991
C0229,Jorge Pérez,Corporativo,Chile,Sur,La Araucanía,Temuco,ORD-2024-00501,2024-11-06,P0018,Teléfonos Flex 8,Tecnología,Teléfonos,7,0.0,4803.96,1505.14,31.3312350644052
C0229,Jorge Pérez,Corporativo,Chile,Sur,La Araucanía,Temuco,ORD-2024-00501,2024-11-06,P0068,Libreros Pro 8,Muebles,Libreros,5,0.0,3192.15,1116.55,34.977992888805346
C0229,Jorge Pérez,Corporativo,Chile,Sur,La Araucanía,Temuco,ORD-2024-00501,2024-11-06,P0041,Sillas Eco 1,Muebles,Sillas,4,0.3,432.66,8.03,1.8559608006286687
C0244,Nicolás Hernández,Consumidor,Chile,Norte,Coquimbo,La Serena,ORD-2024-00502,2024-05-04,P0110,Etiquetas Nova 10,Oficina,Etiquetas,3,0.0,180.96,76.14,42.07559681697612
C0244,Nicolás Hernández,Consumidor,Chile,Norte,Coquimbo,La Serena,ORD-2024-00502,2024-05-04,P0073,Almacenamiento Eco 3,Muebles,Almacenamiento,3,0.05,498.07,136.61,27.42787158431546
C0186,Sebastián Torres,Home Office,Chile,Austral,Magallanes,Punta Arenas,ORD-2024-00503,2023-08-19,P0100,Archivadores Smart 10,Oficina,Archivadores,7,0.0,368.34,100.17,27.194982896237175
C0186,Sebastián Torres,Home Office,Chile,Austral,Magallanes,Punta Arenas,ORD-2024-00503,2023-08-19,P0051,Mesas Smart 1,Muebles,Mesas,8,0.05,721.09,248.35,34.440915835748655
C0186,Sebastián Torres,Home Office,Chile,Austral,Magallanes,Punta Arenas,ORD-2024-00503,2023-08-19,P0062,Libreros Plus 2,Muebles,Libreros,7,0.0,3259.76,1611.47,49.4352344957911
C0255,Javiera Fuentes,Home Office,Chile,Sur,Los Ríos,Valdivia,ORD-2024-00504,2025-03-02,P0099,Archivadores Eco 9,Oficina,Archivadores,1,0.15,8.98,4.13,45.99109131403118
C0255,Javiera Fuentes,Home Office,Chile,Sur,Los Ríos,Valdivia,ORD-2024-00504,2025-03-02,P0060,Mesas Smart 10,Muebles,Mesas,6,0.1,854.77,280.63,32.83105396773401
C0158,Catalina Díaz,Corporativo,Chile,Centro,Metropolitana,Santiago,ORD-2024-00505,2024-04-26,P0012,Teléfonos Flex 2,Tecnología,Teléfonos,8,0.15,2301.66,943.86,41.007794374494935
C0158,Catalina Díaz,Corporativo,Chile,Centro,Metropolitana,Santiago,ORD-2024-00505,2024-04-26,P0033,Periféricos Nova 3,Tecnología,Periféricos,5,0.1,3975.08,446.47,11.231723638266402
C0158,Catalina Díaz,Corporativo,Chile,Centro,Metropolitana,Santiago,ORD-2024-00505,2024-04-26,P0041,Sillas Eco 1,Muebles,Sillas,6,0.05,880.76,276.12,31.35019755665562
C0157,Paula Hernández,Corporativo,Chile,Sur,La Araucanía,Temuco,ORD-2024-00506,2023-07-16,P0099,Archivadores Eco 9,Oficina,Archivadores,3,0.1,28.54,13.93,48.80868955851437
C0157,Paula Hernández,Corporativo,Chile,Sur,La Araucanía,Temuco,ORD-2024-00506,2023-07-16,P0092,Archivadores Nova 2,Oficina,Archivadores,6,0.05,3513.02,1637.4,46.60946991477419
C0061,Diego Sepúlveda,Consumidor,Chile,Norte,Tarapacá,Iquique,ORD-2024-00507,2025-01-11,P0024,Computadores Nova 4,Tecnología,Computadores,8,0.15,5489.98,2365.59,43.08922801175961
C0061,Diego Sepúlveda,Consumidor,Chile,Norte,Tarapacá,Iquique,ORD-2024-00507,2025-01-11,P0092,Archivadores Nova 2,Oficina,Archivadores,5,0.3,2157.12,598.64,27.751817237798548
C0061,Diego Sepúlveda,Consumidor,Chile,Norte,Tarapacá,Iquique,ORD-2024-00507,2025-01-11,P0033,Periféricos Nova 3,Tecnología,Periféricos,2,0.1,1590.03,231.61,14.566391829084987
C0282,Luis Espinoza,Corporativo,Chile,Austral,Aysén,Coyhaique,ORD-2024-00508,2024-02-07,P0066,Libreros Smart 6,Muebles,Libreros,7,0.05,2393.0,1181.07,49.35520267446719
C0282,Luis Espinoza,Corporativo,Chile,Austral,Aysén,Coyhaique,ORD-2024-00508,2024-02-07,P0081,Papelería Smart 1,Oficina,Papelería,8,0.0,6563.68,2501.2,38.10667186700144
C0282,Luis Espinoza,Corporativo,Chile,Austral,Aysén,Coyhaique,ORD-2024-00508,2024-02-07,P0041,Sillas Eco 1,Muebles,Sillas,2,0.0,309.04,107.9,34.914574165156615
C0028,Benjamín Muñoz,Home Office,Chile,Austral,Magallanes,Punta Arenas,ORD-2024-00509,2023-02-12,P0119,Sobres Plus 9,Oficina,Sobres,7,0.05,4124.6,1730.71,41.96067497454298
C0006,Vicente Rojas,Home Office,Chile,Norte,Tarapacá,Iquique,ORD-2024-00510,2023-04-25,P0030,Computadores Flex 10,Tecnología,Computadores,4,0.1,2502.72,1175.21,46.9573104462345
C0006,Vicente Rojas,Home Office,Chile,Norte,Tarapacá,Iquique,ORD-2024-00510,2023-04-25,P0108,Etiquetas Flex 8,Oficina,Etiquetas,4,0.0,1963.8,393.64,20.0448110805581
C0113,Martina Sepúlveda,Home Office,Chile,Norte,Antofagasta,Antofagasta,ORD-2024-00511,2023-06-25,P0074,Almacenamiento Smart 4,Muebles,Almacenamiento,5,0.3,1443.79,232.96,16.135310536850927
C0209,Benjamín Castillo,Consumidor,Chile,Norte,Tarapacá,Iquique,ORD-2024-00512,2023-08-15,P0014,Teléfonos Pro 4,Tecnología,Teléfonos,1,0.05,74.17,37.93,51.13927463934205
C0209,Benjamín Castillo,Consumidor,Chile,Norte,Tarapacá,Iquique,ORD-2024-00512,2023-08-15,P0075,Almacenamiento Plus 5,Muebles,Almacenamiento,7,0.3,2608.56,839.38,32.17790658447572
C0209,Benjamín Castillo,Consumidor,Chile,Norte,Tarapacá,Iquique,ORD-2024-00512,2023-08-15,P0109,Etiquetas Smart 9,Oficina,Etiquetas,2,0.2,1222.06,77.46,6.338477652488421
C0077,Paula Morales,Home Office,Chile,Centro,Maule,Talca,ORD-2024-00513,2025-01-26,P0027,Computadores Flex 7,Tecnología,Computadores,8,0.2,253.95,97.0,38.196495373104945
C0077,Paula Morales,Home Office,Chile,Centro,Maule,Talca,ORD-2024-00513,2025-01-26,P0042,Sillas Flex 2,Muebles,Sillas,1,0.3,389.77,12.55,3.2198476024322042
C0077,Paula Morales,Home Office,Chile,Centro,Maule,Talca,ORD-2024-00513,2025-01-26,P0108,Etiquetas Flex 8,Oficina,Etiquetas,8,0.05,3731.22,600.88,16.104116079995283
C0194,Gabriel Castillo,Corporativo,Chile,Sur,Los Lagos,Puerto Montt,ORD-2024-00514,2023-06-22,P0092,Archivadores Nova 2,Oficina,Archivadores,5,0.05,2927.52,1390.3,47.49070885937585
C0194,Gabriel Castillo,Corporativo,Chile,Sur,Los Lagos,Puerto Montt,ORD-2024-00514,2023-06-22,P0004,Accesorios Eco 4,Tecnología,Accesorios,4,0.0,112.48,33.24,29.551920341394027
C0200,Fernanda Pérez,Corporativo,Chile,Centro,Metropolitana,Santiago,ORD-2024-00515,2024-08-08,P0056,Mesas Flex 6,Muebles,Mesas,5,0.15,2561.26,402.04,15.696961651687062
C0134,Felipe Martínez,Corporativo,Chile,Centro,Maule,Talca,ORD-2024-00516,2024-05-05,P0098,Archivadores Nova 8,Oficina,Archivadores,4,0.0,935.64,277.52,29.660980719079987
C0048,Sofía Muñoz,Corporativo,Chile,Sur,Los Lagos,Puerto Montt,ORD-2024-00517,2024-09-22,P0038,Periféricos Nova 8,Tecnología,Periféricos,3,0.2,981.41,252.15,25.692625915774244
C0048,Sofía Muñoz,Corporativo,Chile,Sur,Los Lagos,Puerto Montt,ORD-2024-00517,2024-09-22,P0030,Computadores Flex 10,Tecnología,Computadores,7,0.1,4379.76,2204.79,50.3404296125815
C0119,Nicolás López,Home Office,Chile,Norte,Tarapacá,Iquique,ORD-2024-00518,2023-04-05,P0031,Periféricos Smart 1,Tecnología,Periféricos,1,0.05,220.95,107.43,48.621860149355065
C0119,Nicolás López,Home Office,Chile,Norte,Tarapacá,Iquique,ORD-2024-00518,2023-04-05,P0009,Accesorios Flex 9,Tecnología,Accesorios,2,0.1,1553.0,614.56,39.5724404378622
C0274,Paula Araya,Corporativo,Chile,Austral,Aysén,Coyhaique,ORD-2024-00519,2023-05-08,P0032,Periféricos Eco 2,Tecnología,Periféricos,1,0.15,615.05,93.17,15.148361921794978
C0274,Paula Araya,Corporativo,Chile,Austral,Aysén,Coyhaique,ORD-2024-00519,2023-05-08,P0066,Libreros Smart 6,Muebles,Libreros,1,0.0,359.85,185.03,51.418646658329855
C0025,Jorge Martínez,Home Office,Chile,Centro,Valparaíso,Valparaíso,ORD-2024-00520,2024-04-25,P0060,Mesas Smart 10,Muebles,Mesas,4,0.3,443.21,93.65,21.12993840391688
C0025,Jorge Martínez,Home Office,Chile,Centro,Valparaíso,Valparaíso,ORD-2024-00520,2024-04-25,P0092,Archivadores Nova 2,Oficina,Archivadores,4,0.0,2465.28,1229.56,49.875064901349944
C0025,Jorge Martínez,Home Office,Chile,Centro,Valparaíso,Valparaíso,ORD-2024-00520,2024-04-25,P0009,Accesorios Flex 9,Tecnología,Accesorios,7,0.0,6039.46,2831.57,46.88448967291778
C0271,Andrés Muñoz,Consumidor,Chile,Centro,O'Higgins,Rancagua,ORD-2024-00521,2025-03-29,P0083,Papelería Pro 3,Oficina,Papelería,6,0.2,253.87,33.22,13.08543742860519
C0271,Andrés Muñoz,Consumidor,Chile,Centro,O'Higgins,Rancagua,ORD-2024-00521,2025-03-29,P0022,Computadores Pro 2,Tecnología,Computadores,8,0.0,3449.76,1737.12,50.35480729094197
C0271,Andrés Muñoz,Consumidor,Chile,Centro,O'Higgins,Rancagua,ORD-2024-00521,2025-03-29,P0010,Accesorios Nova 10,Tecnología,Accesorios,6,0.1,3661.63,741.78,20.25819102421599
C0271,Andrés Muñoz,Consumidor,Chile,Centro,O'Higgins,Rancagua,ORD-2024-00521,2025-03-29,P0049,Sillas Smart 9,Muebles,Sillas,7,0.1,1821.46,348.04,19.10774872904154
C0250,Daniela Soto,Home Office,Chile,Sur,Los Ríos,Valdivia,ORD-2024-00522,2023-07-23,P0084,Papelería Flex 4,Oficina,Papelería,5,0.2,2944.48,1261.91,42.8568032386024
C0250,Daniela Soto,Home Office,Chile,Sur,Los Ríos,Valdivia,ORD-2024-00522,2023-07-23,P0116,Sobres Flex 6,Oficina,Sobres,4,0.3,2167.73,319.35,14.732000756551786
C0239,Martina Torres,Corporativo,Chile,Norte,Tarapacá,Iquique,ORD-2024-00523,2024-12-30,P0019,Teléfonos Eco 9,Tecnología,Teléfonos,2,0.1,945.77,158.59,16.76834748406061
C0239,Martina Torres,Corporativo,Chile,Norte,Tarapacá,Iquique,ORD-2024-00523,2024-12-30,P0060,Mesas Smart 10,Muebles,Mesas,7,0.2,886.42,268.9,30.335506870332345
C0182,Benjamín Pérez,Home Office,Chile,Centro,O'Higgins,Rancagua,ORD-2024-00524,2025-04-20,P0043,Sillas Smart 3,Muebles,Sillas,4,0.1,2536.56,866.47,34.159255054089
C0182,Benjamín Pérez,Home Office,Chile,Centro,O'Higgins,Rancagua,ORD-2024-00524,2025-04-20,P0002,Accesorios Smart 2,Tecnología,Accesorios,2,0.0,20.12,8.28,41.153081510934385
C0182,Benjamín Pérez,Home Office,Chile,Centro,O'Higgins,Rancagua,ORD-2024-00524,2025-04-20,P0008,Accesorios Plus 8,Tecnología,Accesorios,1,0.05,376.77,100.54,26.68471481275049
C0013,Daniela Araya,Corporativo,Chile,Centro,O'Higgins,Rancagua,ORD-2024-00525,2024-04-04,P0007,Accesorios Nova 7,Tecnología,Accesorios,2,0.3,438.33,131.74,30.054981406702712
C0013,Daniela Araya,Corporativo,Chile,Centro,O'Higgins,Rancagua,ORD-2024-00525,2024-04-04,P0098,Archivadores Nova 8,Oficina,Archivadores,1,0.0,233.91,69.38,29.660980719079987
C0013,Daniela Araya,Corporativo,Chile,Centro,O'Higgins,Rancagua,ORD-2024-00525,2024-04-04,P0120,Sobres Plus 10,Oficina,Sobres,7,0.15,4202.31,1095.1,26.059476811563158
C0137,Javiera Díaz,Corporativo,Chile,Sur,Los Ríos,Valdivia,ORD-2024-00526,2023-05-28,P0029,Computadores Eco 9,Tecnología,Computadores,1,0.0,281.12,81.64,29.04097894137735
C0137,Javiera Díaz,Corporativo,Chile,Sur,Los Ríos,Valdivia,ORD-2024-00526,2023-05-28,P0025,Computadores Plus 5,Tecnología,Computadores,7,0.05,5078.67,1449.86,28.548025368846563
C0137,Javiera Díaz,Corporativo,Chile,Sur,Los Ríos,Valdivia,ORD-2024-00526,2023-05-28,P0055,Mesas Plus 5,Muebles,Mesas,5,0.05,2750.77,1083.95,39.40533014392334
C0137,Javiera Díaz,Corporativo,Chile,Sur,Los Ríos,Valdivia,ORD-2024-00526,2023-05-28,P0021,Computadores Plus 1,Tecnología,Computadores,1,0.1,714.96,266.33,37.251035022938346
C0113,Martina Sepúlveda,Home Office,Chile,Norte,Antofagasta,Antofagasta,ORD-2024-00527,2024-04-24,P0104,Etiquetas Nova 4,Oficina,Etiquetas,6,0.15,3086.52,655.14,21.225846584502936
C0113,Martina Sepúlveda,Home Office,Chile,Norte,Antofagasta,Antofagasta,ORD-2024-00527,2024-04-24,P0074,Almacenamiento Smart 4,Muebles,Almacenamiento,6,0.15,2103.8,535.33,25.445859872611464
C0113,Martina Sepúlveda,Home Office,Chile,Norte,Antofagasta,Antofagasta,ORD-2024-00527,2024-04-24,P0077,Almacenamiento Nova 7,Muebles,Almacenamiento,4,0.05,416.06,198.74,47.767148968898724
C0113,Martina Sepúlveda,Home Office,Chile,Norte,Antofagasta,Antofagasta,ORD-2024-00527,2024-04-24,P0062,Libreros Plus 2,Muebles,Libreros,5,0.15,1979.14,740.33,37.406651373829035
C0256,Daniela Araya,Corporativo,Chile,Austral,Aysén,Coyhaique,ORD-2024-00528,2025-01-11,P0072,Almacenamiento Nova 2,Muebles,Almacenamiento,4,0.05,2618.12,884.74,33.792950666890746
C0256,Daniela Araya,Corporativo,Chile,Austral,Aysén,Coyhaique,ORD-2024-00528,2025-01-11,P0060,Mesas Smart 10,Muebles,Mesas,3,0.0,474.87,194.19,40.893297112894054
C0212,Andrés González,Corporativo,Chile,Sur,La Araucanía,Temuco,ORD-2024-00529,2025-01-30,P0119,Sobres Plus 9,Oficina,Sobres,2,0.15,1054.41,327.31,31.042004533340915
C0212,Andrés González,Corporativo,Chile,Sur,La Araucanía,Temuco,ORD-2024-00529,2025-01-30,P0056,Mesas Flex 6,Muebles,Mesas,7,0.2,3374.84,399.97,11.851524813028174
C0212,Andrés González,Corporativo,Chile,Sur,La Araucanía,Temuco,ORD-2024-00529,2025-01-30,P0004,Accesorios Eco 4,Tecnología,Accesorios,6,0.15,143.41,28.42,19.817307021825535
C0212,Andrés González,Corporativo,Chile,Sur,La Araucanía,Temuco,ORD-2024-00529,2025-01-30,P0063,Libreros Smart 3,Muebles,Libreros,8,0.2,1596.67,109.19,6.838607852593209
C0221,Valentina Hernández,Home Office,Chile,Norte,Tarapacá,Iquique,ORD-2024-00530,2023-08-29,P0110,Etiquetas Nova 10,Oficina,Etiquetas,2,0.0,120.64,50.76,42.07559681697612
C0221,Valentina Hernández,Home Office,Chile,Norte,Tarapacá,Iquique,ORD-2024-00530,2023-08-29,P0020,Teléfonos Flex 10,Tecnología,Teléfonos,7,0.3,2422.51,542.33,22.387110889119135
C0221,Valentina Hernández,Home Office,Chile,Norte,Tarapacá,Iquique,ORD-2024-00530,2023-08-29,P0007,Accesorios Nova 7,Tecnología,Accesorios,1,0.3,219.16,87.7,40.0164263551743
C0221,Valentina Hernández,Home Office,Chile,Norte,Tarapacá,Iquique,ORD-2024-00530,2023-08-29,P0038,Periféricos Nova 8,Tecnología,Periféricos,6,0.15,2085.49,559.07,26.807608763408126
C0021,Martina Contreras,Home Office,Chile,Sur,Los Ríos,Valdivia,ORD-2024-00531,2023-06-19,P0106,Etiquetas Eco 6,Oficina,Etiquetas,4,0.0,898.28,424.4,47.2458476198958
C0056,Matías Morales,Corporativo,Chile,Centro,Metropolitana,Santiago,ORD-2024-00532,2023-10-01,P0060,Mesas Smart 10,Muebles,Mesas,5,0.0,791.45,323.65,40.893297112894054
C0255,Javiera Fuentes,Home Office,Chile,Sur,Los Ríos,Valdivia,ORD-2024-00533,2024-09-13,P0089,Papelería Plus 9,Oficina,Papelería,8,0.3,1966.27,159.4,8.106719829931802
C0255,Javiera Fuentes,Home Office,Chile,Sur,Los Ríos,Valdivia,ORD-2024-00533,2024-09-13,P0038,Periféricos Nova 8,Tecnología,Periféricos,7,0.2,2289.95,467.35,20.408742548963954
C0159,Andrés Contreras,Corporativo,Chile,Centro,Valparaíso,Valparaíso,ORD-2024-00534,2024-11-13,P0008,Accesorios Plus 8,Tecnología,Accesorios,2,0.0,793.2,242.82,30.61270801815431
C0065,Benjamín Rojas,Corporativo,Chile,Sur,Los Ríos,Valdivia,ORD-2024-00535,2023-06-02,P0056,Mesas Flex 6,Muebles,Mesas,7,0.0,4218.55,1126.93,26.713681241184766
C0065,Benjamín Rojas,Corporativo,Chile,Sur,Los Ríos,Valdivia,ORD-2024-00535,2023-06-02,P0120,Sobres Plus 10,Oficina,Sobres,4,0.3,1977.56,176.29,8.914520924775985
C0065,Benjamín Rojas,Corporativo,Chile,Sur,Los Ríos,Valdivia,ORD-2024-00535,2023-06-02,P0021,Computadores Plus 1,Tecnología,Computadores,7,0.05,5282.76,2210.12,41.83646427246363
C0065,Benjamín Rojas,Corporativo,Chile,Sur,Los Ríos,Valdivia,ORD-2024-00535,2023-06-02,P0005,Accesorios Flex 5,Tecnología,Accesorios,5,0.2,3566.68,924.42,25.918220866464047
C0238,Sebastián López,Home Office,Chile,Norte,Coquimbo,La Serena,ORD-2024-00536,2024-11-05,P0096,Archivadores Pro 6,Oficina,Archivadores,7,0.15,4203.62,1292.06,30.73684110362021
C0238,Sebastián López,Home Office,Chile,Norte,Coquimbo,La Serena,ORD-2024-00536,2024-11-05,P0001,Accesorios Flex 1,Tecnología,Accesorios,3,0.1,1203.77,576.77,47.91363798732316
C0238,Sebastián López,Home Office,Chile,Norte,Coquimbo,La Serena,ORD-2024-00536,2024-11-05,P0113,Sobres Smart 3,Oficina,Sobres,6,0.0,3654.06,1397.1,38.23418334674307
C0123,Felipe Díaz,Consumidor,Chile,Sur,Los Lagos,Puerto Montt,ORD-2024-00537,2024-06-09,P0054,Mesas Eco 4,Muebles,Mesas,1,0.0,82.52,21.59,26.16335433834222
C0123,Felipe Díaz,Consumidor,Chile,Sur,Los Lagos,Puerto Montt,ORD-2024-00537,2024-06-09,P0103,Etiquetas Nova 3,Oficina,Etiquetas,6,0.15,2746.86,781.5,28.450667307398263
C0257,Vicente Muñoz,Consumidor,Chile,Norte,Coquimbo,La Serena,ORD-2024-00538,2023-07-26,P0059,Mesas Smart 9,Muebles,Mesas,5,0.3,483.28,73.42,15.192021188544944
C0010,Valentina Pérez,Consumidor,Chile,Centro,Maule,Talca,ORD-2024-00539,2024-02-22,P0119,Sobres Plus 9,Oficina,Sobres,8,0.05,4713.82,1890.32,40.101658527478776
C0010,Valentina Pérez,Consumidor,Chile,Centro,Maule,Talca,ORD-2024-00539,2024-02-22,P0058,Mesas Nova 8,Muebles,Mesas,5,0.1,1057.82,135.81,12.838668204420411
C0010,Valentina Pérez,Consumidor,Chile,Centro,Maule,Talca,ORD-2024-00539,2024-02-22,P0105,Etiquetas Pro 5,Oficina,Etiquetas,4,0.1,934.13,446.06,47.75138364039266
C0010,Valentina Pérez,Consumidor,Chile,Centro,Maule,Talca,ORD-2024-00539,2024-02-22,P0068,Libreros Pro 8,Muebles,Libreros,4,0.0,2553.72,893.24,34.97799288880535
C0123,Felipe Díaz,Consumidor,Chile,Sur,Los Lagos,Puerto Montt,ORD-2024-00540,2024-02-11,P0003,Accesorios Plus 3,Tecnología,Accesorios,5,0.0,4341.3,915.8,21.095063690599588
C0123,Felipe Díaz,Consumidor,Chile,Sur,Los Lagos,Puerto Montt,ORD-2024-00540,2024-02-11,P0069,Libreros Smart 9,Muebles,Libreros,5,0.0,3339.3,989.05,29.618482915581108
C0123,Felipe Díaz,Consumidor,Chile,Sur,Los Lagos,Puerto Montt,ORD-2024-00540,2024-02-11,P0072,Almacenamiento Nova 2,Muebles,Almacenamiento,6,0.0,4133.88,1565.28,37.86466951145171
C0123,Felipe Díaz,Consumidor,Chile,Sur,Los Lagos,Puerto Montt,ORD-2024-00540,2024-02-11,P0002,Accesorios Smart 2,Tecnología,Accesorios,7,0.0,70.42,28.98,41.15308151093439
C0246,Andrés Hernández,Consumidor,Chile,Sur,Los Lagos,Puerto Montt,ORD-2024-00541,2023-01-22,P0054,Mesas Eco 4,Muebles,Mesas,3,0.2,198.05,21.12,10.66397374400404
C0246,Andrés Hernández,Consumidor,Chile,Sur,Los Lagos,Puerto Montt,ORD-2024-00541,2023-01-22,P0047,Sillas Plus 7,Muebles,Sillas,2,0.1,1256.09,225.19,17.92785548806216
C0246,Andrés Hernández,Consumidor,Chile,Sur,Los Lagos,Puerto Montt,ORD-2024-00541,2023-01-22,P0010,Accesorios Nova 10,Tecnología,Accesorios,3,0.0,2034.24,543.03,26.694490325625292
C0123,Felipe Díaz,Consumidor,Chile,Sur,Los Lagos,Puerto Montt,ORD-2024-00542,2023-03-09,P0098,Archivadores Nova 8,Oficina,Archivadores,8,0.15,1590.59,316.85,19.920281153534226
C0262,Sebastián Castillo,Home Office,Chile,Norte,Antofagasta,Antofagasta,ORD-2024-00543,2023-05-06,P0046,Sillas Pro 6,Muebles,Sillas,3,0.2,203.69,62.14,30.5071432078158
C0010,Valentina Pérez,Consumidor,Chile,Centro,Maule,Talca,ORD-2024-00544,2024-09-27,P0044,Sillas Plus 4,Muebles,Sillas,3,0.05,2076.37,732.94,35.29910372428807
C0010,Valentina Pérez,Consumidor,Chile,Centro,Maule,Talca,ORD-2024-00544,2024-09-27,P0004,Accesorios Eco 4,Tecnología,Accesorios,6,0.2,134.98,12.17,9.016150540820863
C0054,Catalina Araya,Corporativo,Chile,Sur,La Araucanía,Temuco,ORD-2024-00545,2025-04-06,P0100,Archivadores Smart 10,Oficina,Archivadores,2,0.05,99.98,22.65,22.654530906181233
C0054,Catalina Araya,Corporativo,Chile,Sur,La Araucanía,Temuco,ORD-2024-00545,2025-04-06,P0072,Almacenamiento Nova 2,Muebles,Almacenamiento,8,0.2,4409.47,1063.07,24.108793120261616
C0054,Catalina Araya,Corporativo,Chile,Sur,La Araucanía,Temuco,ORD-2024-00545,2025-04-06,P0026,Computadores Plus 6,Tecnología,Computadores,1,0.0,477.34,99.19,20.779737713160433
C0054,Catalina Araya,Corporativo,Chile,Sur,La Araucanía,Temuco,ORD-2024-00545,2025-04-06,P0074,Almacenamiento Smart 4,Muebles,Almacenamiento,6,0.0,2475.06,910.56,36.78941116578992
C0174,Nicolás Martínez,Corporativo,Chile,Sur,Los Lagos,Puerto Montt,ORD-2024-00546,2024-03-01,P0108,Etiquetas Flex 8,Oficina,Etiquetas,2,0.0,981.9,196.82,20.0448110805581
C0174,Nicolás Martínez,Corporativo,Chile,Sur,Los Lagos,Puerto Montt,ORD-2024-00546,2024-03-01,P0064,Libreros Eco 4,Muebles,Libreros,6,0.0,903.06,213.96,23.692777888512392
C0163,Camila Silva,Corporativo,Chile,Austral,Magallanes,Punta Arenas,ORD-2024-00547,2023-09-09,P0008,Accesorios Plus 8,Tecnología,Accesorios,5,0.0,1983.0,607.05,30.61270801815431
C0079,Benjamín Hernández,Consumidor,Chile,Austral,Magallanes,Punta Arenas,ORD-2024-00548,2023-10-15,P0040,Periféricos Eco 10,Tecnología,Periféricos,5,0.2,2968.04,956.79,32.23642538510262
C0079,Benjamín Hernández,Consumidor,Chile,Austral,Magallanes,Punta Arenas,ORD-2024-00548,2023-10-15,P0042,Sillas Flex 2,Muebles,Sillas,3,0.0,1670.43,540.3,32.34496506887447
C0079,Benjamín Hernández,Consumidor,Chile,Austral,Magallanes,Punta Arenas,ORD-2024-00548,2023-10-15,P0047,Sillas Plus 7,Muebles,Sillas,2,0.0,1395.66,354.12,25.372941833971023
C0079,Benjamín Hernández,Consumidor,Chile,Austral,Magallanes,Punta Arenas,ORD-2024-00548,2023-10-15,P0041,Sillas Eco 1,Muebles,Sillas,2,0.0,309.04,107.9,34.914574165156615
C0119,Nicolás López,Home Office,Chile,Norte,Tarapacá,Iquique,ORD-2024-00549,2023-02-20,P0013,Teléfonos Nova 3,Tecnología,Teléfonos,7,0.0,2001.02,784.7,39.215000349821594
C0119,Nicolás López,Home Office,Chile,Norte,Tarapacá,Iquique,ORD-2024-00549,2023-02-20,P0012,Teléfonos Flex 2,Tecnología,Teléfonos,6,0.1,1827.79,793.85,43.43223236805104
C0119,Nicolás López,Home Office,Chile,Norte,Tarapacá,Iquique,ORD-2024-00549,2023-02-20,P0009,Accesorios Flex 9,Tecnología,Accesorios,2,0.0,1725.56,809.02,46.88448967291778
C0022,Isidora Araya,Corporativo,Chile,Austral,Aysén,Coyhaique,ORD-2024-00550,2024-04-25,P0022,Computadores Pro 2,Tecnología,Computadores,3,0.0,1293.66,651.42,50.35480729094197
C0022,Isidora Araya,Corporativo,Chile,Austral,Aysén,Coyhaique,ORD-2024-00550,2024-04-25,P0061,Libreros Plus 1,Muebles,Libreros,4,0.0,3501.44,1646.44,47.02179674648145
C0022,Isidora Araya,Corporativo,Chile,Austral,Aysén,Coyhaique,ORD-2024-00550,2024-04-25,P0053,Mesas Eco 3,Muebles,Mesas,1,0.1,333.64,93.79,28.111137753266995
C0253,Jorge Torres,Consumidor,Chile,Centro,Maule,Talca,ORD-2024-00551,2024-07-14,P0045,Sillas Eco 5,Muebles,Sillas,3,0.2,1283.76,48.03,3.741353524023182
C0253,Jorge Torres,Consumidor,Chile,Centro,Maule,Talca,ORD-2024-00551,2024-07-14,P0117,Sobres Eco 7,Oficina,Sobres,5,0.1,3354.57,544.54,16.23278095255129
C0253,Jorge Torres,Consumidor,Chile,Centro,Maule,Talca,ORD-2024-00551,2024-07-14,P0091,Archivadores Flex 1,Oficina,Archivadores,7,0.1,3246.33,759.52,23.39626593722758
C0001,Fernanda Díaz,Consumidor,Chile,Norte,Tarapacá,Iquique,ORD-2024-00552,2023-04-28,P0105,Etiquetas Pro 5,Oficina,Etiquetas,2,0.05,493.01,250.61,50.83264031155556
C0001,Fernanda Díaz,Consumidor,Chile,Norte,Tarapacá,Iquique,ORD-2024-00552,2023-04-28,P0030,Computadores Flex 10,Tecnología,Computadores,4,0.0,2780.8,1500.88,53.972957422324505
C0069,Constanza Flores,Corporativo,Chile,Norte,Antofagasta,Antofagasta,ORD-2024-00553,2023-08-12,P0107,Etiquetas Pro 7,Oficina,Etiquetas,1,0.2,61.96,21.94,35.409941897998706
C0229,Jorge Pérez,Corporativo,Chile,Sur,La Araucanía,Temuco,ORD-2024-00554,2023-05-28,P0049,Sillas Smart 9,Muebles,Sillas,5,0.3,1011.92,-76.13,-7.523322001739268
C0229,Jorge Pérez,Corporativo,Chile,Sur,La Araucanía,Temuco,ORD-2024-00554,2023-05-28,P0027,Computadores Flex 7,Tecnología,Computadores,7,0.15,236.1,110.4,46.75984752223634
C0229,Jorge Pérez,Corporativo,Chile,Sur,La Araucanía,Temuco,ORD-2024-00554,2023-05-28,P0063,Libreros Smart 3,Muebles,Libreros,8,0.1,1796.26,327.89,18.254038947591106
C0229,Jorge Pérez,Corporativo,Chile,Sur,La Araucanía,Temuco,ORD-2024-00554,2023-05-28,P0001,Accesorios Flex 1,Tecnología,Accesorios,7,0.3,2184.62,838.97,38.40347520392563
C0235,María Hernández,Consumidor,Chile,Austral,Aysén,Coyhaique,ORD-2024-00555,2024-06-20,P0023,Computadores Pro 3,Tecnología,Computadores,7,0.0,5553.59,2787.96,50.20104112835121
C0235,María Hernández,Consumidor,Chile,Austral,Aysén,Coyhaique,ORD-2024-00555,2024-06-20,P0076,Almacenamiento Eco 6,Muebles,Almacenamiento,8,0.15,780.23,296.83,38.0439101290645
C0235,María Hernández,Consumidor,Chile,Austral,Aysén,Coyhaique,ORD-2024-00555,2024-06-20,P0058,Mesas Nova 8,Muebles,Mesas,4,0.1,846.25,110.6,13.069423929098967
C0139,Antonia Fuentes,Home Office,Chile,Centro,O'Higgins,Rancagua,ORD-2024-00556,2023-06-14,P0050,Sillas Nova 10,Muebles,Sillas,4,0.0,966.52,447.16,46.264950544220504
C0139,Antonia Fuentes,Home Office,Chile,Centro,O'Higgins,Rancagua,ORD-2024-00556,2023-06-14,P0067,Libreros Pro 7,Muebles,Libreros,5,0.0,863.85,318.7,36.89297910516872
C0139,Antonia Fuentes,Home Office,Chile,Centro,O'Higgins,Rancagua,ORD-2024-00556,2023-06-14,P0096,Archivadores Pro 6,Oficina,Archivadores,7,0.0,4945.43,2169.79,43.87464790725983
C0139,Antonia Fuentes,Home Office,Chile,Centro,O'Higgins,Rancagua,ORD-2024-00556,2023-06-14,P0031,Periféricos Smart 1,Tecnología,Periféricos,5,0.1,1046.61,467.0,44.6202501409312
C0255,Javiera Fuentes,Home Office,Chile,Sur,Los Ríos,Valdivia,ORD-2024-00557,2024-06-25,P0001,Accesorios Flex 1,Tecnología,Accesorios,8,0.05,3388.38,1726.69,50.959160424745754
C0255,Javiera Fuentes,Home Office,Chile,Sur,Los Ríos,Valdivia,ORD-2024-00557,2024-06-25,P0093,Archivadores Flex 3,Oficina,Archivadores,7,0.1,3936.68,1862.09,47.3010252293811
C0255,Javiera Fuentes,Home Office,Chile,Sur,Los Ríos,Valdivia,ORD-2024-00557,2024-06-25,P0076,Almacenamiento Eco 6,Muebles,Almacenamiento,4,0.2,367.17,113.81,30.996541111746602
C0050,Benjamín Soto,Consumidor,Chile,Sur,La Araucanía,Temuco,ORD-2024-00558,2024-01-25,P0046,Sillas Pro 6,Muebles,Sillas,8,0.05,645.01,283.77,43.994666749352724
C0050,Benjamín Soto,Consumidor,Chile,Sur,La Araucanía,Temuco,ORD-2024-00558,2024-01-25,P0030,Computadores Flex 10,Tecnología,Computadores,7,0.0,4866.4,2626.54,53.97295742232452
C0050,Benjamín Soto,Consumidor,Chile,Sur,La Araucanía,Temuco,ORD-2024-00558,2024-01-25,P0073,Almacenamiento Eco 3,Muebles,Almacenamiento,3,0.05,498.07,138.88,27.883630814945693
C0105,Diego Rojas,Consumidor,Chile,Austral,Magallanes,Punta Arenas,ORD-2024-00559,2024-04-23,P0092,Archivadores Nova 2,Oficina,Archivadores,3,0.05,1756.51,820.92,46.73585689805353
C0105,Diego Rojas,Consumidor,Chile,Austral,Magallanes,Punta Arenas,ORD-2024-00559,2024-04-23,P0048,Sillas Plus 8,Muebles,Sillas,2,0.0,1250.86,281.32,22.490126792766578
C0105,Diego Rojas,Consumidor,Chile,Austral,Magallanes,Punta Arenas,ORD-2024-00559,2024-04-23,P0016,Teléfonos Pro 6,Tecnología,Teléfonos,5,0.3,2727.55,630.24,23.106450844164176
C0105,Diego Rojas,Consumidor,Chile,Austral,Magallanes,Punta Arenas,ORD-2024-00559,2024-04-23,P0044,Sillas Plus 4,Muebles,Sillas,4,0.0,2914.2,1121.72,38.491524260517465
C0275,Carlos López,Corporativo,Chile,Centro,Maule,Talca,ORD-2024-00560,2025-02-03,P0070,Libreros Eco 10,Muebles,Libreros,3,0.0,2300.07,886.26,38.5318707691505
C0275,Carlos López,Corporativo,Chile,Centro,Maule,Talca,ORD-2024-00560,2025-02-03,P0105,Etiquetas Pro 5,Oficina,Etiquetas,4,0.2,830.34,305.72,36.81865260013971
C0275,Carlos López,Corporativo,Chile,Centro,Maule,Talca,ORD-2024-00560,2025-02-03,P0012,Teléfonos Flex 2,Tecnología,Teléfonos,4,0.1,1218.53,569.36,46.72515243777339
C0183,Catalina González,Consumidor,Chile,Sur,Biobío,Concepción,ORD-2024-00561,2025-02-10,P0086,Papelería Flex 6,Oficina,Papelería,5,0.05,3069.12,1225.71,39.93685486393494
C0120,Fernanda Díaz,Corporativo,Chile,Centro,Valparaíso,Valparaíso,ORD-2024-00562,2025-01-25,P0038,Periféricos Nova 8,Tecnología,Periféricos,8,0.0,3271.36,1268.72,38.782646972512964
C0120,Fernanda Díaz,Corporativo,Chile,Centro,Valparaíso,Valparaíso,ORD-2024-00562,2025-01-25,P0080,Almacenamiento Plus 10,Muebles,Almacenamiento,3,0.0,2373.33,1228.11,51.746280542528844
C0188,Nicolás Sepúlveda,Consumidor,Chile,Centro,O'Higgins,Rancagua,ORD-2024-00563,2024-10-04,P0107,Etiquetas Pro 7,Oficina,Etiquetas,3,0.3,162.65,38.66,23.7688287734399
C0192,Luis Fuentes,Consumidor,Chile,Norte,Tarapacá,Iquique,ORD-2024-00564,2023-02-05,P0020,Teléfonos Flex 10,Tecnología,Teléfonos,7,0.0,3460.73,1745.24,50.42982260968062
C0137,Javiera Díaz,Corporativo,Chile,Sur,Los Ríos,Valdivia,ORD-2024-00565,2024-12-31,P0107,Etiquetas Pro 7,Oficina,Etiquetas,4,0.3,216.86,49.81,22.968735589781424
C0137,Javiera Díaz,Corporativo,Chile,Sur,Los Ríos,Valdivia,ORD-2024-00565,2024-12-31,P0036,Periféricos Nova 6,Tecnología,Periféricos,6,0.1,4736.88,2189.64,46.225363530425085
C0101,Ana Flores,Consumidor,Chile,Norte,Tarapacá,Iquique,ORD-2024-00566,2024-02-20,P0116,Sobres Flex 6,Oficina,Sobres,1,0.05,735.48,246.76,33.55087833795616
C0101,Ana Flores,Consumidor,Chile,Norte,Tarapacá,Iquique,ORD-2024-00566,2024-02-20,P0072,Almacenamiento Nova 2,Muebles,Almacenamiento,8,0.2,4409.47,804.18,18.23756596597777
C0028,Benjamín Muñoz,Home Office,Chile,Austral,Magallanes,Punta Arenas,ORD-2024-00567,2024-06-14,P0066,Libreros Smart 6,Muebles,Libreros,2,0.05,683.72,333.51,48.77873983502018
C0174,Nicolás Martínez,Corporativo,Chile,Sur,Los Lagos,Puerto Montt,ORD-2024-00568,2024-06-21,P0006,Accesorios Nova 6,Tecnología,Accesorios,7,0.3,4259.47,348.74,8.187403597161149
C0174,Nicolás Martínez,Corporativo,Chile,Sur,Los Lagos,Puerto Montt,ORD-2024-00568,2024-06-21,P0018,Teléfonos Flex 8,Tecnología,Teléfonos,4,0.0,2745.12,860.08,31.3312350644052
C0037,Carlos Espinoza,Consumidor,Chile,Austral,Aysén,Coyhaique,ORD-2024-00569,2024-03-08,P0088,Papelería Eco 8,Oficina,Papelería,5,0.15,2957.32,941.19,31.825774687893094
C0037,Carlos Espinoza,Consumidor,Chile,Austral,Aysén,Coyhaique,ORD-2024-00569,2024-03-08,P0100,Archivadores Smart 10,Oficina,Archivadores,1,0.0,52.62,14.31,27.194982896237175
C0043,Carlos Pérez,Corporativo,Chile,Austral,Magallanes,Punta Arenas,ORD-2024-00570,2023-11-27,P0062,Libreros Plus 2,Muebles,Libreros,2,0.3,651.95,149.31,22.902063041644297
C0043,Carlos Pérez,Corporativo,Chile,Austral,Magallanes,Punta Arenas,ORD-2024-00570,2023-11-27,P0008,Accesorios Plus 8,Tecnología,Accesorios,1,0.0,396.6,121.41,30.61270801815431
C0195,Sebastián Espinoza,Corporativo,Chile,Austral,Aysén,Coyhaique,ORD-2024-00571,2024-11-19,P0034,Periféricos Flex 4,Tecnología,Periféricos,3,0.0,1259.04,431.73,34.29041174227984
C0195,Sebastián Espinoza,Corporativo,Chile,Austral,Aysén,Coyhaique,ORD-2024-00571,2024-11-19,P0077,Almacenamiento Nova 7,Muebles,Almacenamiento,8,0.1,788.33,359.52,45.60526682988088
C0195,Sebastián Espinoza,Corporativo,Chile,Austral,Aysén,Coyhaique,ORD-2024-00571,2024-11-19,P0020,Teléfonos Flex 10,Tecnología,Teléfonos,3,0.1,1334.85,599.56,44.91590815447428
C0161,Carlos Hernández,Consumidor,Chile,Sur,Los Lagos,Puerto Montt,ORD-2024-00572,2024-01-24,P0001,Accesorios Flex 1,Tecnología,Accesorios,5,0.05,2117.74,1070.68,50.557669968929154
C0046,Fernanda Pérez,Home Office,Chile,Sur,La Araucanía,Temuco,ORD-2024-00573,2024-01-06,P0031,Periféricos Smart 1,Tecnología,Periféricos,7,0.0,1628.06,836.78,51.39736864734715
C0165,Gabriel Silva,Home Office,Chile,Sur,Los Ríos,Valdivia,ORD-2024-00574,2024-01-14,P0071,Almacenamiento Flex 1,Muebles,Almacenamiento,1,0.3,621.96,-7.87,-1.265354685188758
C0124,Tomás González,Home Office,Chile,Sur,Los Ríos,Valdivia,ORD-2024-00575,2024-02-25,P0099,Archivadores Eco 9,Oficina,Archivadores,3,0.0,31.71,16.71,52.69631031220435
C0025,Jorge Martínez,Home Office,Chile,Centro,Valparaíso,Valparaíso,ORD-2024-00576,2023-05-06,P0110,Etiquetas Nova 10,Oficina,Etiquetas,3,0.3,126.67,21.89,17.281124180942605
C0025,Jorge Martínez,Home Office,Chile,Centro,Valparaíso,Valparaíso,ORD-2024-00576,2023-05-06,P0067,Libreros Pro 7,Muebles,Libreros,4,0.2,552.86,104.68,18.93426907354484
C0025,Jorge Martínez,Home Office,Chile,Centro,Valparaíso,Valparaíso,ORD-2024-00576,2023-05-06,P0068,Libreros Pro 8,Muebles,Libreros,2,0.2,1021.49,214.97,21.044748357791068
C0034,Camila Sepúlveda,Consumidor,Chile,Norte,Tarapacá,Iquique,ORD-2024-00577,2023-05-25,P0021,Computadores Plus 1,Tecnología,Computadores,1,0.05,754.68,307.24,40.711294853447825
C0034,Camila Sepúlveda,Consumidor,Chile,Norte,Tarapacá,Iquique,ORD-2024-00577,2023-05-25,P0048,Sillas Plus 8,Muebles,Sillas,7,0.05,4159.11,800.39,19.24426139246137
C0034,Camila Sepúlveda,Consumidor,Chile,Norte,Tarapacá,Iquique,ORD-2024-00577,2023-05-25,P0011,Teléfonos Plus 1,Tecnología,Teléfonos,8,0.0,4413.84,1520.8,34.45525891287405
C0200,Fernanda Pérez,Corporativo,Chile,Centro,Metropolitana,Santiago,ORD-2024-00578,2023-06-10,P0024,Computadores Nova 4,Tecnología,Computadores,7,0.05,5368.88,2523.79,47.00775580754273
C0175,María Fuentes,Consumidor,Chile,Centro,Metropolitana,Santiago,ORD-2024-00579,2024-07-10,P0061,Libreros Plus 1,Muebles,Libreros,7,0.1,5514.77,2290.29,41.530109143264355
C0149,Sebastián Soto,Consumidor,Chile,Centro,Maule,Talca,ORD-2024-00580,2024-06-09,P0094,Archivadores Pro 4,Oficina,Archivadores,2,0.15,306.07,58.25,19.03159407978567
C0149,Sebastián Soto,Consumidor,Chile,Centro,Maule,Talca,ORD-2024-00580,2024-06-09,P0107,Etiquetas Pro 7,Oficina,Etiquetas,5,0.15,329.16,111.62,33.91056021387775
C0239,Martina Torres,Corporativo,Chile,Norte,Tarapacá,Iquique,ORD-2024-00581,2024-09-16,P0088,Papelería Eco 8,Oficina,Papelería,1,0.1,626.26,210.68,33.64097978475394
C0239,Martina Torres,Corporativo,Chile,Norte,Tarapacá,Iquique,ORD-2024-00581,2024-09-16,P0027,Computadores Flex 7,Tecnología,Computadores,6,0.05,226.18,112.41,49.69935449641878
C0239,Martina Torres,Corporativo,Chile,Norte,Tarapacá,Iquique,ORD-2024-00581,2024-09-16,P0076,Almacenamiento Eco 6,Muebles,Almacenamiento,6,0.0,688.44,317.76,46.156527801987096
C0073,Sebastián Fuentes,Corporativo,Chile,Austral,Aysén,Coyhaique,ORD-2024-00582,2025-04-05,P0078,Almacenamiento Eco 8,Muebles,Almacenamiento,4,0.05,1140.84,597.03,52.332491848111914
C0253,Jorge Torres,Consumidor,Chile,Centro,Maule,Talca,ORD-2024-00583,2023-08-10,P0093,Archivadores Flex 3,Oficina,Archivadores,2,0.0,1249.74,666.8,53.35509786035495
C0168,Gabriel Araya,Corporativo,Chile,Centro,O'Higgins,Rancagua,ORD-2024-00584,2024-02-03,P0002,Accesorios Smart 2,Tecnología,Accesorios,3,0.05,28.67,10.72,37.39100104638995
C0055,Pedro Espinoza,Corporativo,Chile,Norte,Coquimbo,La Serena,ORD-2024-00585,2023-12-09,P0043,Sillas Smart 3,Muebles,Sillas,8,0.3,3945.76,860.43,21.80644539961883
C0055,Pedro Espinoza,Corporativo,Chile,Norte,Coquimbo,La Serena,ORD-2024-00585,2023-12-09,P0106,Etiquetas Eco 6,Oficina,Etiquetas,2,0.2,359.31,107.4,29.890623695416217
C0055,Pedro Espinoza,Corporativo,Chile,Norte,Coquimbo,La Serena,ORD-2024-00585,2023-12-09,P0051,Mesas Smart 1,Muebles,Mesas,6,0.15,483.89,144.67,29.89729070656554
C0055,Pedro Espinoza,Corporativo,Chile,Norte,Coquimbo,La Serena,ORD-2024-00585,2023-12-09,P0010,Accesorios Nova 10,Tecnología,Accesorios,5,0.0,3390.4,905.05,26.694490325625292
C0056,Matías Morales,Corporativo,Chile,Centro,Metropolitana,Santiago,ORD-2024-00586,2024-07-06,P0076,Almacenamiento Eco 6,Muebles,Almacenamiento,3,0.2,275.38,98.44,35.74696782627642
C0111,Carlos Flores,Consumidor,Chile,Sur,Biobío,Concepción,ORD-2024-00587,2024-09-13,P0044,Sillas Plus 4,Muebles,Sillas,7,0.0,5099.85,1963.01,38.491524260517465
C0111,Carlos Flores,Consumidor,Chile,Sur,Biobío,Concepción,ORD-2024-00587,2024-09-13,P0090,Papelería Plus 10,Oficina,Papelería,5,0.0,3796.95,1360.35,35.82744044562083
C0111,Carlos Flores,Consumidor,Chile,Sur,Biobío,Concepción,ORD-2024-00587,2024-09-13,P0096,Archivadores Pro 6,Oficina,Archivadores,1,0.15,600.52,198.47,33.04969026843402
C0122,Daniela Muñoz,Consumidor,Chile,Centro,O'Higgins,Rancagua,ORD-2024-00588,2024-05-19,P0055,Mesas Plus 5,Muebles,Mesas,1,0.0,579.11,239.96,41.43599661549619
C0122,Daniela Muñoz,Consumidor,Chile,Centro,O'Higgins,Rancagua,ORD-2024-00588,2024-05-19,P0067,Libreros Pro 7,Muebles,Libreros,4,0.15,587.42,155.83,26.5278676245276
C0014,Isidora Flores,Corporativo,Chile,Norte,Antofagasta,Antofagasta,ORD-2024-00589,2024-01-31,P0099,Archivadores Eco 9,Oficina,Archivadores,4,0.1,38.05,17.38,45.67674113009198
C0014,Isidora Flores,Corporativo,Chile,Norte,Antofagasta,Antofagasta,ORD-2024-00589,2024-01-31,P0007,Accesorios Nova 7,Tecnología,Accesorios,7,0.0,2191.63,1186.57,54.140981826311915
C0249,Ignacio Sepúlveda,Home Office,Chile,Norte,Coquimbo,La Serena,ORD-2024-00590,2024-10-03,P0068,Libreros Pro 8,Muebles,Libreros,5,0.1,2872.93,765.46,26.643879245230483
C0249,Ignacio Sepúlveda,Home Office,Chile,Norte,Coquimbo,La Serena,ORD-2024-00590,2024-10-03,P0015,Teléfonos Plus 5,Tecnología,Teléfonos,4,0.1,2514.6,407.9,16.221267796070947
C0271,Andrés Muñoz,Consumidor,Chile,Centro,O'Higgins,Rancagua,ORD-2024-00591,2024-04-03,P0028,Computadores Pro 8,Tecnología,Computadores,4,0.15,1571.24,595.26,37.88472798554008
C0028,Benjamín Muñoz,Home Office,Chile,Austral,Magallanes,Punta Arenas,ORD-2024-00592,2023-04-15,P0073,Almacenamiento Eco 3,Muebles,Almacenamiento,2,0.1,314.57,77.48,24.63044791302413
C0028,Benjamín Muñoz,Home Office,Chile,Austral,Magallanes,Punta Arenas,ORD-2024-00592,2023-04-15,P0120,Sobres Plus 10,Oficina,Sobres,1,0.3,494.39,15.62,3.159449017981755
C0028,Benjamín Muñoz,Home Office,Chile,Austral,Magallanes,Punta Arenas,ORD-2024-00592,2023-04-15,P0052,Mesas Nova 2,Muebles,Mesas,7,0.2,2767.24,21.07,0.7614084792067187
C0283,Josefa Díaz,Consumidor,Chile,Austral,Magallanes,Punta Arenas,ORD-2024-00593,2024-10-19,P0019,Teléfonos Eco 9,Tecnología,Teléfonos,6,0.2,2522.06,110.13,4.366668517005939
C0283,Josefa Díaz,Consumidor,Chile,Austral,Magallanes,Punta Arenas,ORD-2024-00593,2024-10-19,P0043,Sillas Smart 3,Muebles,Sillas,2,0.1,1268.28,484.0,38.16192008073927
C0283,Josefa Díaz,Consumidor,Chile,Austral,Magallanes,Punta Arenas,ORD-2024-00593,2024-10-19,P0073,Almacenamiento Eco 3,Muebles,Almacenamiento,4,0.0,699.04,218.88,31.311512932021056
C0095,Martina Torres,Corporativo,Chile,Sur,Biobío,Concepción,ORD-2024-00594,2025-03-10,P0052,Mesas Nova 2,Muebles,Mesas,1,0.2,395.32,12.79,3.235353637559445
C0095,Martina Torres,Corporativo,Chile,Sur,Biobío,Concepción,ORD-2024-00594,2025-03-10,P0072,Almacenamiento Nova 2,Muebles,Almacenamiento,8,0.0,5511.84,2087.04,37.86466951145171
C0095,Martina Torres,Corporativo,Chile,Sur,Biobío,Concepción,ORD-2024-00594,2025-03-10,P0059,Mesas Smart 9,Muebles,Mesas,7,0.0,966.56,339.92,35.16801853997683
C0095,Martina Torres,Corporativo,Chile,Sur,Biobío,Concepción,ORD-2024-00594,2025-03-10,P0096,Archivadores Pro 6,Oficina,Archivadores,4,0.1,2543.36,950.31,37.36435266733769
C0267,Carlos Martínez,Corporativo,Chile,Sur,Los Ríos,Valdivia,ORD-2024-00595,2024-09-13,P0108,Etiquetas Flex 8,Oficina,Etiquetas,5,0.0,2454.75,492.05,20.0448110805581
C0061,Diego Sepúlveda,Consumidor,Chile,Norte,Tarapacá,Iquique,ORD-2024-00596,2023-05-26,P0052,Mesas Nova 2,Muebles,Mesas,6,0.0,2964.9,698.7,23.56571891126176
C0061,Diego Sepúlveda,Consumidor,Chile,Norte,Tarapacá,Iquique,ORD-2024-00596,2023-05-26,P0012,Teléfonos Flex 2,Tecnología,Teléfonos,7,0.2,1895.49,741.5,39.11917235121262
C0111,Carlos Flores,Consumidor,Chile,Sur,Biobío,Concepción,ORD-2024-00597,2023-01-16,P0104,Etiquetas Nova 4,Oficina,Etiquetas,6,0.15,3086.52,626.84,20.308956365097263
C0111,Carlos Flores,Consumidor,Chile,Sur,Biobío,Concepción,ORD-2024-00597,2023-01-16,P0033,Periféricos Nova 3,Tecnología,Periféricos,4,0.1,3180.06,424.46,13.347546901630785
C0124,Tomás González,Home Office,Chile,Sur,Los Ríos,Valdivia,ORD-2024-00598,2024-08-24,P0110,Etiquetas Nova 10,Oficina,Etiquetas,1,0.0,60.32,25.38,42.07559681697612
C0001,Fernanda Díaz,Consumidor,Chile,Norte,Tarapacá,Iquique,ORD-2024-00599,2023-01-07,P0008,Accesorios Plus 8,Tecnología,Accesorios,2,0.2,634.56,83.93,13.22648764498235
C0042,Pedro Hernández,Home Office,Chile,Centro,Metropolitana,Santiago,ORD-2024-00600,2024-11-15,P0049,Sillas Smart 9,Muebles,Sillas,1,0.1,260.21,53.11,20.41043772337727
C0165,Gabriel Silva,Home Office,Chile,Sur,Los Ríos,Valdivia,ORD-2024-00601,2023-02-25,P0083,Papelería Pro 3,Oficina,Papelería,7,0.0,370.23,120.26,32.48251087162035
C0165,Gabriel Silva,Home Office,Chile,Sur,Los Ríos,Valdivia,ORD-2024-00601,2023-02-25,P0029,Computadores Eco 9,Tecnología,Computadores,5,0.1,1265.04,294.81,23.304401441851642
C0165,Gabriel Silva,Home Office,Chile,Sur,Los Ríos,Valdivia,ORD-2024-00601,2023-02-25,P0057,Mesas Smart 7,Muebles,Mesas,8,0.1,3713.83,1128.51,30.38668975155029
C0165,Gabriel Silva,Home Office,Chile,Sur,Los Ríos,Valdivia,ORD-2024-00601,2023-02-25,P0092,Archivadores Nova 2,Oficina,Archivadores,8,0.0,4930.56,2459.12,49.875064901349944
C0067,Pedro Araya,Corporativo,Chile,Norte,Antofagasta,Antofagasta,ORD-2024-00602,2024-09-02,P0119,Sobres Plus 9,Oficina,Sobres,7,0.0,4341.68,1907.85,43.94266735457242
C0067,Pedro Araya,Corporativo,Chile,Norte,Antofagasta,Antofagasta,ORD-2024-00602,2024-09-02,P0099,Archivadores Eco 9,Oficina,Archivadores,5,0.0,52.85,27.85,52.69631031220435
C0067,Pedro Araya,Corporativo,Chile,Norte,Antofagasta,Antofagasta,ORD-2024-00602,2024-09-02,P0009,Accesorios Flex 9,Tecnología,Accesorios,4,0.05,3278.56,1466.01,44.71505783026694
C0067,Pedro Araya,Corporativo,Chile,Norte,Antofagasta,Antofagasta,ORD-2024-00602,2024-09-02,P0012,Teléfonos Flex 2,Tecnología,Teléfonos,3,0.15,863.12,364.6,42.24209843358977
C0104,Felipe Rojas,Home Office,Chile,Norte,Coquimbo,La Serena,ORD-2024-00603,2023-12-20,P0087,Papelería Flex 7,Oficina,Papelería,2,0.0,1480.74,429.6,29.012520766643707
C0104,Felipe Rojas,Home Office,Chile,Norte,Coquimbo,La Serena,ORD-2024-00603,2023-12-20,P0049,Sillas Smart 9,Muebles,Sillas,2,0.05,549.33,122.53,22.30535379462254
C0263,Catalina Sepúlveda,Corporativo,Chile,Centro,Metropolitana,Santiago,ORD-2024-00604,2024-11-16,P0025,Computadores Plus 5,Tecnología,Computadores,4,0.3,2138.39,215.79,10.09123686511815
C0158,Catalina Díaz,Corporativo,Chile,Centro,Metropolitana,Santiago,ORD-2024-00605,2023-09-28,P0111,Sobres Flex 1,Oficina,Sobres,7,0.1,3243.62,1145.22,35.3068485210968
C0158,Catalina Díaz,Corporativo,Chile,Centro,Metropolitana,Santiago,ORD-2024-00605,2023-09-28,P0056,Mesas Flex 6,Muebles,Mesas,5,0.1,2711.93,443.97,16.370997776491283
C0232,Catalina López,Corporativo,Chile,Austral,Aysén,Coyhaique,ORD-2024-00606,2023-07-29,P0095,Archivadores Plus 5,Oficina,Archivadores,8,0.0,4218.0,1943.44,46.07491702228545
C0232,Catalina López,Corporativo,Chile,Austral,Aysén,Coyhaique,ORD-2024-00606,2023-07-29,P0002,Accesorios Smart 2,Tecnología,Accesorios,3,0.0,30.18,12.42,41.15308151093439
C0232,Catalina López,Corporativo,Chile,Austral,Aysén,Coyhaique,ORD-2024-00606,2023-07-29,P0014,Teléfonos Pro 4,Tecnología,Teléfonos,4,0.1,281.05,136.93,48.72086817292296
C0232,Catalina López,Corporativo,Chile,Austral,Aysén,Coyhaique,ORD-2024-00606,2023-07-29,P0022,Computadores Pro 2,Tecnología,Computadores,6,0.3,1811.12,438.35,24.20325544414506
C0120,Fernanda Díaz,Corporativo,Chile,Centro,Valparaíso,Valparaíso,ORD-2024-00607,2025-02-15,P0070,Libreros Eco 10,Muebles,Libreros,6,0.2,3680.11,1025.77,27.873351611772474
C0120,Fernanda Díaz,Corporativo,Chile,Centro,Valparaíso,Valparaíso,ORD-2024-00607,2025-02-15,P0074,Almacenamiento Smart 4,Muebles,Almacenamiento,8,0.0,3300.08,1214.08,36.78941116578992
C0207,Paula Fuentes,Corporativo,Chile,Norte,Tarapacá,Iquique,ORD-2024-00608,2024-11-28,P0031,Periféricos Smart 1,Tecnología,Periféricos,7,0.0,1628.06,836.78,51.39736864734715
C0207,Paula Fuentes,Corporativo,Chile,Norte,Tarapacá,Iquique,ORD-2024-00608,2024-11-28,P0047,Sillas Plus 7,Muebles,Sillas,1,0.2,558.26,35.23,6.310679611650485
C0207,Paula Fuentes,Corporativo,Chile,Norte,Tarapacá,Iquique,ORD-2024-00608,2024-11-28,P0085,Papelería Smart 5,Oficina,Papelería,3,0.0,2232.03,609.06,27.28726764425209
C0207,Paula Fuentes,Corporativo,Chile,Norte,Tarapacá,Iquique,ORD-2024-00608,2024-11-28,P0042,Sillas Flex 2,Muebles,Sillas,3,0.0,1670.43,540.3,32.34496506887447
C0008,Jorge Muñoz,Corporativo,Chile,Centro,Maule,Talca,ORD-2024-00609,2025-03-06,P0052,Mesas Nova 2,Muebles,Mesas,3,0.0,1482.45,349.35,23.56571891126176
C0008,Jorge Muñoz,Corporativo,Chile,Centro,Maule,Talca,ORD-2024-00609,2025-03-06,P0010,Accesorios Nova 10,Tecnología,Accesorios,3,0.15,1729.1,229.61,13.279162570123187
C0008,Jorge Muñoz,Corporativo,Chile,Centro,Maule,Talca,ORD-2024-00609,2025-03-06,P0097,Archivadores Smart 7,Oficina,Archivadores,1,0.1,240.34,34.17,14.217358741782476
C0280,Constanza González,Corporativo,Chile,Sur,La Araucanía,Temuco,ORD-2024-00610,2023-01-17,P0085,Papelería Smart 5,Oficina,Papelería,7,0.1,4687.26,898.8,19.17538177954711
C0280,Constanza González,Corporativo,Chile,Sur,La Araucanía,Temuco,ORD-2024-00610,2023-01-17,P0083,Papelería Pro 3,Oficina,Papelería,3,0.1,142.8,33.25,23.284313725490193
C0263,Catalina Sepúlveda,Corporativo,Chile,Centro,Metropolitana,Santiago,ORD-2024-00611,2024-07-20,P0104,Etiquetas Nova 4,Oficina,Etiquetas,1,0.3,423.64,60.79,14.34944764422623
C0263,Catalina Sepúlveda,Corporativo,Chile,Centro,Metropolitana,Santiago,ORD-2024-00611,2024-07-20,P0031,Periféricos Smart 1,Tecnología,Periféricos,7,0.3,1139.64,369.76,32.445333614123754
C0263,Catalina Sepúlveda,Corporativo,Chile,Centro,Metropolitana,Santiago,ORD-2024-00611,2024-07-20,P0070,Libreros Eco 10,Muebles,Libreros,3,0.0,2300.07,886.26,38.5318707691505
C0263,Catalina Sepúlveda,Corporativo,Chile,Centro,Metropolitana,Santiago,ORD-2024-00611,2024-07-20,P0036,Periféricos Nova 6,Tecnología,Periféricos,7,0.0,6140.4,3194.73,52.0280437756498
C0237,Camila Sepúlveda,Corporativo,Chile,Norte,Tarapacá,Iquique,ORD-2024-00612,2024-05-21,P0065,Libreros Pro 5,Muebles,Libreros,8,0.0,3430.32,1727.84,50.369644814477944
C0237,Camila Sepúlveda,Corporativo,Chile,Norte,Tarapacá,Iquique,ORD-2024-00612,2024-05-21,P0041,Sillas Eco 1,Muebles,Sillas,4,0.3,432.66,-6.28,-1.451486155410715
C0237,Camila Sepúlveda,Corporativo,Chile,Norte,Tarapacá,Iquique,ORD-2024-00612,2024-05-21,P0102,Etiquetas Pro 2,Oficina,Etiquetas,6,0.0,2572.14,934.44,36.32928223191584
C0237,Camila Sepúlveda,Corporativo,Chile,Norte,Tarapacá,Iquique,ORD-2024-00612,2024-05-21,P0088,Papelería Eco 8,Oficina,Papelería,4,0.15,2365.86,749.29,31.670935727388766
C0016,Diego Araya,Home Office,Chile,Sur,Biobío,Concepción,ORD-2024-00613,2024-11-10,P0073,Almacenamiento Eco 3,Muebles,Almacenamiento,1,0.0,174.76,54.72,31.311512932021056
C0016,Diego Araya,Home Office,Chile,Sur,Biobío,Concepción,ORD-2024-00613,2024-11-10,P0036,Periféricos Nova 6,Tecnología,Periféricos,3,0.15,2236.86,918.77,41.074094936652266
C0016,Diego Araya,Home Office,Chile,Sur,Biobío,Concepción,ORD-2024-00613,2024-11-10,P0033,Periféricos Nova 3,Tecnología,Periféricos,3,0.2,2120.04,50.93,2.402313163902568
C0016,Diego Araya,Home Office,Chile,Sur,Biobío,Concepción,ORD-2024-00613,2024-11-10,P0026,Computadores Plus 6,Tecnología,Computadores,3,0.15,1217.22,54.72,4.495489722482378
C0096,Martina Silva,Corporativo,Chile,Austral,Aysén,Coyhaique,ORD-2024-00614,2024-10-15,P0107,Etiquetas Pro 7,Oficina,Etiquetas,4,0.05,294.31,124.18,42.19360538208012
C0096,Martina Silva,Corporativo,Chile,Austral,Aysén,Coyhaique,ORD-2024-00614,2024-10-15,P0044,Sillas Plus 4,Muebles,Sillas,7,0.0,5099.85,1963.01,38.491524260517465
C0096,Martina Silva,Corporativo,Chile,Austral,Aysén,Coyhaique,ORD-2024-00614,2024-10-15,P0024,Computadores Nova 4,Tecnología,Computadores,6,0.3,3390.87,1160.88,34.23546169567103
C0096,Martina Silva,Corporativo,Chile,Austral,Aysén,Coyhaique,ORD-2024-00614,2024-10-15,P0050,Sillas Nova 10,Muebles,Sillas,3,0.0,724.89,335.37,46.264950544220504
C0114,Daniela Rojas,Home Office,Chile,Austral,Aysén,Coyhaique,ORD-2024-00615,2023-12-18,P0072,Almacenamiento Nova 2,Muebles,Almacenamiento,7,0.15,4099.43,1141.56,27.84679821341015
C0266,Javiera Rodríguez,Home Office,Chile,Norte,Antofagasta,Antofagasta,ORD-2024-00616,2023-09-27,P0097,Archivadores Smart 7,Oficina,Archivadores,8,0.1,1922.69,223.01,11.598853689362299
C0266,Javiera Rodríguez,Home Office,Chile,Norte,Antofagasta,Antofagasta,ORD-2024-00616,2023-09-27,P0001,Accesorios Flex 1,Tecnología,Accesorios,4,0.1,1605.02,753.88,46.97013121331822
C0266,Javiera Rodríguez,Home Office,Chile,Norte,Antofagasta,Antofagasta,ORD-2024-00616,2023-09-27,P0113,Sobres Smart 3,Oficina,Sobres,2,0.0,1218.02,465.7,38.23418334674307
C0085,Ana Sepúlveda,Home Office,Chile,Sur,Los Ríos,Valdivia,ORD-2024-00617,2023-02-18,P0012,Teléfonos Flex 2,Tecnología,Teléfonos,6,0.05,1929.34,919.26,47.64634538235873
C0167,Antonia Espinoza,Consumidor,Chile,Centro,Metropolitana,Santiago,ORD-2024-00618,2023-10-28,P0047,Sillas Plus 7,Muebles,Sillas,4,0.2,2233.06,155.37,6.9577172131514615
C0167,Antonia Espinoza,Consumidor,Chile,Centro,Metropolitana,Santiago,ORD-2024-00618,2023-10-28,P0031,Periféricos Smart 1,Tecnología,Periféricos,7,0.3,1139.64,279.68,24.541083149064615
C0009,Isidora Morales,Consumidor,Chile,Centro,O'Higgins,Rancagua,ORD-2024-00619,2024-09-27,P0005,Accesorios Flex 5,Tecnología,Accesorios,6,0.0,5350.02,2045.16,38.22714681440443
C0269,Javiera Soto,Corporativo,Chile,Sur,Los Ríos,Valdivia,ORD-2024-00620,2024-04-29,P0017,Teléfonos Plus 7,Tecnología,Teléfonos,4,0.15,869.89,222.38,25.564151789306695
C0269,Javiera Soto,Corporativo,Chile,Sur,Los Ríos,Valdivia,ORD-2024-00620,2024-04-29,P0120,Sobres Plus 10,Oficina,Sobres,6,0.2,3390.1,796.06,23.4819031886965
C0269,Javiera Soto,Corporativo,Chile,Sur,Los Ríos,Valdivia,ORD-2024-00620,2024-04-29,P0111,Sobres Flex 1,Oficina,Sobres,7,0.3,2522.81,409.06,16.214459273587785
C0153,Matías Martínez,Home Office,Chile,Centro,Metropolitana,Santiago,ORD-2024-00621,2023-06-21,P0070,Libreros Eco 10,Muebles,Libreros,6,0.2,3680.11,681.54,18.519555121993633
C0153,Matías Martínez,Home Office,Chile,Centro,Metropolitana,Santiago,ORD-2024-00621,2023-06-21,P0101,Etiquetas Eco 1,Oficina,Etiquetas,5,0.0,2893.55,965.2,33.35694907639405
C0153,Matías Martínez,Home Office,Chile,Centro,Metropolitana,Santiago,ORD-2024-00621,2023-06-21,P0079,Almacenamiento Nova 9,Muebles,Almacenamiento,2,0.0,97.74,25.94,26.539799467976266
C0171,Daniela Araya,Home Office,Chile,Norte,Coquimbo,La Serena,ORD-2024-00622,2023-01-27,P0103,Etiquetas Nova 3,Oficina,Etiquetas,5,0.15,2289.05,548.41,23.95797383193901
C0171,Daniela Araya,Home Office,Chile,Norte,Coquimbo,La Serena,ORD-2024-00622,2023-01-27,P0010,Accesorios Nova 10,Tecnología,Accesorios,4,0.0,2712.32,724.04,26.694490325625292
C0167,Antonia Espinoza,Consumidor,Chile,Centro,Metropolitana,Santiago,ORD-2024-00623,2023-11-21,P0082,Papelería Eco 2,Oficina,Papelería,7,0.0,4136.02,2256.94,54.56791795010661
C0167,Antonia Espinoza,Consumidor,Chile,Centro,Metropolitana,Santiago,ORD-2024-00623,2023-11-21,P0039,Periféricos Nova 9,Tecnología,Periféricos,5,0.2,948.44,14.72,1.5520222681455864
C0074,Constanza Fuentes,Corporativo,Chile,Sur,La Araucanía,Temuco,ORD-2024-00624,2024-05-26,P0093,Archivadores Flex 3,Oficina,Archivadores,5,0.2,2499.48,1129.69,45.19700097620305
C0074,Constanza Fuentes,Corporativo,Chile,Sur,La Araucanía,Temuco,ORD-2024-00624,2024-05-26,P0017,Teléfonos Plus 7,Tecnología,Teléfonos,6,0.0,1535.1,554.82,36.14227086183311
C0074,Constanza Fuentes,Corporativo,Chile,Sur,La Araucanía,Temuco,ORD-2024-00624,2024-05-26,P0027,Computadores Flex 7,Tecnología,Computadores,2,0.05,75.39,37.51,49.75460936463721
C0074,Constanza Fuentes,Corporativo,Chile,Sur,La Araucanía,Temuco,ORD-2024-00624,2024-05-26,P0091,Archivadores Flex 1,Oficina,Archivadores,2,0.0,1030.58,326.18,31.650138756816553
C0065,Benjamín Rojas,Corporativo,Chile,Sur,Los Ríos,Valdivia,ORD-2024-00625,2023-07-24,P0095,Archivadores Plus 5,Oficina,Archivadores,1,0.0,527.25,242.93,46.07491702228545
C0065,Benjamín Rojas,Corporativo,Chile,Sur,Los Ríos,Valdivia,ORD-2024-00625,2023-07-24,P0034,Periféricos Flex 4,Tecnología,Periféricos,8,0.0,3357.44,1151.28,34.29041174227983
C0065,Benjamín Rojas,Corporativo,Chile,Sur,Los Ríos,Valdivia,ORD-2024-00625,2023-07-24,P0045,Sillas Eco 5,Muebles,Sillas,1,0.0,534.9,143.26,26.782576182464013
C0065,Benjamín Rojas,Corporativo,Chile,Sur,Los Ríos,Valdivia,ORD-2024-00625,2023-07-24,P0067,Libreros Pro 7,Muebles,Libreros,2,0.3,241.88,37.21,15.383661319662641
C0180,Jorge Fuentes,Home Office,Chile,Sur,Los Ríos,Valdivia,ORD-2024-00626,2024-05-06,P0049,Sillas Smart 9,Muebles,Sillas,3,0.0,867.36,231.51,26.691339236303264
C0180,Jorge Fuentes,Home Office,Chile,Sur,Los Ríos,Valdivia,ORD-2024-00626,2024-05-06,P0066,Libreros Smart 6,Muebles,Libreros,8,0.2,2303.04,812.44,35.27685146588857
C0053,Nicolás Contreras,Corporativo,Chile,Norte,Tarapacá,Iquique,ORD-2024-00627,2024-02-06,P0023,Computadores Pro 3,Tecnología,Computadores,2,0.3,1110.72,284.84,25.644626908671846
C0053,Nicolás Contreras,Corporativo,Chile,Norte,Tarapacá,Iquique,ORD-2024-00627,2024-02-06,P0057,Mesas Smart 7,Muebles,Mesas,4,0.0,2063.24,761.56,36.9108780364863
C0053,Nicolás Contreras,Corporativo,Chile,Norte,Tarapacá,Iquique,ORD-2024-00627,2024-02-06,P0042,Sillas Flex 2,Muebles,Sillas,3,0.0,1670.43,540.3,32.34496506887447
C0053,Nicolás Contreras,Corporativo,Chile,Norte,Tarapacá,Iquique,ORD-2024-00627,2024-02-06,P0095,Archivadores Plus 5,Oficina,Archivadores,7,0.0,3690.75,1700.51,46.07491702228545
C0168,Gabriel Araya,Corporativo,Chile,Centro,O'Higgins,Rancagua,ORD-2024-00628,2024-11-04,P0031,Periféricos Smart 1,Tecnología,Periféricos,3,0.15,593.08,247.54,41.738045457611115
C0168,Gabriel Araya,Corporativo,Chile,Centro,O'Higgins,Rancagua,ORD-2024-00628,2024-11-04,P0102,Etiquetas Pro 2,Oficina,Etiquetas,4,0.15,1457.55,359.99,24.698295084216667
C0137,Javiera Díaz,Corporativo,Chile,Sur,Los Ríos,Valdivia,ORD-2024-00629,2024-03-03,P0104,Etiquetas Nova 4,Oficina,Etiquetas,7,0.1,3812.76,1108.11,29.063198313033073
C0137,Javiera Díaz,Corporativo,Chile,Sur,Los Ríos,Valdivia,ORD-2024-00629,2024-03-03,P0074,Almacenamiento Smart 4,Muebles,Almacenamiento,6,0.1,2227.55,626.88,28.14212924513479
C0060,Sebastián López,Home Office,Chile,Norte,Antofagasta,Antofagasta,ORD-2024-00630,2023-07-04,P0074,Almacenamiento Smart 4,Muebles,Almacenamiento,3,0.3,866.27,147.9,17.07319888718298
C0060,Sebastián López,Home Office,Chile,Norte,Antofagasta,Antofagasta,ORD-2024-00630,2023-07-04,P0043,Sillas Smart 3,Muebles,Sillas,4,0.3,1972.88,262.51,13.30592838895422
C0058,Nicolás Morales,Home Office,Chile,Norte,Coquimbo,La Serena,ORD-2024-00631,2023-08-08,P0017,Teléfonos Plus 7,Tecnología,Teléfonos,3,0.0,767.55,277.41,36.14227086183311
C0058,Nicolás Morales,Home Office,Chile,Norte,Coquimbo,La Serena,ORD-2024-00631,2023-08-08,P0018,Teléfonos Flex 8,Tecnología,Teléfonos,6,0.2,3294.14,391.08,11.871990868633391
C0281,Benjamín González,Home Office,Chile,Centro,Maule,Talca,ORD-2024-00632,2023-07-12,P0067,Libreros Pro 7,Muebles,Libreros,8,0.15,1174.84,287.37,24.460352047938443
C0281,Benjamín González,Home Office,Chile,Centro,Maule,Talca,ORD-2024-00632,2023-07-12,P0086,Papelería Flex 6,Oficina,Papelería,6,0.0,3876.78,1639.26,42.28406048318449
C0281,Benjamín González,Home Office,Chile,Centro,Maule,Talca,ORD-2024-00632,2023-07-12,P0119,Sobres Plus 9,Oficina,Sobres,1,0.0,620.24,272.55,43.94266735457242
C0281,Benjamín González,Home Office,Chile,Centro,Maule,Talca,ORD-2024-00632,2023-07-12,P0039,Periféricos Nova 9,Tecnología,Periféricos,4,0.2,758.75,-7.92,-1.043822075782537
C0057,Luis Fuentes,Consumidor,Chile,Sur,Los Lagos,Puerto Montt,ORD-2024-00633,2024-04-16,P0083,Papelería Pro 3,Oficina,Papelería,3,0.15,134.87,26.18,19.411284941054348
C0057,Luis Fuentes,Consumidor,Chile,Sur,Los Lagos,Puerto Montt,ORD-2024-00633,2024-04-16,P0039,Periféricos Nova 9,Tecnología,Periféricos,4,0.3,663.91,-66.37,-9.996836920666958
C0030,Sebastián Soto,Corporativo,Chile,Sur,Los Ríos,Valdivia,ORD-2024-00634,2024-09-18,P0088,Papelería Eco 8,Oficina,Papelería,8,0.0,5566.72,2183.92,39.231719935617384
C0030,Sebastián Soto,Corporativo,Chile,Sur,Los Ríos,Valdivia,ORD-2024-00634,2024-09-18,P0019,Teléfonos Eco 9,Tecnología,Teléfonos,7,0.0,3678.01,904.33,24.587480730068705
C0060,Sebastián López,Home Office,Chile,Norte,Antofagasta,Antofagasta,ORD-2024-00635,2023-08-01,P0078,Almacenamiento Eco 8,Muebles,Almacenamiento,2,0.0,600.44,329.66,54.90307108120711
C0054,Catalina Araya,Corporativo,Chile,Sur,La Araucanía,Temuco,ORD-2024-00636,2023-05-13,P0120,Sobres Plus 10,Oficina,Sobres,4,0.05,2683.83,911.47,33.961540037930874
C0054,Catalina Araya,Corporativo,Chile,Sur,La Araucanía,Temuco,ORD-2024-00636,2023-05-13,P0005,Accesorios Flex 5,Tecnología,Accesorios,5,0.05,4235.43,1487.5,35.12040099824575
C0054,Catalina Araya,Corporativo,Chile,Sur,La Araucanía,Temuco,ORD-2024-00636,2023-05-13,P0027,Computadores Flex 7,Tecnología,Computadores,1,0.0,39.68,20.98,52.87298387096774
C0054,Catalina Araya,Corporativo,Chile,Sur,La Araucanía,Temuco,ORD-2024-00636,2023-05-13,P0100,Archivadores Smart 10,Oficina,Archivadores,2,0.0,105.24,28.62,27.194982896237175
C0091,Valentina Hernández,Consumidor,Chile,Norte,Tarapacá,Iquique,ORD-2024-00637,2023-04-13,P0074,Almacenamiento Smart 4,Muebles,Almacenamiento,6,0.0,2475.06,910.56,36.78941116578992
C0193,Paula Fuentes,Corporativo,Chile,Centro,Valparaíso,Valparaíso,ORD-2024-00638,2023-05-12,P0108,Etiquetas Flex 8,Oficina,Etiquetas,2,0.0,981.9,196.82,20.0448110805581
C0193,Paula Fuentes,Corporativo,Chile,Centro,Valparaíso,Valparaíso,ORD-2024-00638,2023-05-12,P0092,Archivadores Nova 2,Oficina,Archivadores,6,0.0,3697.92,1844.34,49.875064901349944
C0193,Paula Fuentes,Corporativo,Chile,Centro,Valparaíso,Valparaíso,ORD-2024-00638,2023-05-12,P0106,Etiquetas Eco 6,Oficina,Etiquetas,1,0.0,224.57,106.1,47.2458476198958
C0193,Paula Fuentes,Corporativo,Chile,Centro,Valparaíso,Valparaíso,ORD-2024-00638,2023-05-12,P0016,Teléfonos Pro 6,Tecnología,Teléfonos,3,0.1,2104.11,984.93,46.80981507620799
C0282,Luis Espinoza,Corporativo,Chile,Austral,Aysén,Coyhaique,ORD-2024-00639,2023-12-01,P0034,Periféricos Flex 4,Tecnología,Periféricos,2,0.0,839.36,287.82,34.29041174227983
C0028,Benjamín Muñoz,Home Office,Chile,Austral,Magallanes,Punta Arenas,ORD-2024-00640,2024-03-08,P0022,Computadores Pro 2,Tecnología,Computadores,1,0.3,301.85,76.45,25.327149246314395
C0221,Valentina Hernández,Home Office,Chile,Norte,Tarapacá,Iquique,ORD-2024-00641,2024-03-12,P0068,Libreros Pro 8,Muebles,Libreros,2,0.15,1085.33,268.92,24.77771737628187
C0221,Valentina Hernández,Home Office,Chile,Norte,Tarapacá,Iquique,ORD-2024-00641,2024-03-12,P0106,Etiquetas Eco 6,Oficina,Etiquetas,1,0.05,213.34,93.97,44.047061029342835
C0221,Valentina Hernández,Home Office,Chile,Norte,Tarapacá,Iquique,ORD-2024-00641,2024-03-12,P0005,Accesorios Flex 5,Tecnología,Accesorios,4,0.0,3566.68,1363.44,38.227146814404435
C0208,Fernanda Díaz,Home Office,Chile,Austral,Magallanes,Punta Arenas,ORD-2024-00642,2024-05-23,P0080,Almacenamiento Plus 10,Muebles,Almacenamiento,2,0.15,1344.89,586.84,43.63479541077709
C0208,Fernanda Díaz,Home Office,Chile,Austral,Magallanes,Punta Arenas,ORD-2024-00642,2024-05-23,P0048,Sillas Plus 8,Muebles,Sillas,5,0.2,2501.72,-8.07,-0.32257806629039226
C0208,Fernanda Díaz,Home Office,Chile,Austral,Magallanes,Punta Arenas,ORD-2024-00642,2024-05-23,P0033,Periféricos Nova 3,Tecnología,Periféricos,8,0.0,7066.8,1526.96,21.607516839304918
C0237,Camila Sepúlveda,Corporativo,Chile,Norte,Tarapacá,Iquique,ORD-2024-00643,2024-03-20,P0004,Accesorios Eco 4,Tecnología,Accesorios,7,0.05,187.0,49.9,26.684491978609625
C0237,Camila Sepúlveda,Corporativo,Chile,Norte,Tarapacá,Iquique,ORD-2024-00643,2024-03-20,P0036,Periféricos Nova 6,Tecnología,Periféricos,2,0.3,1228.08,457.64,37.26467331118494
C0279,Fernanda Araya,Home Office,Chile,Centro,Maule,Talca,ORD-2024-00644,2023-01-14,P0112,Sobres Pro 2,Oficina,Sobres,2,0.15,771.2,307.66,39.893672199170126
C0044,Diego Castillo,Consumidor,Chile,Austral,Magallanes,Punta Arenas,ORD-2024-00645,2023-07-20,P0043,Sillas Smart 3,Muebles,Sillas,2,0.0,1409.2,597.94,42.4311666193585
C0044,Diego Castillo,Consumidor,Chile,Austral,Magallanes,Punta Arenas,ORD-2024-00645,2023-07-20,P0047,Sillas Plus 7,Muebles,Sillas,5,0.3,2442.4,-77.8,-3.1853914182771046
C0090,Daniela Fuentes,Home Office,Chile,Centro,Maule,Talca,ORD-2024-00646,2023-04-27,P0058,Mesas Nova 8,Muebles,Mesas,7,0.2,1316.39,38.69,2.9390985954010587
C0090,Daniela Fuentes,Home Office,Chile,Centro,Maule,Talca,ORD-2024-00646,2023-04-27,P0004,Accesorios Eco 4,Tecnología,Accesorios,4,0.0,112.48,33.24,29.551920341394027
C0090,Daniela Fuentes,Home Office,Chile,Centro,Maule,Talca,ORD-2024-00646,2023-04-27,P0026,Computadores Plus 6,Tecnología,Computadores,4,0.2,1527.49,67.34,4.408539499440258
C0131,Matías Torres,Home Office,Chile,Sur,La Araucanía,Temuco,ORD-2024-00647,2024-03-23,P0107,Etiquetas Pro 7,Oficina,Etiquetas,3,0.3,162.65,48.68,29.929296034429754
C0131,Matías Torres,Home Office,Chile,Sur,La Araucanía,Temuco,ORD-2024-00647,2024-03-23,P0035,Periféricos Nova 5,Tecnología,Periféricos,7,0.2,4282.38,542.93,12.678230329863299
C0170,Sofía Rojas,Consumidor,Chile,Centro,Metropolitana,Santiago,ORD-2024-00648,2024-10-03,P0086,Papelería Flex 6,Oficina,Papelería,8,0.0,5169.04,2185.68,42.28406048318449
C0170,Sofía Rojas,Consumidor,Chile,Centro,Metropolitana,Santiago,ORD-2024-00648,2024-10-03,P0003,Accesorios Plus 3,Tecnología,Accesorios,5,0.05,4124.23,694.93,16.849933199651815
C0170,Sofía Rojas,Consumidor,Chile,Centro,Metropolitana,Santiago,ORD-2024-00648,2024-10-03,P0106,Etiquetas Eco 6,Oficina,Etiquetas,5,0.0,1122.85,530.5,47.245847619895805
C0170,Sofía Rojas,Consumidor,Chile,Centro,Metropolitana,Santiago,ORD-2024-00648,2024-10-03,P0041,Sillas Eco 1,Muebles,Sillas,3,0.0,463.56,161.85,34.914574165156615
C0153,Matías Martínez,Home Office,Chile,Centro,Metropolitana,Santiago,ORD-2024-00649,2024-10-24,P0082,Papelería Eco 2,Oficina,Papelería,4,0.0,2363.44,1289.68,54.567917950106626
C0153,Matías Martínez,Home Office,Chile,Centro,Metropolitana,Santiago,ORD-2024-00649,2024-10-24,P0088,Papelería Eco 8,Oficina,Papelería,2,0.2,1113.34,280.76,25.217813066987627
C0153,Matías Martínez,Home Office,Chile,Centro,Metropolitana,Santiago,ORD-2024-00649,2024-10-24,P0014,Teléfonos Pro 4,Tecnología,Teléfonos,7,0.2,437.19,165.49,37.85310734463277
C0153,Matías Martínez,Home Office,Chile,Centro,Metropolitana,Santiago,ORD-2024-00649,2024-10-24,P0028,Computadores Pro 8,Tecnología,Computadores,8,0.1,3327.34,1333.85,40.08757746428077
C0246,Andrés Hernández,Consumidor,Chile,Sur,Los Lagos,Puerto Montt,ORD-2024-00650,2024-08-07,P0095,Archivadores Plus 5,Oficina,Archivadores,5,0.0,2636.25,1214.65,46.07491702228545
C0246,Andrés Hernández,Consumidor,Chile,Sur,Los Lagos,Puerto Montt,ORD-2024-00650,2024-08-07,P0104,Etiquetas Nova 4,Oficina,Etiquetas,1,0.0,605.2,212.7,35.14540647719762
C0085,Ana Sepúlveda,Home Office,Chile,Sur,Los Ríos,Valdivia,ORD-2024-00651,2024-03-17,P0007,Accesorios Nova 7,Tecnología,Accesorios,8,0.0,2504.72,1356.08,54.14098182631193
C0085,Ana Sepúlveda,Home Office,Chile,Sur,Los Ríos,Valdivia,ORD-2024-00651,2024-03-17,P0008,Accesorios Plus 8,Tecnología,Accesorios,3,0.0,1189.8,364.23,30.612708018154315
C0085,Ana Sepúlveda,Home Office,Chile,Sur,Los Ríos,Valdivia,ORD-2024-00651,2024-03-17,P0013,Teléfonos Nova 3,Tecnología,Teléfonos,2,0.05,543.13,197.11,36.29149559037431
C0085,Ana Sepúlveda,Home Office,Chile,Sur,Los Ríos,Valdivia,ORD-2024-00651,2024-03-17,P0116,Sobres Flex 6,Oficina,Sobres,3,0.0,2322.57,867.42,37.34742117568038
C0012,Sofía Soto,Home Office,Chile,Norte,Tarapacá,Iquique,ORD-2024-00652,2025-01-18,P0105,Etiquetas Pro 5,Oficina,Etiquetas,2,0.2,415.17,152.58,36.75121034756847
C0274,Paula Araya,Corporativo,Chile,Austral,Aysén,Coyhaique,ORD-2024-00653,2023-05-22,P0074,Almacenamiento Smart 4,Muebles,Almacenamiento,8,0.15,2805.07,731.41,26.074572114064885
C0274,Paula Araya,Corporativo,Chile,Austral,Aysén,Coyhaique,ORD-2024-00653,2023-05-22,P0070,Libreros Eco 10,Muebles,Libreros,3,0.0,2300.07,886.26,38.5318707691505
C0277,Fernanda Torres,Home Office,Chile,Sur,Los Lagos,Puerto Montt,ORD-2024-00654,2023-02-17,P0108,Etiquetas Flex 8,Oficina,Etiquetas,4,0.2,1571.04,-9.08,-0.5779610958346064
C0277,Fernanda Torres,Home Office,Chile,Sur,Los Lagos,Puerto Montt,ORD-2024-00654,2023-02-17,P0077,Almacenamiento Nova 7,Muebles,Almacenamiento,7,0.0,766.43,390.95,51.00922458672025
C0081,Felipe González,Home Office,Chile,Centro,Maule,Talca,ORD-2024-00655,2024-06-07,P0072,Almacenamiento Nova 2,Muebles,Almacenamiento,3,0.3,1446.86,106.45,7.357311695672007
C0081,Felipe González,Home Office,Chile,Centro,Maule,Talca,ORD-2024-00655,2024-06-07,P0075,Almacenamiento Plus 5,Muebles,Almacenamiento,8,0.0,4258.88,2090.48,49.08520550003757
C0081,Felipe González,Home Office,Chile,Centro,Maule,Talca,ORD-2024-00655,2024-06-07,P0030,Computadores Flex 10,Tecnología,Computadores,2,0.1,1251.36,588.89,47.059998721391125
C0081,Felipe González,Home Office,Chile,Centro,Maule,Talca,ORD-2024-00655,2024-06-07,P0102,Etiquetas Pro 2,Oficina,Etiquetas,7,0.0,3000.83,1090.18,36.32928223191584
C0254,Isidora Rojas,Consumidor,Chile,Sur,Biobío,Concepción,ORD-2024-00656,2024-07-19,P0046,Sillas Pro 6,Muebles,Sillas,2,0.3,118.82,26.97,22.698198956404646
C0254,Isidora Rojas,Consumidor,Chile,Sur,Biobío,Concepción,ORD-2024-00656,2024-07-19,P0024,Computadores Nova 4,Tecnología,Computadores,5,0.0,4036.75,2022.4,50.09970892425838
C0254,Isidora Rojas,Consumidor,Chile,Sur,Biobío,Concepción,ORD-2024-00656,2024-07-19,P0090,Papelería Plus 10,Oficina,Papelería,5,0.2,3037.56,636.28,20.947075942532823
C0254,Isidora Rojas,Consumidor,Chile,Sur,Biobío,Concepción,ORD-2024-00656,2024-07-19,P0093,Archivadores Flex 3,Oficina,Archivadores,5,0.2,2499.48,1160.7,46.43765903307888
C0262,Sebastián Castillo,Home Office,Chile,Norte,Antofagasta,Antofagasta,ORD-2024-00657,2023-11-16,P0019,Teléfonos Eco 9,Tecnología,Teléfonos,3,0.15,1339.85,143.56,10.714632234951676
C0262,Sebastián Castillo,Home Office,Chile,Norte,Antofagasta,Antofagasta,ORD-2024-00657,2023-11-16,P0106,Etiquetas Eco 6,Oficina,Etiquetas,7,0.1,1414.79,582.82,41.1948062963408
C0262,Sebastián Castillo,Home Office,Chile,Norte,Antofagasta,Antofagasta,ORD-2024-00657,2023-11-16,P0001,Accesorios Flex 1,Tecnología,Accesorios,4,0.1,1605.02,760.55,47.38570235884911
C0262,Sebastián Castillo,Home Office,Chile,Norte,Antofagasta,Antofagasta,ORD-2024-00657,2023-11-16,P0079,Almacenamiento Nova 9,Muebles,Almacenamiento,1,0.2,39.1,4.61,11.790281329923275
C0203,Ignacio Araya,Corporativo,Chile,Centro,Valparaíso,Valparaíso,ORD-2024-00658,2024-05-06,P0055,Mesas Plus 5,Muebles,Mesas,1,0.0,579.11,239.96,41.43599661549619
C0110,Diego Hernández,Consumidor,Chile,Sur,Los Lagos,Puerto Montt,ORD-2024-00659,2025-04-29,P0106,Etiquetas Eco 6,Oficina,Etiquetas,4,0.2,718.62,272.92,37.978347388049315
C0110,Diego Hernández,Consumidor,Chile,Sur,Los Lagos,Puerto Montt,ORD-2024-00659,2025-04-29,P0061,Libreros Plus 1,Muebles,Libreros,7,0.0,6127.52,2881.27,47.02179674648144
C0023,Ana Espinoza,Home Office,Chile,Norte,Antofagasta,Antofagasta,ORD-2024-00660,2023-09-18,P0117,Sobres Eco 7,Oficina,Sobres,3,0.15,1900.92,137.92,7.255434210803189
C0155,Constanza Hernández,Home Office,Chile,Sur,Biobío,Concepción,ORD-2024-00661,2024-05-22,P0090,Papelería Plus 10,Oficina,Papelería,5,0.1,3417.26,1052.3,30.793676805393794
C0155,Constanza Hernández,Home Office,Chile,Sur,Biobío,Concepción,ORD-2024-00661,2024-05-22,P0052,Mesas Nova 2,Muebles,Mesas,2,0.3,691.81,-93.9,-13.573090877553087
C0034,Camila Sepúlveda,Consumidor,Chile,Norte,Tarapacá,Iquique,ORD-2024-00662,2025-03-01,P0111,Sobres Flex 1,Oficina,Sobres,7,0.3,2522.81,281.74,11.167705851808103
C0050,Benjamín Soto,Consumidor,Chile,Sur,La Araucanía,Temuco,ORD-2024-00663,2023-10-06,P0108,Etiquetas Flex 8,Oficina,Etiquetas,6,0.0,2945.7,590.46,20.0448110805581
C0050,Benjamín Soto,Consumidor,Chile,Sur,La Araucanía,Temuco,ORD-2024-00663,2023-10-06,P0034,Periféricos Flex 4,Tecnología,Periféricos,7,0.05,2790.87,848.8,30.413455302468407
C0282,Luis Espinoza,Corporativo,Chile,Austral,Aysén,Coyhaique,ORD-2024-00664,2024-03-26,P0042,Sillas Flex 2,Muebles,Sillas,6,0.1,3006.77,682.52,22.699441593470734
C0057,Luis Fuentes,Consumidor,Chile,Sur,Los Lagos,Puerto Montt,ORD-2024-00665,2023-05-08,P0090,Papelería Plus 10,Oficina,Papelería,7,0.0,5315.73,1904.49,35.82744044562083
C0057,Luis Fuentes,Consumidor,Chile,Sur,Los Lagos,Puerto Montt,ORD-2024-00665,2023-05-08,P0061,Libreros Plus 1,Muebles,Libreros,2,0.2,1400.58,447.48,31.9496208713533
C0117,Sebastián Torres,Consumidor,Chile,Centro,Metropolitana,Santiago,ORD-2024-00666,2024-09-02,P0041,Sillas Eco 1,Muebles,Sillas,4,0.2,494.46,68.65,13.88383286817943
C0117,Sebastián Torres,Consumidor,Chile,Centro,Metropolitana,Santiago,ORD-2024-00666,2024-09-02,P0013,Teléfonos Nova 3,Tecnología,Teléfonos,5,0.15,1214.91,357.05,29.389008239293446
C0117,Sebastián Torres,Consumidor,Chile,Centro,Metropolitana,Santiago,ORD-2024-00666,2024-09-02,P0049,Sillas Smart 9,Muebles,Sillas,8,0.0,2312.96,617.36,26.691339236303264
C0117,Sebastián Torres,Consumidor,Chile,Centro,Metropolitana,Santiago,ORD-2024-00666,2024-09-02,P0104,Etiquetas Nova 4,Oficina,Etiquetas,3,0.1,1634.04,454.34,27.804704903184746
C0092,Benjamín Morales,Consumidor,Chile,Centro,Metropolitana,Santiago,ORD-2024-00667,2023-02-18,P0056,Mesas Flex 6,Muebles,Mesas,8,0.2,3856.96,497.24,12.892018584584749
C0092,Benjamín Morales,Consumidor,Chile,Centro,Metropolitana,Santiago,ORD-2024-00667,2023-02-18,P0034,Periféricos Flex 4,Tecnología,Periféricos,3,0.0,1259.04,431.73,34.29041174227984
C0092,Benjamín Morales,Consumidor,Chile,Centro,Metropolitana,Santiago,ORD-2024-00667,2023-02-18,P0041,Sillas Eco 1,Muebles,Sillas,7,0.15,919.39,216.05,23.499276694329936
C0092,Benjamín Morales,Consumidor,Chile,Centro,Metropolitana,Santiago,ORD-2024-00667,2023-02-18,P0044,Sillas Plus 4,Muebles,Sillas,1,0.3,509.98,37.17,7.288521118475234
C0164,Tomás Martínez,Consumidor,Chile,Sur,Los Lagos,Puerto Montt,ORD-2024-00668,2023-08-15,P0032,Periféricos Eco 2,Tecnología,Periféricos,6,0.1,3907.39,816.77,20.903211606724696
C0164,Tomás Martínez,Consumidor,Chile,Sur,Los Lagos,Puerto Montt,ORD-2024-00668,2023-08-15,P0101,Etiquetas Eco 1,Oficina,Etiquetas,3,0.0,1736.13,579.12,33.35694907639405
C0149,Sebastián Soto,Consumidor,Chile,Centro,Maule,Talca,ORD-2024-00669,2023-02-25,P0002,Accesorios Smart 2,Tecnología,Accesorios,7,0.0,70.42,28.98,41.15308151093439
C0090,Daniela Fuentes,Home Office,Chile,Centro,Maule,Talca,ORD-2024-00670,2023-06-05,P0040,Periféricos Eco 10,Tecnología,Periféricos,7,0.0,5194.07,2180.01,41.97113246452205
C0090,Daniela Fuentes,Home Office,Chile,Centro,Maule,Talca,ORD-2024-00670,2023-06-05,P0050,Sillas Nova 10,Muebles,Sillas,1,0.0,241.63,111.79,46.264950544220504
C0090,Daniela Fuentes,Home Office,Chile,Centro,Maule,Talca,ORD-2024-00670,2023-06-05,P0091,Archivadores Flex 1,Oficina,Archivadores,2,0.0,1030.58,326.18,31.650138756816553
C0090,Daniela Fuentes,Home Office,Chile,Centro,Maule,Talca,ORD-2024-00670,2023-06-05,P0069,Libreros Smart 9,Muebles,Libreros,7,0.0,4675.02,1384.67,29.618482915581108
C0056,Matías Morales,Corporativo,Chile,Centro,Metropolitana,Santiago,ORD-2024-00671,2024-04-30,P0026,Computadores Plus 6,Tecnología,Computadores,2,0.0,954.68,198.38,20.779737713160433
C0056,Matías Morales,Corporativo,Chile,Centro,Metropolitana,Santiago,ORD-2024-00671,2024-04-30,P0057,Mesas Smart 7,Muebles,Mesas,1,0.1,464.23,139.92,30.14023221248088
C0135,Benjamín Flores,Corporativo,Chile,Sur,Biobío,Concepción,ORD-2024-00672,2023-06-18,P0027,Computadores Flex 7,Tecnología,Computadores,5,0.05,188.48,94.05,49.8991935483871
C0176,Tomás Flores,Corporativo,Chile,Centro,Metropolitana,Santiago,ORD-2024-00673,2023-08-22,P0105,Etiquetas Pro 5,Oficina,Etiquetas,3,0.15,661.67,269.77,40.77107923889552
C0176,Tomás Flores,Corporativo,Chile,Centro,Metropolitana,Santiago,ORD-2024-00673,2023-08-22,P0040,Periféricos Eco 10,Tecnología,Periféricos,3,0.0,2226.03,934.29,41.971132464522036
C0176,Tomás Flores,Corporativo,Chile,Centro,Metropolitana,Santiago,ORD-2024-00673,2023-08-22,P0065,Libreros Pro 5,Muebles,Libreros,6,0.1,2315.47,1052.8,45.468090711604994
C0025,Jorge Martínez,Home Office,Chile,Centro,Valparaíso,Valparaíso,ORD-2024-00674,2023-02-02,P0044,Sillas Plus 4,Muebles,Sillas,3,0.05,2076.37,716.9,34.52660171356743
C0025,Jorge Martínez,Home Office,Chile,Centro,Valparaíso,Valparaíso,ORD-2024-00674,2023-02-02,P0015,Teléfonos Plus 5,Tecnología,Teléfonos,3,0.05,1990.72,458.42,23.027849220382578
C0025,Jorge Martínez,Home Office,Chile,Centro,Valparaíso,Valparaíso,ORD-2024-00674,2023-02-02,P0037,Periféricos Nova 7,Tecnología,Periféricos,8,0.0,2311.84,1051.44,45.48065610076822
C0025,Jorge Martínez,Home Office,Chile,Centro,Valparaíso,Valparaíso,ORD-2024-00674,2023-02-02,P0098,Archivadores Nova 8,Oficina,Archivadores,4,0.05,888.86,227.66,25.61258240892829
C0251,Andrés Rojas,Home Office,Chile,Norte,Antofagasta,Antofagasta,ORD-2024-00675,2023-06-23,P0092,Archivadores Nova 2,Oficina,Archivadores,1,0.0,616.32,307.39,49.875064901349944
C0251,Andrés Rojas,Home Office,Chile,Norte,Antofagasta,Antofagasta,ORD-2024-00675,2023-06-23,P0078,Almacenamiento Eco 8,Muebles,Almacenamiento,7,0.05,1996.46,1035.0,51.841759915049636
C0251,Andrés Rojas,Home Office,Chile,Norte,Antofagasta,Antofagasta,ORD-2024-00675,2023-06-23,P0043,Sillas Smart 3,Muebles,Sillas,4,0.0,2818.4,1195.88,42.4311666193585
C0167,Antonia Espinoza,Consumidor,Chile,Centro,Metropolitana,Santiago,ORD-2024-00676,2025-01-06,P0113,Sobres Smart 3,Oficina,Sobres,5,0.0,3045.05,1164.25,38.23418334674307
C0167,Antonia Espinoza,Consumidor,Chile,Centro,Metropolitana,Santiago,ORD-2024-00676,2025-01-06,P0066,Libreros Smart 6,Muebles,Libreros,2,0.2,575.76,229.54,39.867305821870225
C0264,Martina Muñoz,Consumidor,Chile,Austral,Aysén,Coyhaique,ORD-2024-00677,2023-03-10,P0034,Periféricos Flex 4,Tecnología,Periféricos,5,0.2,1678.72,374.83,22.328321578345406
C0264,Martina Muñoz,Consumidor,Chile,Austral,Aysén,Coyhaique,ORD-2024-00677,2023-03-10,P0105,Etiquetas Pro 5,Oficina,Etiquetas,6,0.0,1556.88,818.22,52.55511022044088
C0264,Martina Muñoz,Consumidor,Chile,Austral,Aysén,Coyhaique,ORD-2024-00677,2023-03-10,P0058,Mesas Nova 8,Muebles,Mesas,2,0.0,470.14,108.7,23.120772535840388
C0124,Tomás González,Home Office,Chile,Sur,Los Ríos,Valdivia,ORD-2024-00678,2024-10-21,P0103,Etiquetas Nova 3,Oficina,Etiquetas,7,0.0,3770.2,1364.79,36.19940586706276
C0124,Tomás González,Home Office,Chile,Sur,Los Ríos,Valdivia,ORD-2024-00678,2024-10-21,P0040,Periféricos Eco 10,Tecnología,Periféricos,6,0.3,3116.44,490.88,15.75130597733311
C0124,Tomás González,Home Office,Chile,Sur,Los Ríos,Valdivia,ORD-2024-00678,2024-10-21,P0108,Etiquetas Flex 8,Oficina,Etiquetas,8,0.0,3927.6,787.28,20.0448110805581
C0124,Tomás González,Home Office,Chile,Sur,Los Ríos,Valdivia,ORD-2024-00678,2024-10-21,P0088,Papelería Eco 8,Oficina,Papelería,3,0.1,1878.77,620.5,33.0269271917265
C0046,Fernanda Pérez,Home Office,Chile,Sur,La Araucanía,Temuco,ORD-2024-00679,2025-01-16,P0017,Teléfonos Plus 7,Tecnología,Teléfonos,4,0.05,972.23,316.82,32.58693930448556
C0046,Fernanda Pérez,Home Office,Chile,Sur,La Araucanía,Temuco,ORD-2024-00679,2025-01-16,P0067,Libreros Pro 7,Muebles,Libreros,4,0.05,656.53,219.47,33.42878467092136
C0046,Fernanda Pérez,Home Office,Chile,Sur,La Araucanía,Temuco,ORD-2024-00679,2025-01-16,P0020,Teléfonos Flex 10,Tecnología,Teléfonos,2,0.3,692.15,257.76,37.2404825543596
C0291,Felipe Contreras,Consumidor,Chile,Sur,Los Lagos,Puerto Montt,ORD-2024-00680,2023-08-04,P0022,Computadores Pro 2,Tecnología,Computadores,3,0.0,1293.66,651.42,50.35480729094197
C0291,Felipe Contreras,Consumidor,Chile,Sur,Los Lagos,Puerto Montt,ORD-2024-00680,2023-08-04,P0002,Accesorios Smart 2,Tecnología,Accesorios,3,0.05,28.67,11.11,38.75130798744332
C0009,Isidora Morales,Consumidor,Chile,Centro,O'Higgins,Rancagua,ORD-2024-00681,2023-03-06,P0117,Sobres Eco 7,Oficina,Sobres,1,0.3,521.82,-66.89,-12.818596450883446
C0006,Vicente Rojas,Home Office,Chile,Norte,Tarapacá,Iquique,ORD-2024-00682,2024-07-14,P0037,Periféricos Nova 7,Tecnología,Periféricos,1,0.05,274.53,114.68,41.773212399373485
C0164,Tomás Martínez,Consumidor,Chile,Sur,Los Lagos,Puerto Montt,ORD-2024-00683,2024-10-27,P0036,Periféricos Nova 6,Tecnología,Periféricos,7,0.0,6140.4,3194.73,52.0280437756498
C0164,Tomás Martínez,Consumidor,Chile,Sur,Los Lagos,Puerto Montt,ORD-2024-00683,2024-10-27,P0053,Mesas Eco 3,Muebles,Mesas,6,0.0,2224.26,792.0,35.607348061827295
C0164,Tomás Martínez,Consumidor,Chile,Sur,Los Lagos,Puerto Montt,ORD-2024-00683,2024-10-27,P0094,Archivadores Pro 4,Oficina,Archivadores,1,0.3,126.03,-7.92,-6.284218043323018
C0164,Tomás Martínez,Consumidor,Chile,Sur,Los Lagos,Puerto Montt,ORD-2024-00683,2024-10-27,P0118,Sobres Nova 8,Oficina,Sobres,3,0.0,696.15,196.29,28.19650937297996
C0169,Sebastián Díaz,Corporativo,Chile,Norte,Antofagasta,Antofagasta,ORD-2024-00684,2025-01-30,P0115,Sobres Pro 5,Oficina,Sobres,7,0.2,738.47,151.94,20.574972578439205
C0169,Sebastián Díaz,Corporativo,Chile,Norte,Antofagasta,Antofagasta,ORD-2024-00684,2025-01-30,P0002,Accesorios Smart 2,Tecnología,Accesorios,7,0.15,59.86,19.27,32.19178082191781
C0169,Sebastián Díaz,Corporativo,Chile,Norte,Antofagasta,Antofagasta,ORD-2024-00684,2025-01-30,P0091,Archivadores Flex 1,Oficina,Archivadores,2,0.05,979.05,264.62,27.02824166283643
C0169,Sebastián Díaz,Corporativo,Chile,Norte,Antofagasta,Antofagasta,ORD-2024-00684,2025-01-30,P0104,Etiquetas Nova 4,Oficina,Etiquetas,8,0.15,4115.36,1091.39,26.51991563314024
C0241,Fernanda Sepúlveda,Corporativo,Chile,Sur,La Araucanía,Temuco,ORD-2024-00685,2023-02-12,P0071,Almacenamiento Flex 1,Muebles,Almacenamiento,4,0.1,3198.67,481.04,15.038750480668527
C0241,Fernanda Sepúlveda,Corporativo,Chile,Sur,La Araucanía,Temuco,ORD-2024-00685,2023-02-12,P0069,Libreros Smart 9,Muebles,Libreros,7,0.0,4675.02,1384.67,29.618482915581108
C0241,Fernanda Sepúlveda,Corporativo,Chile,Sur,La Araucanía,Temuco,ORD-2024-00685,2023-02-12,P0101,Etiquetas Eco 1,Oficina,Etiquetas,1,0.05,549.77,163.64,29.76517452752969
C0241,Fernanda Sepúlveda,Corporativo,Chile,Sur,La Araucanía,Temuco,ORD-2024-00685,2023-02-12,P0061,Libreros Plus 1,Muebles,Libreros,8,0.0,7002.88,3292.88,47.02179674648145
C0220,Felipe Rodríguez,Home Office,Chile,Norte,Coquimbo,La Serena,ORD-2024-00686,2023-07-04,P0089,Papelería Plus 9,Oficina,Papelería,4,0.0,1404.48,477.24,33.979835953520166
C0068,Gabriel Hernández,Home Office,Chile,Centro,Valparaíso,Valparaíso,ORD-2024-00687,2024-03-17,P0039,Periféricos Nova 9,Tecnología,Periféricos,2,0.0,474.22,96.4,20.328117751254695
C0072,Sofía Pérez,Consumidor,Chile,Centro,Maule,Talca,ORD-2024-00688,2023-03-16,P0063,Libreros Smart 3,Muebles,Libreros,8,0.1,1796.26,306.44,17.05989110707804
C0072,Sofía Pérez,Consumidor,Chile,Centro,Maule,Talca,ORD-2024-00688,2023-03-16,P0038,Periféricos Nova 8,Tecnología,Periféricos,7,0.0,2862.44,1110.13,38.782646972512964
C0072,Sofía Pérez,Consumidor,Chile,Centro,Maule,Talca,ORD-2024-00688,2023-03-16,P0070,Libreros Eco 10,Muebles,Libreros,3,0.1,2070.06,693.8,33.51593673613325
C0072,Sofía Pérez,Consumidor,Chile,Centro,Maule,Talca,ORD-2024-00688,2023-03-16,P0018,Teléfonos Flex 8,Tecnología,Teléfonos,7,0.1,4323.56,1086.81,25.136924201352585
C0245,Paula Espinoza,Consumidor,Chile,Centro,Maule,Talca,ORD-2024-00689,2023-12-09,P0035,Periféricos Nova 5,Tecnología,Periféricos,3,0.0,2294.13,677.85,29.547148592276812
C0245,Paula Espinoza,Consumidor,Chile,Centro,Maule,Talca,ORD-2024-00689,2023-12-09,P0088,Papelería Eco 8,Oficina,Papelería,5,0.15,2957.32,845.97,28.605967565227974
C0245,Paula Espinoza,Consumidor,Chile,Centro,Maule,Talca,ORD-2024-00689,2023-12-09,P0041,Sillas Eco 1,Muebles,Sillas,7,0.0,1081.64,377.65,34.91457416515661
C0065,Benjamín Rojas,Corporativo,Chile,Sur,Los Ríos,Valdivia,ORD-2024-00690,2024-01-11,P0009,Accesorios Flex 9,Tecnología,Accesorios,7,0.05,5737.49,2478.22,43.193452189023425
C0210,Diego López,Consumidor,Chile,Austral,Aysén,Coyhaique,ORD-2024-00691,2023-10-09,P0023,Computadores Pro 3,Tecnología,Computadores,3,0.15,2023.09,782.5,38.67845721149331
C0210,Diego López,Consumidor,Chile,Austral,Aysén,Coyhaique,ORD-2024-00691,2023-10-09,P0001,Accesorios Flex 1,Tecnología,Accesorios,1,0.0,445.84,235.34,52.78575273640769
C0210,Diego López,Consumidor,Chile,Austral,Aysén,Coyhaique,ORD-2024-00691,2023-10-09,P0021,Computadores Plus 1,Tecnología,Computadores,5,0.3,2780.4,697.1,25.07193209610128
C0210,Diego López,Consumidor,Chile,Austral,Aysén,Coyhaique,ORD-2024-00691,2023-10-09,P0054,Mesas Eco 4,Muebles,Mesas,2,0.2,132.03,4.34,3.2871317124895856
C0004,Nicolás Silva,Corporativo,Chile,Sur,Los Lagos,Puerto Montt,ORD-2024-00692,2024-05-08,P0074,Almacenamiento Smart 4,Muebles,Almacenamiento,6,0.0,2475.06,910.56,36.78941116578992
C0056,Matías Morales,Corporativo,Chile,Centro,Metropolitana,Santiago,ORD-2024-00693,2025-04-15,P0030,Computadores Flex 10,Tecnología,Computadores,8,0.0,5561.6,3001.76,53.972957422324505
C0056,Matías Morales,Corporativo,Chile,Centro,Metropolitana,Santiago,ORD-2024-00693,2025-04-15,P0026,Computadores Plus 6,Tecnología,Computadores,1,0.0,477.34,99.19,20.779737713160433
C0056,Matías Morales,Corporativo,Chile,Centro,Metropolitana,Santiago,ORD-2024-00693,2025-04-15,P0076,Almacenamiento Eco 6,Muebles,Almacenamiento,6,0.0,688.44,317.76,46.156527801987096
C0132,Luis Pérez,Home Office,Chile,Austral,Aysén,Coyhaique,ORD-2024-00694,2024-12-18,P0090,Papelería Plus 10,Oficina,Papelería,5,0.05,3607.1,1146.91,31.795902525574565
C0132,Luis Pérez,Home Office,Chile,Austral,Aysén,Coyhaique,ORD-2024-00694,2024-12-18,P0103,Etiquetas Nova 3,Oficina,Etiquetas,8,0.2,3447.04,665.91,19.31831368362421
C0132,Luis Pérez,Home Office,Chile,Austral,Aysén,Coyhaique,ORD-2024-00694,2024-12-18,P0111,Sobres Flex 1,Oficina,Sobres,7,0.15,3063.42,1046.18,34.15072043663618
C0143,Sebastián Martínez,Corporativo,Chile,Austral,Magallanes,Punta Arenas,ORD-2024-00695,2024-04-28,P0104,Etiquetas Nova 4,Oficina,Etiquetas,5,0.0,3026.0,1063.5,35.145406477197625
C0143,Sebastián Martínez,Corporativo,Chile,Austral,Magallanes,Punta Arenas,ORD-2024-00695,2024-04-28,P0005,Accesorios Flex 5,Tecnología,Accesorios,5,0.15,3789.6,1157.15,30.534884948279505
C0288,Martina Contreras,Home Office,Chile,Centro,Metropolitana,Santiago,ORD-2024-00696,2024-11-10,P0057,Mesas Smart 7,Muebles,Mesas,5,0.05,2450.1,831.38,33.93249255132444
C0288,Martina Contreras,Home Office,Chile,Centro,Metropolitana,Santiago,ORD-2024-00696,2024-11-10,P0054,Mesas Eco 4,Muebles,Mesas,1,0.2,66.02,2.7,4.0896697970312035
C0288,Martina Contreras,Home Office,Chile,Centro,Metropolitana,Santiago,ORD-2024-00696,2024-11-10,P0005,Accesorios Flex 5,Tecnología,Accesorios,7,0.3,4369.18,742.89,17.002961654131894
C0129,Felipe Rodríguez,Corporativo,Chile,Centro,Maule,Talca,ORD-2024-00697,2023-11-03,P0049,Sillas Smart 9,Muebles,Sillas,5,0.2,1156.48,48.74,4.214513004980631
C0129,Felipe Rodríguez,Corporativo,Chile,Centro,Maule,Talca,ORD-2024-00697,2023-11-03,P0043,Sillas Smart 3,Muebles,Sillas,6,0.0,4227.6,1793.82,42.43116661935849
C0142,Tomás Soto,Consumidor,Chile,Centro,Maule,Talca,ORD-2024-00698,2024-12-22,P0051,Mesas Smart 1,Muebles,Mesas,3,0.05,270.41,94.18,34.828593617099955
C0142,Tomás Soto,Consumidor,Chile,Centro,Maule,Talca,ORD-2024-00698,2024-12-22,P0077,Almacenamiento Nova 7,Muebles,Almacenamiento,1,0.15,93.07,36.78,39.51864188245407
C0142,Tomás Soto,Consumidor,Chile,Centro,Maule,Talca,ORD-2024-00698,2024-12-22,P0014,Teléfonos Pro 4,Tecnología,Teléfonos,1,0.3,54.65,17.47,31.967063129002742
C0015,Pedro Hernández,Consumidor,Chile,Centro,Maule,Talca,ORD-2024-00699,2024-11-13,P0100,Archivadores Smart 10,Oficina,Archivadores,7,0.0,368.34,100.17,27.194982896237175
C0015,Pedro Hernández,Consumidor,Chile,Centro,Maule,Talca,ORD-2024-00699,2024-11-13,P0019,Teléfonos Eco 9,Tecnología,Teléfonos,6,0.1,2837.32,434.14,15.301058745576809
C0015,Pedro Hernández,Consumidor,Chile,Centro,Maule,Talca,ORD-2024-00699,2024-11-13,P0088,Papelería Eco 8,Oficina,Papelería,7,0.0,4870.88,1910.93,39.231719935617384
C0015,Pedro Hernández,Consumidor,Chile,Centro,Maule,Talca,ORD-2024-00699,2024-11-13,P0022,Computadores Pro 2,Tecnología,Computadores,1,0.2,344.98,123.41,35.77308829497362
C0120,Fernanda Díaz,Corporativo,Chile,Centro,Valparaíso,Valparaíso,ORD-2024-00700,2023-11-19,P0001,Accesorios Flex 1,Tecnología,Accesorios,2,0.0,891.68,470.68,52.78575273640769
C0120,Fernanda Díaz,Corporativo,Chile,Centro,Valparaíso,Valparaíso,ORD-2024-00700,2023-11-19,P0101,Etiquetas Eco 1,Oficina,Etiquetas,6,0.0,3472.26,1158.24,33.35694907639405
C0026,Vicente Espinoza,Home Office,Chile,Centro,Maule,Talca,ORD-2024-00701,2023-03-22,P0057,Mesas Smart 7,Muebles,Mesas,6,0.0,3094.86,1142.34,36.9108780364863
C0026,Vicente Espinoza,Home Office,Chile,Centro,Maule,Talca,ORD-2024-00701,2023-03-22,P0107,Etiquetas Pro 7,Oficina,Etiquetas,8,0.0,619.6,279.92,45.177533892834084
C0026,Vicente Espinoza,Home Office,Chile,Centro,Maule,Talca,ORD-2024-00701,2023-03-22,P0109,Etiquetas Smart 9,Oficina,Etiquetas,3,0.3,1603.96,-100.11,-6.241427467019127
C0182,Benjamín Pérez,Home Office,Chile,Centro,O'Higgins,Rancagua,ORD-2024-00702,2024-12-26,P0007,Accesorios Nova 7,Tecnología,Accesorios,1,0.2,250.47,112.21,44.79977642032978
C0156,Luis Sepúlveda,Corporativo,Chile,Centro,O'Higgins,Rancagua,ORD-2024-00703,2025-03-02,P0113,Sobres Smart 3,Oficina,Sobres,4,0.2,1948.83,532.75,27.33691496949452
C0033,Ana López,Corporativo,Chile,Norte,Tarapacá,Iquique,ORD-2024-00704,2023-03-15,P0070,Libreros Eco 10,Muebles,Libreros,6,0.15,3910.12,1010.75,25.849590293904022
C0033,Ana López,Corporativo,Chile,Norte,Tarapacá,Iquique,ORD-2024-00704,2023-03-15,P0117,Sobres Eco 7,Oficina,Sobres,6,0.15,3801.85,479.77,12.619382668963794
C0199,Javiera Torres,Corporativo,Chile,Sur,Los Lagos,Puerto Montt,ORD-2024-00705,2023-03-14,P0051,Mesas Smart 1,Muebles,Mesas,7,0.0,664.16,253.82,38.21669477234401
C0225,Constanza Pérez,Home Office,Chile,Sur,Los Ríos,Valdivia,ORD-2024-00706,2024-05-03,P0092,Archivadores Nova 2,Oficina,Archivadores,4,0.05,2342.02,1102.83,47.08883784083825
C0225,Constanza Pérez,Home Office,Chile,Sur,Los Ríos,Valdivia,ORD-2024-00706,2024-05-03,P0040,Periféricos Eco 10,Tecnología,Periféricos,6,0.05,4229.46,1688.67,39.92637357960591
C0252,Martina Soto,Corporativo,Chile,Centro,Maule,Talca,ORD-2024-00707,2024-04-14,P0028,Computadores Pro 8,Tecnología,Computadores,3,0.15,1178.43,428.65,36.37466799046189
C0253,Jorge Torres,Consumidor,Chile,Centro,Maule,Talca,ORD-2024-00708,2023-08-06,P0059,Mesas Smart 9,Muebles,Mesas,5,0.0,690.4,242.8,35.16801853997683
C0294,Fernanda Torres,Consumidor,Chile,Sur,Los Ríos,Valdivia,ORD-2024-00709,2024-12-20,P0095,Archivadores Plus 5,Oficina,Archivadores,1,0.0,527.25,242.93,46.07491702228545
C0024,Catalina Muñoz,Consumidor,Chile,Norte,Coquimbo,La Serena,ORD-2024-00710,2023-12-31,P0114,Sobres Pro 4,Oficina,Sobres,2,0.0,108.2,49.72,45.95194085027726
C0024,Catalina Muñoz,Consumidor,Chile,Norte,Coquimbo,La Serena,ORD-2024-00710,2023-12-31,P0029,Computadores Eco 9,Tecnología,Computadores,3,0.0,843.36,244.92,29.040978941377343
C0234,Fernanda Soto,Home Office,Chile,Norte,Antofagasta,Antofagasta,ORD-2024-00711,2023-12-09,P0012,Teléfonos Flex 2,Tecnología,Teléfonos,3,0.2,812.35,320.47,39.449744568227985
C0234,Fernanda Soto,Home Office,Chile,Norte,Antofagasta,Antofagasta,ORD-2024-00711,2023-12-09,P0006,Accesorios Nova 6,Tecnología,Accesorios,4,0.05,3303.26,1220.33,36.94320156451505
C0005,Daniela Rodríguez,Consumidor,Chile,Austral,Magallanes,Punta Arenas,ORD-2024-00712,2024-12-11,P0060,Mesas Smart 10,Muebles,Mesas,8,0.0,1266.32,517.84,40.89329711289406
C0005,Daniela Rodríguez,Consumidor,Chile,Austral,Magallanes,Punta Arenas,ORD-2024-00712,2024-12-11,P0001,Accesorios Flex 1,Tecnología,Accesorios,8,0.0,3566.72,1882.72,52.78575273640769
C0005,Daniela Rodríguez,Consumidor,Chile,Austral,Magallanes,Punta Arenas,ORD-2024-00712,2024-12-11,P0108,Etiquetas Flex 8,Oficina,Etiquetas,3,0.05,1399.21,215.29,15.386539547315984
C0093,Valentina Castillo,Home Office,Chile,Norte,Antofagasta,Antofagasta,ORD-2024-00713,2023-07-13,P0117,Sobres Eco 7,Oficina,Sobres,2,0.3,1043.64,-135.2,-12.954658694569007
C0093,Valentina Castillo,Home Office,Chile,Norte,Antofagasta,Antofagasta,ORD-2024-00713,2023-07-13,P0073,Almacenamiento Eco 3,Muebles,Almacenamiento,2,0.2,279.62,50.54,18.074529718904227
C0093,Valentina Castillo,Home Office,Chile,Norte,Antofagasta,Antofagasta,ORD-2024-00713,2023-07-13,P0065,Libreros Pro 5,Muebles,Libreros,7,0.05,2851.45,1359.65,47.682757895106
C0282,Luis Espinoza,Corporativo,Chile,Austral,Aysén,Coyhaique,ORD-2024-00714,2024-07-17,P0022,Computadores Pro 2,Tecnología,Computadores,2,0.2,689.95,257.93,37.383868396260596
C0282,Luis Espinoza,Corporativo,Chile,Austral,Aysén,Coyhaique,ORD-2024-00714,2024-07-17,P0091,Archivadores Flex 1,Oficina,Archivadores,1,0.15,438.0,72.9,16.643835616438356
C0282,Luis Espinoza,Corporativo,Chile,Austral,Aysén,Coyhaique,ORD-2024-00714,2024-07-17,P0069,Libreros Smart 9,Muebles,Libreros,4,0.0,2671.44,791.24,29.618482915581108
C0282,Luis Espinoza,Corporativo,Chile,Austral,Aysén,Coyhaique,ORD-2024-00714,2024-07-17,P0078,Almacenamiento Eco 8,Muebles,Almacenamiento,3,0.3,630.46,181.15,28.732988611490022
C0170,Sofía Rojas,Consumidor,Chile,Centro,Metropolitana,Santiago,ORD-2024-00715,2023-11-15,P0021,Computadores Plus 1,Tecnología,Computadores,1,0.0,794.4,352.99,44.434793554884195
C0170,Sofía Rojas,Consumidor,Chile,Centro,Metropolitana,Santiago,ORD-2024-00715,2023-11-15,P0079,Almacenamiento Nova 9,Muebles,Almacenamiento,5,0.0,244.35,64.85,26.53979946797626
C0170,Sofía Rojas,Consumidor,Chile,Centro,Metropolitana,Santiago,ORD-2024-00715,2023-11-15,P0018,Teléfonos Flex 8,Tecnología,Teléfonos,3,0.0,2058.84,645.06,31.331235064405195
C0170,Sofía Rojas,Consumidor,Chile,Centro,Metropolitana,Santiago,ORD-2024-00715,2023-11-15,P0036,Periféricos Nova 6,Tecnología,Periféricos,8,0.1,6315.84,2905.9,46.00971525561129
C0269,Javiera Soto,Corporativo,Chile,Sur,Los Ríos,Valdivia,ORD-2024-00716,2025-02-04,P0087,Papelería Flex 7,Oficina,Papelería,3,0.0,2221.11,644.4,29.0125207666437
C0026,Vicente Espinoza,Home Office,Chile,Centro,Maule,Talca,ORD-2024-00717,2023-10-11,P0064,Libreros Eco 4,Muebles,Libreros,6,0.0,903.06,213.96,23.692777888512392
C0026,Vicente Espinoza,Home Office,Chile,Centro,Maule,Talca,ORD-2024-00717,2023-10-11,P0032,Periféricos Eco 2,Tecnología,Periféricos,6,0.05,4124.46,1125.58,27.29036043506301
C0026,Vicente Espinoza,Home Office,Chile,Centro,Maule,Talca,ORD-2024-00717,2023-10-11,P0065,Libreros Pro 5,Muebles,Libreros,2,0.2,686.06,271.73,39.60732297466694
C0026,Vicente Espinoza,Home Office,Chile,Centro,Maule,Talca,ORD-2024-00717,2023-10-11,P0053,Mesas Eco 3,Muebles,Mesas,5,0.2,1482.84,334.21,22.538507188907772
C0177,Javiera Fuentes,Home Office,Chile,Centro,O'Higgins,Rancagua,ORD-2024-00718,2025-01-02,P0046,Sillas Pro 6,Muebles,Sillas,7,0.0,594.09,278.39,46.85990338164251
C0177,Javiera Fuentes,Home Office,Chile,Centro,O'Higgins,Rancagua,ORD-2024-00718,2025-01-02,P0017,Teléfonos Plus 7,Tecnología,Teléfonos,2,0.0,511.7,184.94,36.142270861833104
C0177,Javiera Fuentes,Home Office,Chile,Centro,O'Higgins,Rancagua,ORD-2024-00718,2025-01-02,P0054,Mesas Eco 4,Muebles,Mesas,2,0.3,115.53,-2.34,-2.0254479356011426
C0177,Javiera Fuentes,Home Office,Chile,Centro,O'Higgins,Rancagua,ORD-2024-00718,2025-01-02,P0111,Sobres Flex 1,Oficina,Sobres,3,0.05,1467.35,580.43,39.55634306743449
C0135,Benjamín Flores,Corporativo,Chile,Sur,Biobío,Concepción,ORD-2024-00719,2023-09-11,P0051,Mesas Smart 1,Muebles,Mesas,3,0.0,284.64,108.78,38.21669477234402
C0135,Benjamín Flores,Corporativo,Chile,Sur,Biobío,Concepción,ORD-2024-00719,2023-09-11,P0016,Teléfonos Pro 6,Tecnología,Teléfonos,7,0.3,3818.57,1457.82,38.17711865960294
C0135,Benjamín Flores,Corporativo,Chile,Sur,Biobío,Concepción,ORD-2024-00719,2023-09-11,P0047,Sillas Plus 7,Muebles,Sillas,7,0.15,4152.09,369.29,8.894075032092271
C0135,Benjamín Flores,Corporativo,Chile,Sur,Biobío,Concepción,ORD-2024-00719,2023-09-11,P0108,Etiquetas Flex 8,Oficina,Etiquetas,7,0.3,2405.65,-529.37,-22.00527923845946
C0197,Antonia Contreras,Corporativo,Chile,Centro,Metropolitana,Santiago,ORD-2024-00720,2023-08-28,P0008,Accesorios Plus 8,Tecnología,Accesorios,5,0.1,1784.7,386.64,21.66414523449319
C0197,Antonia Contreras,Corporativo,Chile,Centro,Metropolitana,Santiago,ORD-2024-00720,2023-08-28,P0039,Periféricos Nova 9,Tecnología,Periféricos,1,0.3,165.98,-36.17,-21.7917821424268
C0197,Antonia Contreras,Corporativo,Chile,Centro,Metropolitana,Santiago,ORD-2024-00720,2023-08-28,P0026,Computadores Plus 6,Tecnología,Computadores,5,0.05,2267.36,366.24,16.152706231035214
C0177,Javiera Fuentes,Home Office,Chile,Centro,O'Higgins,Rancagua,ORD-2024-00721,2023-01-09,P0109,Etiquetas Smart 9,Oficina,Etiquetas,3,0.2,1833.1,222.1,12.116087502045715
C0177,Javiera Fuentes,Home Office,Chile,Centro,O'Higgins,Rancagua,ORD-2024-00721,2023-01-09,P0012,Teléfonos Flex 2,Tecnología,Teléfonos,5,0.0,1692.4,847.1,50.053178917513584
C0071,Martina Sepúlveda,Consumidor,Chile,Norte,Coquimbo,La Serena,ORD-2024-00722,2025-04-28,P0069,Libreros Smart 9,Muebles,Libreros,8,0.0,5342.88,1582.48,29.618482915581108
C0076,Isidora Silva,Corporativo,Chile,Norte,Antofagasta,Antofagasta,ORD-2024-00723,2024-10-16,P0034,Periféricos Flex 4,Tecnología,Periféricos,4,0.05,1594.78,489.7,30.706429726984286
C0076,Isidora Silva,Corporativo,Chile,Norte,Antofagasta,Antofagasta,ORD-2024-00723,2024-10-16,P0114,Sobres Pro 4,Oficina,Sobres,3,0.1,146.07,55.45,37.96125145478196
C0076,Isidora Silva,Corporativo,Chile,Norte,Antofagasta,Antofagasta,ORD-2024-00723,2024-10-16,P0047,Sillas Plus 7,Muebles,Sillas,1,0.15,593.16,71.06,11.979904241688583
C0076,Isidora Silva,Corporativo,Chile,Norte,Antofagasta,Antofagasta,ORD-2024-00723,2024-10-16,P0032,Periféricos Eco 2,Tecnología,Periféricos,5,0.05,3437.05,872.29,25.379031436842638
C0124,Tomás González,Home Office,Chile,Sur,Los Ríos,Valdivia,ORD-2024-00724,2023-03-21,P0048,Sillas Plus 8,Muebles,Sillas,5,0.15,2658.08,166.01,6.245485463191476
C0289,Vicente Martínez,Corporativo,Chile,Norte,Coquimbo,La Serena,ORD-2024-00725,2024-11-22,P0093,Archivadores Flex 3,Oficina,Archivadores,6,0.05,3561.76,1823.4,51.19379183325098
C0289,Vicente Martínez,Corporativo,Chile,Norte,Coquimbo,La Serena,ORD-2024-00725,2024-11-22,P0056,Mesas Flex 6,Muebles,Mesas,6,0.3,2531.13,-331.93,-13.113905646884987
C0289,Vicente Martínez,Corporativo,Chile,Norte,Coquimbo,La Serena,ORD-2024-00725,2024-11-22,P0051,Mesas Smart 1,Muebles,Mesas,7,0.2,531.33,96.43,18.14879641653963
C0221,Valentina Hernández,Home Office,Chile,Norte,Tarapacá,Iquique,ORD-2024-00726,2023-08-02,P0074,Almacenamiento Smart 4,Muebles,Almacenamiento,6,0.1,2227.55,662.26,29.73042131489753
C0095,Martina Torres,Corporativo,Chile,Sur,Biobío,Concepción,ORD-2024-00727,2025-02-17,P0051,Mesas Smart 1,Muebles,Mesas,5,0.3,332.08,57.1,17.194651891110578
C0095,Martina Torres,Corporativo,Chile,Sur,Biobío,Concepción,ORD-2024-00727,2025-02-17,P0002,Accesorios Smart 2,Tecnología,Accesorios,8,0.1,72.43,26.24,36.22808228634543
C0095,Martina Torres,Corporativo,Chile,Sur,Biobío,Concepción,ORD-2024-00727,2025-02-17,P0100,Archivadores Smart 10,Oficina,Archivadores,2,0.1,94.72,19.44,20.523648648648653
C0095,Martina Torres,Corporativo,Chile,Sur,Biobío,Concepción,ORD-2024-00727,2025-02-17,P0120,Sobres Plus 10,Oficina,Sobres,5,0.0,3531.35,1345.95,38.11431888654481
C0279,Fernanda Araya,Home Office,Chile,Centro,Maule,Talca,ORD-2024-00728,2024-08-20,P0114,Sobres Pro 4,Oficina,Sobres,5,0.05,256.97,109.59,42.64700159551698
C0279,Fernanda Araya,Home Office,Chile,Centro,Maule,Talca,ORD-2024-00728,2024-08-20,P0058,Mesas Nova 8,Muebles,Mesas,7,0.05,1563.22,292.98,18.74208364785507
C0279,Fernanda Araya,Home Office,Chile,Centro,Maule,Talca,ORD-2024-00728,2024-08-20,P0029,Computadores Eco 9,Tecnología,Computadores,2,0.0,562.24,163.28,29.04097894137735
C0254,Isidora Rojas,Consumidor,Chile,Sur,Biobío,Concepción,ORD-2024-00729,2024-06-27,P0094,Archivadores Pro 4,Oficina,Archivadores,8,0.0,1440.32,426.72,29.626749611197518
C0254,Isidora Rojas,Consumidor,Chile,Sur,Biobío,Concepción,ORD-2024-00729,2024-06-27,P0041,Sillas Eco 1,Muebles,Sillas,3,0.05,440.38,139.94,31.777101594077838
C0254,Isidora Rojas,Consumidor,Chile,Sur,Biobío,Concepción,ORD-2024-00729,2024-06-27,P0095,Archivadores Plus 5,Oficina,Archivadores,3,0.2,1265.4,363.19,28.701596333175278
C0133,Antonia Hernández,Consumidor,Chile,Sur,Los Ríos,Valdivia,ORD-2024-00730,2023-10-01,P0064,Libreros Eco 4,Muebles,Libreros,4,0.0,602.04,142.64,23.69277788851239
C0271,Andrés Muñoz,Consumidor,Chile,Centro,O'Higgins,Rancagua,ORD-2024-00731,2024-02-25,P0017,Teléfonos Plus 7,Tecnología,Teléfonos,7,0.2,1432.76,263.03,18.358273541974928
C0271,Andrés Muñoz,Consumidor,Chile,Centro,O'Higgins,Rancagua,ORD-2024-00731,2024-02-25,P0025,Computadores Plus 5,Tecnología,Computadores,4,0.3,2138.39,241.79,11.30710487796894
C0271,Andrés Muñoz,Consumidor,Chile,Centro,O'Higgins,Rancagua,ORD-2024-00731,2024-02-25,P0117,Sobres Eco 7,Oficina,Sobres,1,0.0,745.46,175.97,23.605558983714754
C0271,Andrés Muñoz,Consumidor,Chile,Centro,O'Higgins,Rancagua,ORD-2024-00731,2024-02-25,P0105,Etiquetas Pro 5,Oficina,Etiquetas,3,0.3,544.91,135.18,24.80776642014278
C0013,Daniela Araya,Corporativo,Chile,Centro,O'Higgins,Rancagua,ORD-2024-00732,2024-01-12,P0118,Sobres Nova 8,Oficina,Sobres,3,0.3,487.31,-42.32,-8.68441033428413
C0066,Paula Silva,Consumidor,Chile,Centro,Valparaíso,Valparaíso,ORD-2024-00733,2023-03-09,P0004,Accesorios Eco 4,Tecnología,Accesorios,5,0.05,133.57,33.2,24.855880811559487
C0066,Paula Silva,Consumidor,Chile,Centro,Valparaíso,Valparaíso,ORD-2024-00733,2023-03-09,P0099,Archivadores Eco 9,Oficina,Archivadores,4,0.2,33.82,13.73,40.5972797161443
C0066,Paula Silva,Consumidor,Chile,Centro,Valparaíso,Valparaíso,ORD-2024-00733,2023-03-09,P0064,Libreros Eco 4,Muebles,Libreros,3,0.0,451.53,106.98,23.692777888512392
C0066,Paula Silva,Consumidor,Chile,Centro,Valparaíso,Valparaíso,ORD-2024-00733,2023-03-09,P0049,Sillas Smart 9,Muebles,Sillas,6,0.15,1474.51,181.04,12.277977090694534
C0091,Valentina Hernández,Consumidor,Chile,Norte,Tarapacá,Iquique,ORD-2024-00734,2025-01-08,P0045,Sillas Eco 5,Muebles,Sillas,3,0.15,1363.99,144.17,10.56972558449842
C0091,Valentina Hernández,Consumidor,Chile,Norte,Tarapacá,Iquique,ORD-2024-00734,2025-01-08,P0106,Etiquetas Eco 6,Oficina,Etiquetas,4,0.05,853.37,385.8,45.20899492599927
C0227,Diego Díaz,Consumidor,Chile,Sur,Los Ríos,Valdivia,ORD-2024-00735,2023-08-21,P0047,Sillas Plus 7,Muebles,Sillas,8,0.05,5303.51,1105.88,20.851850943997466
C0227,Diego Díaz,Consumidor,Chile,Sur,Los Ríos,Valdivia,ORD-2024-00735,2023-08-21,P0017,Teléfonos Plus 7,Tecnología,Teléfonos,4,0.2,818.72,171.19,20.909468438538205
C0227,Diego Díaz,Consumidor,Chile,Sur,Los Ríos,Valdivia,ORD-2024-00735,2023-08-21,P0005,Accesorios Flex 5,Tecnología,Accesorios,8,0.2,5706.69,1533.25,26.86758874233575
C0283,Josefa Díaz,Consumidor,Chile,Austral,Magallanes,Punta Arenas,ORD-2024-00736,2024-04-15,P0098,Archivadores Nova 8,Oficina,Archivadores,3,0.05,666.64,174.72,26.209048361934478
C0008,Jorge Muñoz,Corporativo,Chile,Centro,Maule,Talca,ORD-2024-00737,2024-05-18,P0091,Archivadores Flex 1,Oficina,Archivadores,2,0.3,721.41,-3.55,-0.49209187563244206
C0008,Jorge Muñoz,Corporativo,Chile,Centro,Maule,Talca,ORD-2024-00737,2024-05-18,P0119,Sobres Plus 9,Oficina,Sobres,5,0.1,2791.08,1017.98,36.47261991773794
C0103,Fernanda Soto,Consumidor,Chile,Austral,Aysén,Coyhaique,ORD-2024-00738,2023-11-29,P0019,Teléfonos Eco 9,Tecnología,Teléfonos,3,0.0,1576.29,387.57,24.587480730068705
C0103,Fernanda Soto,Consumidor,Chile,Austral,Aysén,Coyhaique,ORD-2024-00738,2023-11-29,P0033,Periféricos Nova 3,Tecnología,Periféricos,3,0.15,2252.54,165.53,7.348593143739956
C0095,Martina Torres,Corporativo,Chile,Sur,Biobío,Concepción,ORD-2024-00739,2023-07-02,P0028,Computadores Pro 8,Tecnología,Computadores,6,0.0,2772.78,1327.86,47.8891221084976
C0095,Martina Torres,Corporativo,Chile,Sur,Biobío,Concepción,ORD-2024-00739,2023-07-02,P0107,Etiquetas Pro 7,Oficina,Etiquetas,8,0.05,588.62,254.31,43.20444429343209
C0095,Martina Torres,Corporativo,Chile,Sur,Biobío,Concepción,ORD-2024-00739,2023-07-02,P0069,Libreros Smart 9,Muebles,Libreros,1,0.1,601.07,133.78,22.256975061140963
C0142,Tomás Soto,Consumidor,Chile,Centro,Maule,Talca,ORD-2024-00740,2023-04-18,P0099,Archivadores Eco 9,Oficina,Archivadores,2,0.15,17.97,8.41,46.80022259321091
C0142,Tomás Soto,Consumidor,Chile,Centro,Maule,Talca,ORD-2024-00740,2023-04-18,P0029,Computadores Eco 9,Tecnología,Computadores,7,0.0,1967.84,571.48,29.04097894137735
C0142,Tomás Soto,Consumidor,Chile,Centro,Maule,Talca,ORD-2024-00740,2023-04-18,P0066,Libreros Smart 6,Muebles,Libreros,5,0.2,1439.4,604.27,41.9806863971099
C0188,Nicolás Sepúlveda,Consumidor,Chile,Centro,O'Higgins,Rancagua,ORD-2024-00741,2024-01-31,P0033,Periféricos Nova 3,Tecnología,Periféricos,2,0.0,1766.7,381.74,21.607516839304918
C0188,Nicolás Sepúlveda,Consumidor,Chile,Centro,O'Higgins,Rancagua,ORD-2024-00741,2024-01-31,P0048,Sillas Plus 8,Muebles,Sillas,2,0.2,1000.69,-16.62,-1.6608540107325944
C0188,Nicolás Sepúlveda,Consumidor,Chile,Centro,O'Higgins,Rancagua,ORD-2024-00741,2024-01-31,P0010,Accesorios Nova 10,Tecnología,Accesorios,2,0.15,1152.74,172.43,14.958273331367003
C0009,Isidora Morales,Consumidor,Chile,Centro,O'Higgins,Rancagua,ORD-2024-00742,2024-08-06,P0058,Mesas Nova 8,Muebles,Mesas,8,0.15,1598.48,118.32,7.402031930333816
C0009,Isidora Morales,Consumidor,Chile,Centro,O'Higgins,Rancagua,ORD-2024-00742,2024-08-06,P0062,Libreros Plus 2,Muebles,Libreros,1,0.0,465.68,230.21,49.4352344957911
C0009,Isidora Morales,Consumidor,Chile,Centro,O'Higgins,Rancagua,ORD-2024-00742,2024-08-06,P0056,Mesas Flex 6,Muebles,Mesas,3,0.0,1807.95,482.97,26.713681241184766
C0050,Benjamín Soto,Consumidor,Chile,Sur,La Araucanía,Temuco,ORD-2024-00743,2023-05-20,P0097,Archivadores Smart 7,Oficina,Archivadores,7,0.2,1495.42,38.06,2.545104385390058
C0050,Benjamín Soto,Consumidor,Chile,Sur,La Araucanía,Temuco,ORD-2024-00743,2023-05-20,P0052,Mesas Nova 2,Muebles,Mesas,1,0.3,345.9,-14.93,-4.316276380456779
C0219,Sebastián Soto,Consumidor,Chile,Sur,Los Ríos,Valdivia,ORD-2024-00744,2024-05-17,P0059,Mesas Smart 9,Muebles,Mesas,6,0.3,579.94,28.03,4.833258612959961
C0181,Pedro Martínez,Home Office,Chile,Centro,Valparaíso,Valparaíso,ORD-2024-00745,2023-08-31,P0078,Almacenamiento Eco 8,Muebles,Almacenamiento,2,0.2,480.35,217.79,45.33985635474133
C0016,Diego Araya,Home Office,Chile,Sur,Biobío,Concepción,ORD-2024-00746,2024-06-08,P0016,Teléfonos Pro 6,Tecnología,Teléfonos,3,0.0,2337.9,1189.8,50.89182599769023
C0016,Diego Araya,Home Office,Chile,Sur,Biobío,Concepción,ORD-2024-00746,2024-06-08,P0046,Sillas Pro 6,Muebles,Sillas,1,0.15,72.14,27.11,37.579706126975324
C0140,Ignacio López,Home Office,Chile,Centro,Maule,Talca,ORD-2024-00747,2023-10-17,P0092,Archivadores Nova 2,Oficina,Archivadores,1,0.0,616.32,307.39,49.875064901349944
C0203,Ignacio Araya,Corporativo,Chile,Centro,Valparaíso,Valparaíso,ORD-2024-00748,2023-11-10,P0074,Almacenamiento Smart 4,Muebles,Almacenamiento,8,0.3,2310.06,56.4,2.441495026103218
C0203,Ignacio Araya,Corporativo,Chile,Centro,Valparaíso,Valparaíso,ORD-2024-00748,2023-11-10,P0054,Mesas Eco 4,Muebles,Mesas,4,0.2,264.06,10.03,3.7983791562523668
C0203,Ignacio Araya,Corporativo,Chile,Centro,Valparaíso,Valparaíso,ORD-2024-00748,2023-11-10,P0089,Papelería Plus 9,Oficina,Papelería,1,0.1,316.01,79.17,25.053004651751525
C0012,Sofía Soto,Home Office,Chile,Norte,Tarapacá,Iquique,ORD-2024-00749,2024-02-21,P0035,Periféricos Nova 5,Tecnología,Periféricos,7,0.0,5352.97,1581.65,29.547148592276812
C0012,Sofía Soto,Home Office,Chile,Norte,Tarapacá,Iquique,ORD-2024-00749,2024-02-21,P0011,Teléfonos Plus 1,Tecnología,Teléfonos,2,0.15,937.94,238.69,25.448322920442674
C0012,Sofía Soto,Home Office,Chile,Norte,Tarapacá,Iquique,ORD-2024-00749,2024-02-21,P0029,Computadores Eco 9,Tecnología,Computadores,6,0.05,1602.38,420.7,26.254696139492502
C0012,Sofía Soto,Home Office,Chile,Norte,Tarapacá,Iquique,ORD-2024-00749,2024-02-21,P0076,Almacenamiento Eco 6,Muebles,Almacenamiento,8,0.0,917.92,423.68,46.1565278019871
C0057,Luis Fuentes,Consumidor,Chile,Sur,Los Lagos,Puerto Montt,ORD-2024-00750,2023-06-15,P0011,Teléfonos Plus 1,Tecnología,Teléfonos,6,0.1,2979.34,754.46,25.32305812696772
C0057,Luis Fuentes,Consumidor,Chile,Sur,Los Lagos,Puerto Montt,ORD-2024-00750,2023-06-15,P0079,Almacenamiento Nova 9,Muebles,Almacenamiento,7,0.15,290.78,30.8,10.59220028887819
C0223,Jorge López,Consumidor,Chile,Sur,Biobío,Concepción,ORD-2024-00751,2023-09-11,P0040,Periféricos Eco 10,Tecnología,Periféricos,5,0.0,3710.05,1557.15,41.97113246452204
C0223,Jorge López,Consumidor,Chile,Sur,Biobío,Concepción,ORD-2024-00751,2023-09-11,P0079,Almacenamiento Nova 9,Muebles,Almacenamiento,2,0.2,78.19,5.85,7.481775163064331
C0125,Carlos Pérez,Corporativo,Chile,Centro,O'Higgins,Rancagua,ORD-2024-00752,2024-12-23,P0003,Accesorios Plus 3,Tecnología,Accesorios,3,0.0,2604.78,549.48,21.095063690599588
C0125,Carlos Pérez,Corporativo,Chile,Centro,O'Higgins,Rancagua,ORD-2024-00752,2024-12-23,P0065,Libreros Pro 5,Muebles,Libreros,7,0.0,3001.53,1511.86,50.369644814477944
C0125,Carlos Pérez,Corporativo,Chile,Centro,O'Higgins,Rancagua,ORD-2024-00752,2024-12-23,P0093,Archivadores Flex 3,Oficina,Archivadores,4,0.1,2249.53,1123.67,49.95132316528341
C0054,Catalina Araya,Corporativo,Chile,Sur,La Araucanía,Temuco,ORD-2024-00753,2023-01-09,P0098,Archivadores Nova 8,Oficina,Archivadores,1,0.3,163.74,4.07,2.485647978502504
C0054,Catalina Araya,Corporativo,Chile,Sur,La Araucanía,Temuco,ORD-2024-00753,2023-01-09,P0025,Computadores Plus 5,Tecnología,Computadores,5,0.2,3054.84,496.09,16.239475717222504
C0054,Catalina Araya,Corporativo,Chile,Sur,La Araucanía,Temuco,ORD-2024-00753,2023-01-09,P0103,Etiquetas Nova 3,Oficina,Etiquetas,3,0.0,1615.8,584.91,36.19940586706276
C0054,Catalina Araya,Corporativo,Chile,Sur,La Araucanía,Temuco,ORD-2024-00753,2023-01-09,P0006,Accesorios Nova 6,Tecnología,Accesorios,5,0.1,3911.76,1289.47,32.963934392703024
C0196,Fernanda Silva,Corporativo,Chile,Centro,Valparaíso,Valparaíso,ORD-2024-00754,2023-03-07,P0019,Teléfonos Eco 9,Tecnología,Teléfonos,6,0.0,3152.58,775.14,24.587480730068705
C0105,Diego Rojas,Consumidor,Chile,Austral,Magallanes,Punta Arenas,ORD-2024-00755,2025-01-21,P0025,Computadores Plus 5,Tecnología,Computadores,6,0.15,3894.92,741.77,19.044550337362512
C0105,Diego Rojas,Consumidor,Chile,Austral,Magallanes,Punta Arenas,ORD-2024-00755,2025-01-21,P0001,Accesorios Flex 1,Tecnología,Accesorios,7,0.0,3120.88,1647.38,52.78575273640767
C0105,Diego Rojas,Consumidor,Chile,Austral,Magallanes,Punta Arenas,ORD-2024-00755,2025-01-21,P0009,Accesorios Flex 9,Tecnología,Accesorios,5,0.15,3666.81,1361.86,37.14018452005966
C0105,Diego Rojas,Consumidor,Chile,Austral,Magallanes,Punta Arenas,ORD-2024-00755,2025-01-21,P0034,Periféricos Flex 4,Tecnología,Periféricos,6,0.2,2014.46,382.43,18.984243916483823
C0038,Nicolás Espinoza,Home Office,Chile,Sur,Biobío,Concepción,ORD-2024-00756,2023-08-17,P0025,Computadores Plus 5,Tecnología,Computadores,7,0.0,5345.97,1708.35,31.955847114742504
C0038,Nicolás Espinoza,Home Office,Chile,Sur,Biobío,Concepción,ORD-2024-00756,2023-08-17,P0005,Accesorios Flex 5,Tecnología,Accesorios,4,0.05,3388.35,1198.66,35.37592043324923
C0094,Jorge Fuentes,Corporativo,Chile,Norte,Antofagasta,Antofagasta,ORD-2024-00757,2023-09-29,P0092,Archivadores Nova 2,Oficina,Archivadores,7,0.2,3451.39,1191.75,34.52956634863055
C0094,Jorge Fuentes,Corporativo,Chile,Norte,Antofagasta,Antofagasta,ORD-2024-00757,2023-09-29,P0005,Accesorios Flex 5,Tecnología,Accesorios,6,0.0,5350.02,2045.16,38.22714681440443
C0094,Jorge Fuentes,Corporativo,Chile,Norte,Antofagasta,Antofagasta,ORD-2024-00757,2023-09-29,P0049,Sillas Smart 9,Muebles,Sillas,1,0.0,289.12,77.17,26.691339236303264
C0094,Jorge Fuentes,Corporativo,Chile,Norte,Antofagasta,Antofagasta,ORD-2024-00757,2023-09-29,P0083,Papelería Pro 3,Oficina,Papelería,8,0.3,296.18,-9.26,-3.126477142278344
C0239,Martina Torres,Corporativo,Chile,Norte,Tarapacá,Iquique,ORD-2024-00758,2023-09-27,P0030,Computadores Flex 10,Tecnología,Computadores,6,0.0,4171.2,2251.32,53.97295742232452
C0239,Martina Torres,Corporativo,Chile,Norte,Tarapacá,Iquique,ORD-2024-00758,2023-09-27,P0055,Mesas Plus 5,Muebles,Mesas,7,0.15,3445.7,1149.2,33.351713730156426
C0082,María Muñoz,Consumidor,Chile,Centro,Maule,Talca,ORD-2024-00759,2023-07-23,P0003,Accesorios Plus 3,Tecnología,Accesorios,3,0.15,2214.06,174.19,7.867447133320687
C0082,María Muñoz,Consumidor,Chile,Centro,Maule,Talca,ORD-2024-00759,2023-07-23,P0028,Computadores Pro 8,Tecnología,Computadores,4,0.0,1848.52,885.24,47.88912210849761
C0102,Sofía Torres,Consumidor,Chile,Centro,Metropolitana,Santiago,ORD-2024-00760,2023-09-17,P0101,Etiquetas Eco 1,Oficina,Etiquetas,8,0.15,3935.23,729.64,18.541228848123232
C0102,Sofía Torres,Consumidor,Chile,Centro,Metropolitana,Santiago,ORD-2024-00760,2023-09-17,P0057,Mesas Smart 7,Muebles,Mesas,7,0.0,3610.67,1332.73,36.9108780364863
C0102,Sofía Torres,Consumidor,Chile,Centro,Metropolitana,Santiago,ORD-2024-00760,2023-09-17,P0097,Archivadores Smart 7,Oficina,Archivadores,6,0.05,1522.13,255.41,16.779775709039306
C0102,Sofía Torres,Consumidor,Chile,Centro,Metropolitana,Santiago,ORD-2024-00760,2023-09-17,P0023,Computadores Pro 3,Tecnología,Computadores,5,0.15,3371.82,1465.25,43.45575979737946
C0089,Sofía Fuentes,Consumidor,Chile,Norte,Tarapacá,Iquique,ORD-2024-00761,2023-08-25,P0004,Accesorios Eco 4,Tecnología,Accesorios,4,0.1,101.23,21.02,20.76459547564951
C0089,Sofía Fuentes,Consumidor,Chile,Norte,Tarapacá,Iquique,ORD-2024-00761,2023-08-25,P0006,Accesorios Nova 6,Tecnología,Accesorios,3,0.1,2347.06,784.97,33.44482032841086
C0047,Ana Díaz,Consumidor,Chile,Centro,O'Higgins,Rancagua,ORD-2024-00762,2024-04-10,P0113,Sobres Smart 3,Oficina,Sobres,6,0.0,3654.06,1397.1,38.23418334674307
C0133,Antonia Hernández,Consumidor,Chile,Sur,Los Ríos,Valdivia,ORD-2024-00763,2024-11-07,P0083,Papelería Pro 3,Oficina,Papelería,8,0.15,359.65,65.73,18.27610176560545
C0133,Antonia Hernández,Consumidor,Chile,Sur,Los Ríos,Valdivia,ORD-2024-00763,2024-11-07,P0014,Teléfonos Pro 4,Tecnología,Teléfonos,3,0.1,210.79,107.09,50.8041178424024
C0133,Antonia Hernández,Consumidor,Chile,Sur,Los Ríos,Valdivia,ORD-2024-00763,2024-11-07,P0082,Papelería Eco 2,Oficina,Papelería,4,0.3,1654.41,678.75,41.02671042849112
C0133,Antonia Hernández,Consumidor,Chile,Sur,Los Ríos,Valdivia,ORD-2024-00763,2024-11-07,P0081,Papelería Smart 1,Oficina,Papelería,3,0.15,2092.17,567.89,27.143587758164966
C0093,Valentina Castillo,Home Office,Chile,Norte,Antofagasta,Antofagasta,ORD-2024-00764,2023-06-09,P0098,Archivadores Nova 8,Oficina,Archivadores,5,0.1,1052.6,210.54,20.001900057001713
C0093,Valentina Castillo,Home Office,Chile,Norte,Antofagasta,Antofagasta,ORD-2024-00764,2023-06-09,P0032,Periféricos Eco 2,Tecnología,Periféricos,8,0.05,5499.28,1432.96,26.05722931001877
C0093,Valentina Castillo,Home Office,Chile,Norte,Antofagasta,Antofagasta,ORD-2024-00764,2023-06-09,P0074,Almacenamiento Smart 4,Muebles,Almacenamiento,2,0.0,825.02,303.52,36.78941116578992
C0093,Valentina Castillo,Home Office,Chile,Norte,Antofagasta,Antofagasta,ORD-2024-00764,2023-06-09,P0012,Teléfonos Flex 2,Tecnología,Teléfonos,1,0.0,338.48,169.42,50.053178917513584
C0121,Sebastián Muñoz,Consumidor,Chile,Austral,Aysén,Coyhaique,ORD-2024-00765,2024-12-14,P0059,Mesas Smart 9,Muebles,Mesas,1,0.3,96.66,10.59,10.95592799503414
C0116,Luis Soto,Corporativo,Chile,Centro,Metropolitana,Santiago,ORD-2024-00766,2024-09-04,P0095,Archivadores Plus 5,Oficina,Archivadores,2,0.3,738.15,219.87,29.786628733997155
C0116,Luis Soto,Corporativo,Chile,Centro,Metropolitana,Santiago,ORD-2024-00766,2024-09-04,P0019,Teléfonos Eco 9,Tecnología,Teléfonos,8,0.2,3362.75,109.29,3.2500185859787383
C0116,Luis Soto,Corporativo,Chile,Centro,Metropolitana,Santiago,ORD-2024-00766,2024-09-04,P0029,Computadores Eco 9,Tecnología,Computadores,8,0.0,2248.96,653.12,29.04097894137735
C0149,Sebastián Soto,Consumidor,Chile,Centro,Maule,Talca,ORD-2024-00767,2023-06-03,P0076,Almacenamiento Eco 6,Muebles,Almacenamiento,7,0.05,763.02,323.99,42.46153442897958
C0149,Sebastián Soto,Consumidor,Chile,Centro,Maule,Talca,ORD-2024-00767,2023-06-03,P0089,Papelería Plus 9,Oficina,Papelería,4,0.05,1334.26,393.64,29.502495765443015
C0149,Sebastián Soto,Consumidor,Chile,Centro,Maule,Talca,ORD-2024-00767,2023-06-03,P0039,Periféricos Nova 9,Tecnología,Periféricos,8,0.0,1896.88,385.6,20.328117751254695
C0261,Luis González,Consumidor,Chile,Norte,Coquimbo,La Serena,ORD-2024-00768,2024-09-05,P0002,Accesorios Smart 2,Tecnología,Accesorios,6,0.2,48.29,11.48,23.77303789604473
C0261,Luis González,Consumidor,Chile,Norte,Coquimbo,La Serena,ORD-2024-00768,2024-09-05,P0010,Accesorios Nova 10,Tecnología,Accesorios,6,0.05,3865.06,859.2,22.229926572938066
C0255,Javiera Fuentes,Home Office,Chile,Sur,Los Ríos,Valdivia,ORD-2024-00769,2023-09-21,P0021,Computadores Plus 1,Tecnología,Computadores,6,0.2,3813.12,1266.4,33.21164820409534
C0255,Javiera Fuentes,Home Office,Chile,Sur,Los Ríos,Valdivia,ORD-2024-00769,2023-09-21,P0058,Mesas Nova 8,Muebles,Mesas,8,0.3,1316.39,-88.5,-6.7229316539931165
C0082,María Muñoz,Consumidor,Chile,Centro,Maule,Talca,ORD-2024-00770,2024-01-03,P0019,Teléfonos Eco 9,Tecnología,Teléfonos,3,0.0,1576.29,387.57,24.587480730068705
C0078,Ignacio Flores,Consumidor,Chile,Austral,Magallanes,Punta Arenas,ORD-2024-00771,2024-08-29,P0020,Teléfonos Flex 10,Tecnología,Teléfonos,6,0.15,2521.39,1005.15,39.86491578058134
C0120,Fernanda Díaz,Corporativo,Chile,Centro,Valparaíso,Valparaíso,ORD-2024-00772,2024-03-22,P0023,Computadores Pro 3,Tecnología,Computadores,5,0.0,3966.85,1991.4,50.20104112835121
C0120,Fernanda Díaz,Corporativo,Chile,Centro,Valparaíso,Valparaíso,ORD-2024-00772,2024-03-22,P0010,Accesorios Nova 10,Tecnología,Accesorios,6,0.1,3661.63,659.11,18.000453350010787
C0120,Fernanda Díaz,Corporativo,Chile,Centro,Valparaíso,Valparaíso,ORD-2024-00772,2024-03-22,P0083,Papelería Pro 3,Oficina,Papelería,6,0.0,317.34,103.08,32.48251087162035
C0120,Fernanda Díaz,Corporativo,Chile,Centro,Valparaíso,Valparaíso,ORD-2024-00772,2024-03-22,P0029,Computadores Eco 9,Tecnología,Computadores,1,0.0,281.12,81.64,29.04097894137735
C0081,Felipe González,Home Office,Chile,Centro,Maule,Talca,ORD-2024-00773,2023-03-07,P0101,Etiquetas Eco 1,Oficina,Etiquetas,2,0.15,983.81,195.16,19.837163679978858
C0081,Felipe González,Home Office,Chile,Centro,Maule,Talca,ORD-2024-00773,2023-03-07,P0092,Archivadores Nova 2,Oficina,Archivadores,6,0.0,3697.92,1844.34,49.875064901349944
C0275,Carlos López,Corporativo,Chile,Centro,Maule,Talca,ORD-2024-00774,2024-05-26,P0034,Periféricos Flex 4,Tecnología,Periféricos,1,0.2,335.74,66.38,19.771251563710013
C0275,Carlos López,Corporativo,Chile,Centro,Maule,Talca,ORD-2024-00774,2024-05-26,P0097,Archivadores Smart 7,Oficina,Archivadores,3,0.0,801.12,174.15,21.73831635710006
C0275,Carlos López,Corporativo,Chile,Centro,Maule,Talca,ORD-2024-00774,2024-05-26,P0023,Computadores Pro 3,Tecnología,Computadores,8,0.3,4442.87,1176.83,26.488058394686316
C0126,Jorge Hernández,Home Office,Chile,Centro,Valparaíso,Valparaíso,ORD-2024-00775,2023-11-18,P0096,Archivadores Pro 6,Oficina,Archivadores,5,0.0,3532.45,1549.85,43.874647907259835
C0126,Jorge Hernández,Home Office,Chile,Centro,Valparaíso,Valparaíso,ORD-2024-00775,2023-11-18,P0028,Computadores Pro 8,Tecnología,Computadores,5,0.0,2310.65,1106.55,47.8891221084976
C0126,Jorge Hernández,Home Office,Chile,Centro,Valparaíso,Valparaíso,ORD-2024-00775,2023-11-18,P0092,Archivadores Nova 2,Oficina,Archivadores,7,0.0,4314.24,2151.73,49.87506490134995
C0126,Jorge Hernández,Home Office,Chile,Centro,Valparaíso,Valparaíso,ORD-2024-00775,2023-11-18,P0024,Computadores Nova 4,Tecnología,Computadores,1,0.1,726.62,317.6,43.70922903305717
C0146,Javiera Silva,Home Office,Chile,Austral,Aysén,Coyhaique,ORD-2024-00776,2023-06-17,P0066,Libreros Smart 6,Muebles,Libreros,2,0.0,719.7,370.06,51.418646658329855
C0146,Javiera Silva,Home Office,Chile,Austral,Aysén,Coyhaique,ORD-2024-00776,2023-06-17,P0020,Teléfonos Flex 10,Tecnología,Teléfonos,7,0.1,3114.66,1388.73,44.586889098649614
C0146,Javiera Silva,Home Office,Chile,Austral,Aysén,Coyhaique,ORD-2024-00776,2023-06-17,P0084,Papelería Flex 4,Oficina,Papelería,3,0.05,2097.94,1060.45,50.54720344719106
C0146,Javiera Silva,Home Office,Chile,Austral,Aysén,Coyhaique,ORD-2024-00776,2023-06-17,P0008,Accesorios Plus 8,Tecnología,Accesorios,4,0.2,1269.12,178.23,14.04358925869894
C0087,Tomás Fuentes,Home Office,Chile,Sur,Los Ríos,Valdivia,ORD-2024-00777,2024-12-24,P0025,Computadores Plus 5,Tecnología,Computadores,7,0.05,5078.67,1401.17,27.58930979961289
C0087,Tomás Fuentes,Home Office,Chile,Sur,Los Ríos,Valdivia,ORD-2024-00777,2024-12-24,P0042,Sillas Flex 2,Muebles,Sillas,1,0.15,473.29,86.23,18.21927359547001
C0087,Tomás Fuentes,Home Office,Chile,Sur,Los Ríos,Valdivia,ORD-2024-00777,2024-12-24,P0032,Periféricos Eco 2,Tecnología,Periféricos,4,0.0,2894.36,868.56,30.008706587984907
C0214,Javiera Flores,Home Office,Chile,Norte,Antofagasta,Antofagasta,ORD-2024-00778,2025-04-09,P0021,Computadores Plus 1,Tecnología,Computadores,8,0.2,5084.16,1332.45,26.20786914652568
C0214,Javiera Flores,Home Office,Chile,Norte,Antofagasta,Antofagasta,ORD-2024-00778,2025-04-09,P0023,Computadores Pro 3,Tecnología,Computadores,4,0.2,2538.78,914.46,36.019662987734264
C0214,Javiera Flores,Home Office,Chile,Norte,Antofagasta,Antofagasta,ORD-2024-00778,2025-04-09,P0028,Computadores Pro 8,Tecnología,Computadores,8,0.2,2957.63,912.73,30.86018197002329
C0214,Javiera Flores,Home Office,Chile,Norte,Antofagasta,Antofagasta,ORD-2024-00778,2025-04-09,P0065,Libreros Pro 5,Muebles,Libreros,6,0.0,2572.74,1295.88,50.36964481447795
C0091,Valentina Hernández,Consumidor,Chile,Norte,Tarapacá,Iquique,ORD-2024-00779,2024-02-12,P0025,Computadores Plus 5,Tecnología,Computadores,3,0.0,2291.13,732.15,31.955847114742504
C0079,Benjamín Hernández,Consumidor,Chile,Austral,Magallanes,Punta Arenas,ORD-2024-00780,2023-04-12,P0060,Mesas Smart 10,Muebles,Mesas,2,0.3,221.61,41.12,18.55511935381977
C0079,Benjamín Hernández,Consumidor,Chile,Austral,Magallanes,Punta Arenas,ORD-2024-00780,2023-04-12,P0052,Mesas Nova 2,Muebles,Mesas,8,0.3,2767.24,-200.11,-7.231393012532343
C0217,Gabriel Hernández,Consumidor,Chile,Austral,Magallanes,Punta Arenas,ORD-2024-00781,2025-02-12,P0110,Etiquetas Nova 10,Oficina,Etiquetas,5,0.05,286.52,110.19,38.45804830378333
C0240,Sebastián Castillo,Consumidor,Chile,Centro,Metropolitana,Santiago,ORD-2024-00782,2024-09-13,P0075,Almacenamiento Plus 5,Muebles,Almacenamiento,4,0.1,1916.5,845.08,44.094964779546046
C0240,Sebastián Castillo,Consumidor,Chile,Centro,Metropolitana,Santiago,ORD-2024-00782,2024-09-13,P0023,Computadores Pro 3,Tecnología,Computadores,1,0.0,793.37,398.28,50.20104112835121
C0240,Sebastián Castillo,Consumidor,Chile,Centro,Metropolitana,Santiago,ORD-2024-00782,2024-09-13,P0048,Sillas Plus 8,Muebles,Sillas,7,0.2,3502.41,16.65,0.4753869478444842
C0240,Sebastián Castillo,Consumidor,Chile,Centro,Metropolitana,Santiago,ORD-2024-00782,2024-09-13,P0074,Almacenamiento Smart 4,Muebles,Almacenamiento,2,0.0,825.02,303.52,36.78941116578992
C0158,Catalina Díaz,Corporativo,Chile,Centro,Metropolitana,Santiago,ORD-2024-00783,2024-09-23,P0029,Computadores Eco 9,Tecnología,Computadores,5,0.2,1124.48,112.66,10.018853158793398
C0158,Catalina Díaz,Corporativo,Chile,Centro,Metropolitana,Santiago,ORD-2024-00783,2024-09-23,P0098,Archivadores Nova 8,Oficina,Archivadores,8,0.1,1684.15,338.97,20.1270670664727
C0158,Catalina Díaz,Corporativo,Chile,Centro,Metropolitana,Santiago,ORD-2024-00783,2024-09-23,P0057,Mesas Smart 7,Muebles,Mesas,5,0.3,1805.33,288.81,15.997629242299194
C0217,Gabriel Hernández,Consumidor,Chile,Austral,Magallanes,Punta Arenas,ORD-2024-00784,2024-08-27,P0072,Almacenamiento Nova 2,Muebles,Almacenamiento,1,0.3,482.29,70.14,14.543117211636153
C0131,Matías Torres,Home Office,Chile,Sur,La Araucanía,Temuco,ORD-2024-00785,2024-07-26,P0010,Accesorios Nova 10,Tecnología,Accesorios,4,0.1,2441.09,494.84,20.271272259523407
C0131,Matías Torres,Home Office,Chile,Sur,La Araucanía,Temuco,ORD-2024-00785,2024-07-26,P0032,Periféricos Eco 2,Tecnología,Periféricos,5,0.3,2532.57,-7.93,-0.3131206639895442
C0131,Matías Torres,Home Office,Chile,Sur,La Araucanía,Temuco,ORD-2024-00785,2024-07-26,P0027,Computadores Flex 7,Tecnología,Computadores,7,0.0,277.76,146.86,52.87298387096775
C0300,Camila Díaz,Corporativo,Chile,Sur,Los Lagos,Puerto Montt,ORD-2024-00786,2024-06-30,P0113,Sobres Smart 3,Oficina,Sobres,1,0.15,517.66,124.51,24.05246687014643
C0300,Camila Díaz,Corporativo,Chile,Sur,Los Lagos,Puerto Montt,ORD-2024-00786,2024-06-30,P0107,Etiquetas Pro 7,Oficina,Etiquetas,1,0.0,77.45,34.99,45.177533892834084
C0300,Camila Díaz,Corporativo,Chile,Sur,Los Lagos,Puerto Montt,ORD-2024-00786,2024-06-30,P0006,Accesorios Nova 6,Tecnología,Accesorios,7,0.2,4867.97,1315.27,27.018860017625414
C0300,Camila Díaz,Corporativo,Chile,Sur,Los Lagos,Puerto Montt,ORD-2024-00786,2024-06-30,P0003,Accesorios Plus 3,Tecnología,Accesorios,3,0.1,2344.3,285.39,12.173783218871304
C0184,Fernanda Soto,Corporativo,Chile,Norte,Coquimbo,La Serena,ORD-2024-00787,2024-06-16,P0043,Sillas Smart 3,Muebles,Sillas,8,0.1,5073.12,1790.48,35.293468319298576
C0243,Nicolás López,Corporativo,Chile,Austral,Magallanes,Punta Arenas,ORD-2024-00788,2023-09-26,P0002,Accesorios Smart 2,Tecnología,Accesorios,3,0.3,21.13,2.32,10.979649787032656
C0243,Nicolás López,Corporativo,Chile,Austral,Magallanes,Punta Arenas,ORD-2024-00788,2023-09-26,P0007,Accesorios Nova 7,Tecnología,Accesorios,1,0.05,297.44,156.7,52.682894029047866
C0200,Fernanda Pérez,Corporativo,Chile,Centro,Metropolitana,Santiago,ORD-2024-00789,2025-02-17,P0038,Periféricos Nova 8,Tecnología,Periféricos,2,0.1,736.06,226.65,30.792326712496266
C0200,Fernanda Pérez,Corporativo,Chile,Centro,Metropolitana,Santiago,ORD-2024-00789,2025-02-17,P0106,Etiquetas Eco 6,Oficina,Etiquetas,8,0.1,1616.9,674.03,41.68656070257901
C0200,Fernanda Pérez,Corporativo,Chile,Centro,Metropolitana,Santiago,ORD-2024-00789,2025-02-17,P0065,Libreros Pro 5,Muebles,Libreros,8,0.0,3430.32,1727.84,50.369644814477944
C0200,Fernanda Pérez,Corporativo,Chile,Centro,Metropolitana,Santiago,ORD-2024-00789,2025-02-17,P0021,Computadores Plus 1,Tecnología,Computadores,7,0.0,5560.8,2470.93,44.43479355488418
C0219,Sebastián Soto,Consumidor,Chile,Sur,Los Ríos,Valdivia,ORD-2024-00790,2024-01-17,P0017,Teléfonos Plus 7,Tecnología,Teléfonos,1,0.2,204.68,41.63,20.3390658589017
C0219,Sebastián Soto,Consumidor,Chile,Sur,Los Ríos,Valdivia,ORD-2024-00790,2024-01-17,P0055,Mesas Plus 5,Muebles,Mesas,7,0.15,3445.7,1153.18,33.46722001334997
C0219,Sebastián Soto,Consumidor,Chile,Sur,Los Ríos,Valdivia,ORD-2024-00790,2024-01-17,P0049,Sillas Smart 9,Muebles,Sillas,3,0.0,867.36,231.51,26.691339236303264
C0224,Constanza Morales,Consumidor,Chile,Norte,Antofagasta,Antofagasta,ORD-2024-00791,2024-05-04,P0016,Teléfonos Pro 6,Tecnología,Teléfonos,1,0.15,662.4,292.05,44.089673913043484
C0224,Constanza Morales,Consumidor,Chile,Norte,Antofagasta,Antofagasta,ORD-2024-00791,2024-05-04,P0057,Mesas Smart 7,Muebles,Mesas,1,0.1,464.23,138.83,29.90543480602288
C0200,Fernanda Pérez,Corporativo,Chile,Centro,Metropolitana,Santiago,ORD-2024-00792,2023-11-07,P0042,Sillas Flex 2,Muebles,Sillas,3,0.0,1670.43,540.3,32.34496506887447
C0200,Fernanda Pérez,Corporativo,Chile,Centro,Metropolitana,Santiago,ORD-2024-00792,2023-11-07,P0069,Libreros Smart 9,Muebles,Libreros,4,0.15,2270.72,469.69,20.68462866403608
C0200,Fernanda Pérez,Corporativo,Chile,Centro,Metropolitana,Santiago,ORD-2024-00792,2023-11-07,P0018,Teléfonos Flex 8,Tecnología,Teléfonos,5,0.15,2916.69,513.31,17.599059207526338
C0200,Fernanda Pérez,Corporativo,Chile,Centro,Metropolitana,Santiago,ORD-2024-00792,2023-11-07,P0014,Teléfonos Pro 4,Tecnología,Teléfonos,3,0.0,234.21,126.3,53.92596387857051
C0202,Luis Muñoz,Corporativo,Chile,Sur,Los Ríos,Valdivia,ORD-2024-00793,2023-05-11,P0031,Periféricos Smart 1,Tecnología,Periféricos,3,0.3,488.42,149.75,30.6600876294992
C0202,Luis Muñoz,Corporativo,Chile,Sur,Los Ríos,Valdivia,ORD-2024-00793,2023-05-11,P0099,Archivadores Eco 9,Oficina,Archivadores,5,0.05,50.21,25.08,49.95020912168891
C0202,Luis Muñoz,Corporativo,Chile,Sur,Los Ríos,Valdivia,ORD-2024-00793,2023-05-11,P0092,Archivadores Nova 2,Oficina,Archivadores,6,0.15,3143.23,1362.66,43.35222048656955
C0202,Luis Muñoz,Corporativo,Chile,Sur,Los Ríos,Valdivia,ORD-2024-00793,2023-05-11,P0022,Computadores Pro 2,Tecnología,Computadores,6,0.0,2587.32,1302.84,50.35480729094197
C0052,Jorge Contreras,Corporativo,Chile,Sur,La Araucanía,Temuco,ORD-2024-00794,2024-02-20,P0058,Mesas Nova 8,Muebles,Mesas,2,0.0,470.14,108.7,23.120772535840388
C0271,Andrés Muñoz,Consumidor,Chile,Centro,O'Higgins,Rancagua,ORD-2024-00795,2024-10-14,P0061,Libreros Plus 1,Muebles,Libreros,4,0.15,2976.22,1092.1,36.69419599357575
C0271,Andrés Muñoz,Consumidor,Chile,Centro,O'Higgins,Rancagua,ORD-2024-00795,2024-10-14,P0099,Archivadores Eco 9,Oficina,Archivadores,3,0.1,28.54,13.62,47.72249474421864
C0271,Andrés Muñoz,Consumidor,Chile,Centro,O'Higgins,Rancagua,ORD-2024-00795,2024-10-14,P0015,Teléfonos Plus 5,Tecnología,Teléfonos,8,0.0,5588.0,1463.2,26.184681460272014
C0293,Isidora Araya,Consumidor,Chile,Centro,O'Higgins,Rancagua,ORD-2024-00796,2024-04-15,P0029,Computadores Eco 9,Tecnología,Computadores,4,0.0,1124.48,326.56,29.04097894137735
C0043,Carlos Pérez,Corporativo,Chile,Austral,Magallanes,Punta Arenas,ORD-2024-00797,2025-03-17,P0066,Libreros Smart 6,Muebles,Libreros,8,0.0,2878.8,1480.24,51.418646658329855
C0181,Pedro Martínez,Home Office,Chile,Centro,Valparaíso,Valparaíso,ORD-2024-00798,2025-03-24,P0024,Computadores Nova 4,Tecnología,Computadores,6,0.0,4844.1,2426.88,50.09970892425838
C0181,Pedro Martínez,Home Office,Chile,Centro,Valparaíso,Valparaíso,ORD-2024-00798,2025-03-24,P0057,Mesas Smart 7,Muebles,Mesas,5,0.2,2063.24,471.89,22.871309203001104
C0181,Pedro Martínez,Home Office,Chile,Centro,Valparaíso,Valparaíso,ORD-2024-00798,2025-03-24,P0119,Sobres Plus 9,Oficina,Sobres,6,0.05,3535.37,1450.52,41.02880320871648
C0181,Pedro Martínez,Home Office,Chile,Centro,Valparaíso,Valparaíso,ORD-2024-00798,2025-03-24,P0013,Teléfonos Nova 3,Tecnología,Teléfonos,2,0.15,485.96,141.02,29.01884928800725
C0097,Sebastián Flores,Corporativo,Chile,Centro,Maule,Talca,ORD-2024-00799,2023-10-27,P0120,Sobres Plus 10,Oficina,Sobres,3,0.2,1695.05,368.75,21.754520515619006
C0097,Sebastián Flores,Corporativo,Chile,Centro,Maule,Talca,ORD-2024-00799,2023-10-27,P0040,Periféricos Eco 10,Tecnología,Periféricos,4,0.05,2819.64,1078.7,38.25665687818303
C0097,Sebastián Flores,Corporativo,Chile,Centro,Maule,Talca,ORD-2024-00799,2023-10-27,P0076,Almacenamiento Eco 6,Muebles,Almacenamiento,5,0.2,458.96,144.13,31.403608157573643
C0097,Sebastián Flores,Corporativo,Chile,Centro,Maule,Talca,ORD-2024-00799,2023-10-27,P0034,Periféricos Flex 4,Tecnología,Periféricos,6,0.0,2518.08,863.46,34.29041174227984
C0019,Matías Torres,Consumidor,Chile,Austral,Aysén,Coyhaique,ORD-2024-00800,2023-04-25,P0069,Libreros Smart 9,Muebles,Libreros,4,0.15,2270.72,444.42,19.571765783540023
C0277,Fernanda Torres,Home Office,Chile,Sur,Los Lagos,Puerto Montt,ORD-2025-00801,2024-08-31,P0050,Sillas Nova 10,Muebles,Sillas,5,0.1,1087.34,432.37,39.764011256828596
C0277,Fernanda Torres,Home Office,Chile,Sur,Los Lagos,Puerto Montt,ORD-2025-00801,2024-08-31,P0075,Almacenamiento Plus 5,Muebles,Almacenamiento,6,0.3,2235.91,735.83,32.90964305361129
C0277,Fernanda Torres,Home Office,Chile,Sur,Los Lagos,Puerto Montt,ORD-2025-00801,2024-08-31,P0106,Etiquetas Eco 6,Oficina,Etiquetas,8,0.15,1527.08,564.75,36.98234539120413
C0267,Carlos Martínez,Corporativo,Chile,Sur,Los Ríos,Valdivia,ORD-2025-00802,2023-05-10,P0010,Accesorios Nova 10,Tecnología,Accesorios,8,0.3,3797.25,-329.77,-8.684442688787938
C0267,Carlos Martínez,Corporativo,Chile,Sur,Los Ríos,Valdivia,ORD-2025-00802,2023-05-10,P0105,Etiquetas Pro 5,Oficina,Etiquetas,3,0.1,700.6,330.37,47.1552954610334
C0232,Catalina López,Corporativo,Chile,Austral,Aysén,Coyhaique,ORD-2025-00803,2023-03-25,P0104,Etiquetas Nova 4,Oficina,Etiquetas,2,0.1,1089.36,290.09,26.629397077182933
C0232,Catalina López,Corporativo,Chile,Austral,Aysén,Coyhaique,ORD-2025-00803,2023-03-25,P0055,Mesas Plus 5,Muebles,Mesas,8,0.0,4632.88,1919.68,41.43599661549619
C0232,Catalina López,Corporativo,Chile,Austral,Aysén,Coyhaique,ORD-2025-00803,2023-03-25,P0067,Libreros Pro 7,Muebles,Libreros,2,0.0,345.54,127.48,36.89297910516872
C0016,Diego Araya,Home Office,Chile,Sur,Biobío,Concepción,ORD-2025-00804,2023-08-03,P0074,Almacenamiento Smart 4,Muebles,Almacenamiento,4,0.3,1155.03,45.84,3.968728084984806
C0141,Daniela Martínez,Corporativo,Chile,Norte,Tarapacá,Iquique,ORD-2025-00805,2023-12-11,P0057,Mesas Smart 7,Muebles,Mesas,8,0.0,4126.48,1523.12,36.9108780364863
C0287,Felipe Contreras,Consumidor,Chile,Norte,Coquimbo,La Serena,ORD-2025-00806,2024-03-11,P0096,Archivadores Pro 6,Oficina,Archivadores,1,0.3,494.54,58.92,11.91410199377199
C0287,Felipe Contreras,Consumidor,Chile,Norte,Coquimbo,La Serena,ORD-2025-00806,2024-03-11,P0099,Archivadores Eco 9,Oficina,Archivadores,6,0.05,60.25,30.72,50.98755186721991
C0287,Felipe Contreras,Consumidor,Chile,Norte,Coquimbo,La Serena,ORD-2025-00806,2024-03-11,P0003,Accesorios Plus 3,Tecnología,Accesorios,2,0.0,1736.52,366.32,21.095063690599588
C0006,Vicente Rojas,Home Office,Chile,Norte,Tarapacá,Iquique,ORD-2025-00807,2023-09-12,P0083,Papelería Pro 3,Oficina,Papelería,6,0.15,269.74,62.69,23.240898643137836
C0006,Vicente Rojas,Home Office,Chile,Norte,Tarapacá,Iquique,ORD-2025-00807,2023-09-12,P0006,Accesorios Nova 6,Tecnología,Accesorios,1,0.15,738.89,199.73,27.031087171297486
C0258,Fernanda Silva,Corporativo,Chile,Centro,Maule,Talca,ORD-2025-00808,2025-01-04,P0092,Archivadores Nova 2,Oficina,Archivadores,8,0.05,4684.03,2222.41,47.44653642269584
C0258,Fernanda Silva,Corporativo,Chile,Centro,Maule,Talca,ORD-2025-00808,2025-01-04,P0120,Sobres Plus 10,Oficina,Sobres,8,0.05,5367.65,1884.67,35.111641034717245
C0072,Sofía Pérez,Consumidor,Chile,Centro,Maule,Talca,ORD-2025-00809,2024-03-26,P0027,Computadores Flex 7,Tecnología,Computadores,6,0.05,226.18,112.55,49.761252100097266
C0072,Sofía Pérez,Consumidor,Chile,Centro,Maule,Talca,ORD-2025-00809,2024-03-26,P0091,Archivadores Flex 1,Oficina,Archivadores,1,0.15,438.0,84.42,19.273972602739725
C0047,Ana Díaz,Consumidor,Chile,Centro,O'Higgins,Rancagua,ORD-2025-00810,2024-01-11,P0111,Sobres Flex 1,Oficina,Sobres,7,0.2,2883.22,861.43,29.877359341292024
C0047,Ana Díaz,Consumidor,Chile,Centro,O'Higgins,Rancagua,ORD-2025-00810,2024-01-11,P0073,Almacenamiento Eco 3,Muebles,Almacenamiento,3,0.15,445.64,90.34,20.271968404990577
C0047,Ana Díaz,Consumidor,Chile,Centro,O'Higgins,Rancagua,ORD-2025-00810,2024-01-11,P0013,Teléfonos Nova 3,Tecnología,Teléfonos,7,0.1,1800.92,604.92,33.5894987006641
C0069,Constanza Flores,Corporativo,Chile,Norte,Antofagasta,Antofagasta,ORD-2025-00811,2024-06-04,P0070,Libreros Eco 10,Muebles,Libreros,7,0.2,4293.46,1033.28,24.066370712665307
C0069,Constanza Flores,Corporativo,Chile,Norte,Antofagasta,Antofagasta,ORD-2025-00811,2024-06-04,P0118,Sobres Nova 8,Oficina,Sobres,4,0.1,835.38,180.89,21.653618712442242
C0194,Gabriel Castillo,Corporativo,Chile,Sur,Los Lagos,Puerto Montt,ORD-2025-00812,2025-04-06,P0042,Sillas Flex 2,Muebles,Sillas,4,0.15,1893.15,381.58,20.15582494783826
C0194,Gabriel Castillo,Corporativo,Chile,Sur,Los Lagos,Puerto Montt,ORD-2025-00812,2025-04-06,P0053,Mesas Eco 3,Muebles,Mesas,5,0.0,1853.55,660.0,35.6073480618273
C0194,Gabriel Castillo,Corporativo,Chile,Sur,Los Lagos,Puerto Montt,ORD-2025-00812,2025-04-06,P0005,Accesorios Flex 5,Tecnología,Accesorios,4,0.0,3566.68,1363.44,38.227146814404435
C0194,Gabriel Castillo,Corporativo,Chile,Sur,Los Lagos,Puerto Montt,ORD-2025-00812,2025-04-06,P0002,Accesorios Smart 2,Tecnología,Accesorios,5,0.0,50.3,20.7,41.1530815109344
C0217,Gabriel Hernández,Consumidor,Chile,Austral,Magallanes,Punta Arenas,ORD-2025-00813,2023-05-18,P0059,Mesas Smart 9,Muebles,Mesas,2,0.05,262.35,82.8,31.560891938250425
C0217,Gabriel Hernández,Consumidor,Chile,Austral,Magallanes,Punta Arenas,ORD-2025-00813,2023-05-18,P0119,Sobres Plus 9,Oficina,Sobres,1,0.2,496.19,144.77,29.176323585723214
C0217,Gabriel Hernández,Consumidor,Chile,Austral,Magallanes,Punta Arenas,ORD-2025-00813,2023-05-18,P0054,Mesas Eco 4,Muebles,Mesas,8,0.2,528.13,53.36,10.103572983924412
C0292,Carlos Castillo,Home Office,Chile,Centro,Maule,Talca,ORD-2025-00814,2023-06-27,P0098,Archivadores Nova 8,Oficina,Archivadores,5,0.15,994.12,153.62,15.45286283346075
C0292,Carlos Castillo,Home Office,Chile,Centro,Maule,Talca,ORD-2025-00814,2023-06-27,P0015,Teléfonos Plus 5,Tecnología,Teléfonos,4,0.15,2374.9,306.19,12.892753379089644
C0292,Carlos Castillo,Home Office,Chile,Centro,Maule,Talca,ORD-2025-00814,2023-06-27,P0018,Teléfonos Flex 8,Tecnología,Teléfonos,8,0.0,5490.24,1720.16,31.3312350644052
C0292,Carlos Castillo,Home Office,Chile,Centro,Maule,Talca,ORD-2025-00814,2023-06-27,P0003,Accesorios Plus 3,Tecnología,Accesorios,7,0.0,6077.82,1282.12,21.095063690599588
C0139,Antonia Fuentes,Home Office,Chile,Centro,O'Higgins,Rancagua,ORD-2025-00815,2025-03-05,P0065,Libreros Pro 5,Muebles,Libreros,8,0.05,3258.8,1553.01,47.655885602062106
C0184,Fernanda Soto,Corporativo,Chile,Norte,Coquimbo,La Serena,ORD-2025-00816,2024-06-08,P0058,Mesas Nova 8,Muebles,Mesas,1,0.1,211.56,34.66,16.383059179429
C0184,Fernanda Soto,Corporativo,Chile,Norte,Coquimbo,La Serena,ORD-2025-00816,2024-06-08,P0078,Almacenamiento Eco 8,Muebles,Almacenamiento,1,0.0,300.22,164.83,54.90307108120711
C0184,Fernanda Soto,Corporativo,Chile,Norte,Coquimbo,La Serena,ORD-2025-00816,2024-06-08,P0025,Computadores Plus 5,Tecnología,Computadores,7,0.0,5345.97,1708.35,31.955847114742504
C0184,Fernanda Soto,Corporativo,Chile,Norte,Coquimbo,La Serena,ORD-2025-00816,2024-06-08,P0051,Mesas Smart 1,Muebles,Mesas,3,0.15,241.94,70.11,28.978259072497316
C0021,Martina Contreras,Home Office,Chile,Sur,Los Ríos,Valdivia,ORD-2025-00817,2023-09-26,P0093,Archivadores Flex 3,Oficina,Archivadores,6,0.3,2624.45,892.81,34.01893730114881
C0138,Gabriel Muñoz,Corporativo,Chile,Austral,Magallanes,Punta Arenas,ORD-2025-00818,2025-02-15,P0013,Teléfonos Nova 3,Tecnología,Teléfonos,4,0.0,1143.44,448.4,39.21500034982159
C0138,Gabriel Muñoz,Corporativo,Chile,Austral,Magallanes,Punta Arenas,ORD-2025-00818,2025-02-15,P0108,Etiquetas Flex 8,Oficina,Etiquetas,2,0.0,981.9,196.82,20.0448110805581
C0138,Gabriel Muñoz,Corporativo,Chile,Austral,Magallanes,Punta Arenas,ORD-2025-00818,2025-02-15,P0082,Papelería Eco 2,Oficina,Papelería,3,0.0,1772.58,967.26,54.567917950106626
C0015,Pedro Hernández,Consumidor,Chile,Centro,Maule,Talca,ORD-2025-00819,2024-08-24,P0027,Computadores Flex 7,Tecnología,Computadores,3,0.0,119.04,62.94,52.87298387096774
C0015,Pedro Hernández,Consumidor,Chile,Centro,Maule,Talca,ORD-2025-00819,2024-08-24,P0108,Etiquetas Flex 8,Oficina,Etiquetas,5,0.0,2454.75,492.05,20.0448110805581
C0015,Pedro Hernández,Consumidor,Chile,Centro,Maule,Talca,ORD-2025-00819,2024-08-24,P0034,Periféricos Flex 4,Tecnología,Periféricos,4,0.0,1678.72,575.64,34.29041174227983
C0015,Pedro Hernández,Consumidor,Chile,Centro,Maule,Talca,ORD-2025-00819,2024-08-24,P0069,Libreros Smart 9,Muebles,Libreros,1,0.0,667.86,197.81,29.618482915581108
C0270,Ana Rojas,Corporativo,Chile,Norte,Tarapacá,Iquique,ORD-2025-00820,2024-03-17,P0070,Libreros Eco 10,Muebles,Libreros,7,0.3,3756.78,332.66,8.854923631407749
C0270,Ana Rojas,Corporativo,Chile,Norte,Tarapacá,Iquique,ORD-2025-00820,2024-03-17,P0008,Accesorios Plus 8,Tecnología,Accesorios,3,0.0,1189.8,364.23,30.612708018154315
C0122,Daniela Muñoz,Consumidor,Chile,Centro,O'Higgins,Rancagua,ORD-2025-00821,2024-02-05,P0070,Libreros Eco 10,Muebles,Libreros,1,0.0,766.69,295.42,38.53187076915051
C0122,Daniela Muñoz,Consumidor,Chile,Centro,O'Higgins,Rancagua,ORD-2025-00821,2024-02-05,P0078,Almacenamiento Eco 8,Muebles,Almacenamiento,6,0.0,1801.32,988.98,54.90307108120712
C0122,Daniela Muñoz,Consumidor,Chile,Centro,O'Higgins,Rancagua,ORD-2025-00821,2024-02-05,P0032,Periféricos Eco 2,Tecnología,Periféricos,3,0.15,1845.15,266.5,14.443270194835108
C0122,Daniela Muñoz,Consumidor,Chile,Centro,O'Higgins,Rancagua,ORD-2025-00821,2024-02-05,P0004,Accesorios Eco 4,Tecnología,Accesorios,8,0.05,213.71,54.71,25.60011230171728
C0098,Jorge Díaz,Home Office,Chile,Centro,Maule,Talca,ORD-2025-00822,2025-02-09,P0070,Libreros Eco 10,Muebles,Libreros,7,0.0,5366.83,2067.94,38.53187076915051
C0098,Jorge Díaz,Home Office,Chile,Centro,Maule,Talca,ORD-2025-00822,2025-02-09,P0114,Sobres Pro 4,Oficina,Sobres,2,0.2,86.56,28.12,32.486136783733826
C0062,Nicolás Contreras,Home Office,Chile,Centro,Maule,Talca,ORD-2025-00823,2023-01-26,P0102,Etiquetas Pro 2,Oficina,Etiquetas,2,0.3,600.17,94.29,15.710548677874606
C0062,Nicolás Contreras,Home Office,Chile,Centro,Maule,Talca,ORD-2025-00823,2023-01-26,P0071,Almacenamiento Flex 1,Muebles,Almacenamiento,2,0.3,1243.93,-182.33,-14.657577194858233
C0062,Nicolás Contreras,Home Office,Chile,Centro,Maule,Talca,ORD-2025-00823,2023-01-26,P0033,Periféricos Nova 3,Tecnología,Periféricos,5,0.05,4195.91,741.72,17.677214239580927
C0062,Nicolás Contreras,Home Office,Chile,Centro,Maule,Talca,ORD-2025-00823,2023-01-26,P0106,Etiquetas Eco 6,Oficina,Etiquetas,4,0.1,808.45,342.0,42.30317273795535
C0095,Martina Torres,Corporativo,Chile,Sur,Biobío,Concepción,ORD-2025-00824,2024-01-05,P0117,Sobres Eco 7,Oficina,Sobres,5,0.0,3727.3,879.85,23.605558983714754
C0095,Martina Torres,Corporativo,Chile,Sur,Biobío,Concepción,ORD-2025-00824,2024-01-05,P0075,Almacenamiento Plus 5,Muebles,Almacenamiento,5,0.1,2395.62,1014.61,42.35271036307929
C0243,Nicolás López,Corporativo,Chile,Austral,Magallanes,Punta Arenas,ORD-2025-00825,2023-07-04,P0041,Sillas Eco 1,Muebles,Sillas,2,0.05,293.59,89.83,30.597091181579756
C0243,Nicolás López,Corporativo,Chile,Austral,Magallanes,Punta Arenas,ORD-2025-00825,2023-07-04,P0053,Mesas Eco 3,Muebles,Mesas,2,0.3,518.99,32.44,6.250602131062255
C0243,Nicolás López,Corporativo,Chile,Austral,Magallanes,Punta Arenas,ORD-2025-00825,2023-07-04,P0093,Archivadores Flex 3,Oficina,Archivadores,1,0.0,624.87,333.4,53.35509786035495
C0184,Fernanda Soto,Corporativo,Chile,Norte,Coquimbo,La Serena,ORD-2025-00826,2024-08-21,P0041,Sillas Eco 1,Muebles,Sillas,2,0.0,309.04,107.9,34.914574165156615
C0147,Valentina Pérez,Home Office,Chile,Austral,Magallanes,Punta Arenas,ORD-2025-00827,2025-01-20,P0102,Etiquetas Pro 2,Oficina,Etiquetas,7,0.0,3000.83,1090.18,36.32928223191584
C0147,Valentina Pérez,Home Office,Chile,Austral,Magallanes,Punta Arenas,ORD-2025-00827,2025-01-20,P0008,Accesorios Plus 8,Tecnología,Accesorios,1,0.1,356.94,84.73,23.737883117610803
C0147,Valentina Pérez,Home Office,Chile,Austral,Magallanes,Punta Arenas,ORD-2025-00827,2025-01-20,P0004,Accesorios Eco 4,Tecnología,Accesorios,4,0.3,78.74,-4.83,-6.134112268224537
C0147,Valentina Pérez,Home Office,Chile,Austral,Magallanes,Punta Arenas,ORD-2025-00827,2025-01-20,P0073,Almacenamiento Eco 3,Muebles,Almacenamiento,2,0.0,349.52,109.44,31.311512932021056
C0044,Diego Castillo,Consumidor,Chile,Austral,Magallanes,Punta Arenas,ORD-2025-00828,2024-03-23,P0107,Etiquetas Pro 7,Oficina,Etiquetas,4,0.15,263.33,84.57,32.11559639995443
C0044,Diego Castillo,Consumidor,Chile,Austral,Magallanes,Punta Arenas,ORD-2025-00828,2024-03-23,P0070,Libreros Eco 10,Muebles,Libreros,5,0.2,3066.76,780.82,25.460746846835097
C0259,Catalina Flores,Corporativo,Chile,Austral,Magallanes,Punta Arenas,ORD-2025-00829,2023-06-11,P0092,Archivadores Nova 2,Oficina,Archivadores,1,0.0,616.32,307.39,49.875064901349944
C0259,Catalina Flores,Corporativo,Chile,Austral,Magallanes,Punta Arenas,ORD-2025-00829,2023-06-11,P0026,Computadores Plus 6,Tecnología,Computadores,8,0.0,3818.72,793.52,20.779737713160433
C0169,Sebastián Díaz,Corporativo,Chile,Norte,Antofagasta,Antofagasta,ORD-2025-00830,2023-01-02,P0032,Periféricos Eco 2,Tecnología,Periféricos,5,0.2,2894.36,375.59,12.976616592269103
C0169,Sebastián Díaz,Corporativo,Chile,Norte,Antofagasta,Antofagasta,ORD-2025-00830,2023-01-02,P0079,Almacenamiento Nova 9,Muebles,Almacenamiento,1,0.0,48.87,12.97,26.539799467976266
C0169,Sebastián Díaz,Corporativo,Chile,Norte,Antofagasta,Antofagasta,ORD-2025-00830,2023-01-02,P0016,Teléfonos Pro 6,Tecnología,Teléfonos,5,0.0,3896.5,1983.0,50.89182599769023
C0169,Sebastián Díaz,Corporativo,Chile,Norte,Antofagasta,Antofagasta,ORD-2025-00830,2023-01-02,P0003,Accesorios Plus 3,Tecnología,Accesorios,2,0.2,1389.22,9.61,0.6917550855875958
C0121,Sebastián Muñoz,Consumidor,Chile,Austral,Aysén,Coyhaique,ORD-2025-00831,2023-05-23,P0050,Sillas Nova 10,Muebles,Sillas,1,0.15,205.39,78.44,38.19075904377039
C0281,Benjamín González,Home Office,Chile,Centro,Maule,Talca,ORD-2025-00832,2024-03-11,P0118,Sobres Nova 8,Oficina,Sobres,5,0.05,1102.24,274.96,24.945565394106545
C0050,Benjamín Soto,Consumidor,Chile,Sur,La Araucanía,Temuco,ORD-2025-00833,2025-01-10,P0041,Sillas Eco 1,Muebles,Sillas,2,0.15,262.68,57.94,22.057255976853966
C0257,Vicente Muñoz,Consumidor,Chile,Norte,Coquimbo,La Serena,ORD-2025-00834,2023-05-25,P0082,Papelería Eco 2,Oficina,Papelería,5,0.0,2954.3,1612.1,54.56791795010661
C0257,Vicente Muñoz,Consumidor,Chile,Norte,Coquimbo,La Serena,ORD-2025-00834,2023-05-25,P0042,Sillas Flex 2,Muebles,Sillas,4,0.1,2004.52,505.44,25.215014068205853
C0229,Jorge Pérez,Corporativo,Chile,Sur,La Araucanía,Temuco,ORD-2025-00835,2023-11-26,P0111,Sobres Flex 1,Oficina,Sobres,7,0.2,2883.22,803.13,27.855314544155497
C0229,Jorge Pérez,Corporativo,Chile,Sur,La Araucanía,Temuco,ORD-2025-00835,2023-11-26,P0013,Teléfonos Nova 3,Tecnología,Teléfonos,1,0.0,285.86,112.1,39.21500034982159
C0229,Jorge Pérez,Corporativo,Chile,Sur,La Araucanía,Temuco,ORD-2025-00835,2023-11-26,P0104,Etiquetas Nova 4,Oficina,Etiquetas,3,0.0,1815.6,638.1,35.145406477197625
C0071,Martina Sepúlveda,Consumidor,Chile,Norte,Coquimbo,La Serena,ORD-2025-00836,2024-10-30,P0115,Sobres Pro 5,Oficina,Sobres,7,0.0,923.09,319.48,34.60984302722378
C0071,Martina Sepúlveda,Consumidor,Chile,Norte,Coquimbo,La Serena,ORD-2025-00836,2024-10-30,P0065,Libreros Pro 5,Muebles,Libreros,2,0.3,600.31,199.17,33.177858106644905
C0070,Constanza Martínez,Home Office,Chile,Centro,Metropolitana,Santiago,ORD-2025-00837,2024-04-23,P0021,Computadores Plus 1,Tecnología,Computadores,4,0.15,2700.96,840.8,31.129672412771754
C0070,Constanza Martínez,Home Office,Chile,Centro,Metropolitana,Santiago,ORD-2025-00837,2024-04-23,P0002,Accesorios Smart 2,Tecnología,Accesorios,5,0.0,50.3,20.7,41.1530815109344
C0070,Constanza Martínez,Home Office,Chile,Centro,Metropolitana,Santiago,ORD-2025-00837,2024-04-23,P0099,Archivadores Eco 9,Oficina,Archivadores,3,0.15,26.95,12.7,47.124304267161406
C0215,Sofía Castillo,Corporativo,Chile,Norte,Coquimbo,La Serena,ORD-2025-00838,2023-03-13,P0015,Teléfonos Plus 5,Tecnología,Teléfonos,1,0.0,698.5,182.9,26.184681460272014
C0215,Sofía Castillo,Corporativo,Chile,Norte,Coquimbo,La Serena,ORD-2025-00838,2023-03-13,P0029,Computadores Eco 9,Tecnología,Computadores,1,0.1,253.01,54.35,21.481364372949688
C0215,Sofía Castillo,Corporativo,Chile,Norte,Coquimbo,La Serena,ORD-2025-00838,2023-03-13,P0007,Accesorios Nova 7,Tecnología,Accesorios,2,0.0,626.18,339.02,54.14098182631193
C0215,Sofía Castillo,Corporativo,Chile,Norte,Coquimbo,La Serena,ORD-2025-00838,2023-03-13,P0059,Mesas Smart 9,Muebles,Mesas,2,0.0,276.16,97.12,35.16801853997683
C0103,Fernanda Soto,Consumidor,Chile,Austral,Aysén,Coyhaique,ORD-2025-00839,2023-05-11,P0012,Teléfonos Flex 2,Tecnología,Teléfonos,3,0.0,1015.44,508.26,50.053178917513584
C0103,Fernanda Soto,Consumidor,Chile,Austral,Aysén,Coyhaique,ORD-2025-00839,2023-05-11,P0069,Libreros Smart 9,Muebles,Libreros,6,0.0,4007.16,1186.86,29.618482915581108
C0103,Fernanda Soto,Consumidor,Chile,Austral,Aysén,Coyhaique,ORD-2025-00839,2023-05-11,P0056,Mesas Flex 6,Muebles,Mesas,6,0.05,3435.1,752.19,21.897179121422962
C0160,Andrés Flores,Home Office,Chile,Sur,Los Ríos,Valdivia,ORD-2025-00840,2024-01-26,P0029,Computadores Eco 9,Tecnología,Computadores,5,0.2,1124.48,90.51,8.049053784860558
C0160,Andrés Flores,Home Office,Chile,Sur,Los Ríos,Valdivia,ORD-2025-00840,2024-01-26,P0014,Teléfonos Pro 4,Tecnología,Teléfonos,2,0.15,132.72,63.25,47.65672091621459
C0160,Andrés Flores,Home Office,Chile,Sur,Los Ríos,Valdivia,ORD-2025-00840,2024-01-26,P0064,Libreros Eco 4,Muebles,Libreros,4,0.1,541.84,82.63,15.249889266204045
C0160,Andrés Flores,Home Office,Chile,Sur,Los Ríos,Valdivia,ORD-2025-00840,2024-01-26,P0034,Periféricos Flex 4,Tecnología,Periféricos,4,0.15,1426.91,317.96,22.283115263050927
C0043,Carlos Pérez,Corporativo,Chile,Austral,Magallanes,Punta Arenas,ORD-2025-00841,2024-05-17,P0096,Archivadores Pro 6,Oficina,Archivadores,3,0.3,1483.63,251.3,16.938185396628537
C0202,Luis Muñoz,Corporativo,Chile,Sur,Los Ríos,Valdivia,ORD-2025-00842,2024-04-08,P0020,Teléfonos Flex 10,Tecnología,Teléfonos,3,0.1,1334.85,570.95,42.772596171854524
C0202,Luis Muñoz,Corporativo,Chile,Sur,Los Ríos,Valdivia,ORD-2025-00842,2024-04-08,P0114,Sobres Pro 4,Oficina,Sobres,7,0.3,265.09,59.93,22.607416349164435
C0202,Luis Muñoz,Corporativo,Chile,Sur,Los Ríos,Valdivia,ORD-2025-00842,2024-04-08,P0102,Etiquetas Pro 2,Oficina,Etiquetas,5,0.3,1500.41,144.13,9.606041015455775
C0202,Luis Muñoz,Corporativo,Chile,Sur,Los Ríos,Valdivia,ORD-2025-00842,2024-04-08,P0085,Papelería Smart 5,Oficina,Papelería,3,0.0,2232.03,609.06,27.28726764425209
C0008,Jorge Muñoz,Corporativo,Chile,Centro,Maule,Talca,ORD-2025-00843,2023-02-07,P0039,Periféricos Nova 9,Tecnología,Periféricos,3,0.0,711.33,144.6,20.32811775125469
C0008,Jorge Muñoz,Corporativo,Chile,Centro,Maule,Talca,ORD-2025-00843,2023-02-07,P0104,Etiquetas Nova 4,Oficina,Etiquetas,4,0.1,2178.72,651.94,29.923074098553283
C0008,Jorge Muñoz,Corporativo,Chile,Centro,Maule,Talca,ORD-2025-00843,2023-02-07,P0113,Sobres Smart 3,Oficina,Sobres,7,0.0,4263.07,1629.95,38.23418334674308
C0008,Jorge Muñoz,Corporativo,Chile,Centro,Maule,Talca,ORD-2025-00843,2023-02-07,P0012,Teléfonos Flex 2,Tecnología,Teléfonos,6,0.2,1624.7,554.54,34.131839724256785
C0084,Pedro Castillo,Home Office,Chile,Norte,Coquimbo,La Serena,ORD-2025-00844,2024-01-01,P0103,Etiquetas Nova 3,Oficina,Etiquetas,5,0.0,2693.0,974.85,36.19940586706276
C0084,Pedro Castillo,Home Office,Chile,Norte,Coquimbo,La Serena,ORD-2025-00844,2024-01-01,P0086,Papelería Flex 6,Oficina,Papelería,8,0.05,4910.59,1922.4,39.14804534689315
C0084,Pedro Castillo,Home Office,Chile,Norte,Coquimbo,La Serena,ORD-2025-00844,2024-01-01,P0068,Libreros Pro 8,Muebles,Libreros,3,0.3,1340.7,153.01,11.412694860893561
C0120,Fernanda Díaz,Corporativo,Chile,Centro,Valparaíso,Valparaíso,ORD-2025-00845,2023-11-11,P0068,Libreros Pro 8,Muebles,Libreros,5,0.2,2553.72,468.71,18.35400905345927
C0208,Fernanda Díaz,Home Office,Chile,Austral,Magallanes,Punta Arenas,ORD-2025-00846,2023-09-23,P0006,Accesorios Nova 6,Tecnología,Accesorios,3,0.0,2607.84,1041.42,39.9341984170808
C0160,Andrés Flores,Home Office,Chile,Sur,Los Ríos,Valdivia,ORD-2025-00847,2023-07-20,P0016,Teléfonos Pro 6,Tecnología,Teléfonos,7,0.0,5455.1,2776.2,50.89182599769023
C0003,Diego Castillo,Corporativo,Chile,Austral,Magallanes,Punta Arenas,ORD-2025-00848,2025-04-23,P0026,Computadores Plus 6,Tecnología,Computadores,3,0.0,1432.02,297.57,20.779737713160433
C0054,Catalina Araya,Corporativo,Chile,Sur,La Araucanía,Temuco,ORD-2025-00849,2024-08-31,P0104,Etiquetas Nova 4,Oficina,Etiquetas,5,0.0,3026.0,1063.5,35.145406477197625
C0153,Matías Martínez,Home Office,Chile,Centro,Metropolitana,Santiago,ORD-2025-00850,2024-05-01,P0076,Almacenamiento Eco 6,Muebles,Almacenamiento,8,0.2,734.34,273.47,37.24024293923796
C0199,Javiera Torres,Corporativo,Chile,Sur,Los Lagos,Puerto Montt,ORD-2025-00851,2023-06-09,P0013,Teléfonos Nova 3,Tecnología,Teléfonos,5,0.3,1000.51,76.57,7.653096920570508
C0199,Javiera Torres,Corporativo,Chile,Sur,Los Lagos,Puerto Montt,ORD-2025-00851,2023-06-09,P0112,Sobres Pro 2,Oficina,Sobres,6,0.0,2721.9,1364.64,50.13556706712223
C0199,Javiera Torres,Corporativo,Chile,Sur,Los Lagos,Puerto Montt,ORD-2025-00851,2023-06-09,P0027,Computadores Flex 7,Tecnología,Computadores,8,0.15,269.82,125.49,46.50878363353347
C0062,Nicolás Contreras,Home Office,Chile,Centro,Maule,Talca,ORD-2025-00852,2023-01-24,P0061,Libreros Plus 1,Muebles,Libreros,3,0.3,1838.26,415.89,22.624111931935634
C0117,Sebastián Torres,Consumidor,Chile,Centro,Metropolitana,Santiago,ORD-2025-00853,2024-04-24,P0100,Archivadores Smart 10,Oficina,Archivadores,8,0.0,420.96,114.48,27.194982896237175
C0197,Antonia Contreras,Corporativo,Chile,Centro,Metropolitana,Santiago,ORD-2025-00854,2023-09-15,P0108,Etiquetas Flex 8,Oficina,Etiquetas,4,0.0,1963.8,393.64,20.0448110805581
C0197,Antonia Contreras,Corporativo,Chile,Centro,Metropolitana,Santiago,ORD-2025-00854,2023-09-15,P0072,Almacenamiento Nova 2,Muebles,Almacenamiento,2,0.0,1377.96,521.76,37.86466951145171
C0197,Antonia Contreras,Corporativo,Chile,Centro,Metropolitana,Santiago,ORD-2025-00854,2023-09-15,P0071,Almacenamiento Flex 1,Muebles,Almacenamiento,1,0.15,755.24,62.59,8.287431809755839
C0257,Vicente Muñoz,Consumidor,Chile,Norte,Coquimbo,La Serena,ORD-2025-00855,2023-02-02,P0028,Computadores Pro 8,Tecnología,Computadores,7,0.0,3234.91,1549.17,47.88912210849761
C0257,Vicente Muñoz,Consumidor,Chile,Norte,Coquimbo,La Serena,ORD-2025-00855,2023-02-02,P0051,Mesas Smart 1,Muebles,Mesas,1,0.2,75.9,16.51,21.752305665349144
C0283,Josefa Díaz,Consumidor,Chile,Austral,Magallanes,Punta Arenas,ORD-2025-00856,2023-12-27,P0103,Etiquetas Nova 3,Oficina,Etiquetas,8,0.15,3662.48,1025.57,28.00206417509447
C0283,Josefa Díaz,Consumidor,Chile,Austral,Magallanes,Punta Arenas,ORD-2025-00856,2023-12-27,P0032,Periféricos Eco 2,Tecnología,Periféricos,6,0.0,4341.54,1302.84,30.008706587984907
C0283,Josefa Díaz,Consumidor,Chile,Austral,Magallanes,Punta Arenas,ORD-2025-00856,2023-12-27,P0095,Archivadores Plus 5,Oficina,Archivadores,2,0.2,843.6,241.67,28.647463252726407
C0283,Josefa Díaz,Consumidor,Chile,Austral,Magallanes,Punta Arenas,ORD-2025-00856,2023-12-27,P0050,Sillas Nova 10,Muebles,Sillas,2,0.0,483.26,223.58,46.264950544220504
C0112,Luis Soto,Corporativo,Chile,Sur,Los Ríos,Valdivia,ORD-2025-00857,2023-07-22,P0090,Papelería Plus 10,Oficina,Papelería,2,0.05,1442.84,465.84,32.28632419395082
C0112,Luis Soto,Corporativo,Chile,Sur,Los Ríos,Valdivia,ORD-2025-00857,2023-07-22,P0070,Libreros Eco 10,Muebles,Libreros,5,0.0,3833.45,1477.1,38.53187076915051
C0155,Constanza Hernández,Home Office,Chile,Sur,Biobío,Concepción,ORD-2025-00858,2023-04-20,P0006,Accesorios Nova 6,Tecnología,Accesorios,3,0.0,2607.84,1041.42,39.9341984170808
C0155,Constanza Hernández,Home Office,Chile,Sur,Biobío,Concepción,ORD-2025-00858,2023-04-20,P0049,Sillas Smart 9,Muebles,Sillas,8,0.15,1966.02,233.83,11.893571784620706
C0149,Sebastián Soto,Consumidor,Chile,Centro,Maule,Talca,ORD-2025-00859,2024-02-18,P0071,Almacenamiento Flex 1,Muebles,Almacenamiento,2,0.0,1777.04,422.06,23.750731553594743
C0149,Sebastián Soto,Consumidor,Chile,Centro,Maule,Talca,ORD-2025-00859,2024-02-18,P0105,Etiquetas Pro 5,Oficina,Etiquetas,2,0.1,467.06,212.29,45.45240440200402
C0149,Sebastián Soto,Consumidor,Chile,Centro,Maule,Talca,ORD-2025-00859,2024-02-18,P0034,Periféricos Flex 4,Tecnología,Periféricos,3,0.3,881.33,53.18,6.0340621560595915
C0063,Antonia Castillo,Corporativo,Chile,Sur,Los Lagos,Puerto Montt,ORD-2025-00860,2023-11-24,P0116,Sobres Flex 6,Oficina,Sobres,8,0.3,4335.46,581.77,13.418875967025413
C0069,Constanza Flores,Corporativo,Chile,Norte,Antofagasta,Antofagasta,ORD-2025-00861,2023-08-28,P0020,Teléfonos Flex 10,Tecnología,Teléfonos,7,0.0,3460.73,1745.24,50.42982260968062
C0069,Constanza Flores,Corporativo,Chile,Norte,Antofagasta,Antofagasta,ORD-2025-00861,2023-08-28,P0021,Computadores Plus 1,Tecnología,Computadores,4,0.2,2542.08,898.75,35.354906218529706
C0069,Constanza Flores,Corporativo,Chile,Norte,Antofagasta,Antofagasta,ORD-2025-00861,2023-08-28,P0101,Etiquetas Eco 1,Oficina,Etiquetas,5,0.2,2314.84,326.68,14.112422456843667
C0144,Jorge López,Home Office,Chile,Sur,Biobío,Concepción,ORD-2025-00862,2024-03-08,P0014,Teléfonos Pro 4,Tecnología,Teléfonos,1,0.3,54.65,21.46,39.26806953339433
C0144,Jorge López,Home Office,Chile,Sur,Biobío,Concepción,ORD-2025-00862,2024-03-08,P0016,Teléfonos Pro 6,Tecnología,Teléfonos,6,0.2,3740.64,1330.16,35.55969032037299
C0144,Jorge López,Home Office,Chile,Sur,Biobío,Concepción,ORD-2025-00862,2024-03-08,P0069,Libreros Smart 9,Muebles,Libreros,4,0.3,1870.01,-62.95,-3.366292158865461
C0144,Jorge López,Home Office,Chile,Sur,Biobío,Concepción,ORD-2025-00862,2024-03-08,P0028,Computadores Pro 8,Tecnología,Computadores,2,0.3,646.98,185.52,28.674765835110822
C0272,Tomás González,Consumidor,Chile,Centro,Metropolitana,Santiago,ORD-2025-00863,2023-01-17,P0065,Libreros Pro 5,Muebles,Libreros,6,0.3,1800.92,471.04,26.155520511738445
C0272,Tomás González,Consumidor,Chile,Centro,Metropolitana,Santiago,ORD-2025-00863,2023-01-17,P0007,Accesorios Nova 7,Tecnología,Accesorios,3,0.0,939.27,508.53,54.140981826311915
C0272,Tomás González,Consumidor,Chile,Centro,Metropolitana,Santiago,ORD-2025-00863,2023-01-17,P0088,Papelería Eco 8,Oficina,Papelería,7,0.0,4870.88,1910.93,39.231719935617384
C0285,Camila Flores,Corporativo,Chile,Sur,La Araucanía,Temuco,ORD-2025-00864,2024-06-12,P0002,Accesorios Smart 2,Tecnología,Accesorios,8,0.2,64.38,15.84,24.60391425908667
C0285,Camila Flores,Corporativo,Chile,Sur,La Araucanía,Temuco,ORD-2025-00864,2024-06-12,P0062,Libreros Plus 2,Muebles,Libreros,2,0.05,884.79,405.6,45.841386091614964
C0281,Benjamín González,Home Office,Chile,Centro,Maule,Talca,ORD-2025-00865,2024-02-15,P0093,Archivadores Flex 3,Oficina,Archivadores,8,0.0,4998.96,2667.2,53.35509786035495
C0281,Benjamín González,Home Office,Chile,Centro,Maule,Talca,ORD-2025-00865,2024-02-15,P0103,Etiquetas Nova 3,Oficina,Etiquetas,5,0.2,2154.4,416.58,19.336242109171923
C0281,Benjamín González,Home Office,Chile,Centro,Maule,Talca,ORD-2025-00865,2024-02-15,P0023,Computadores Pro 3,Tecnología,Computadores,1,0.15,674.36,265.94,39.43590960317931
C0281,Benjamín González,Home Office,Chile,Centro,Maule,Talca,ORD-2025-00865,2024-02-15,P0034,Periféricos Flex 4,Tecnología,Periféricos,1,0.15,356.73,73.7,20.65988282454517
C0243,Nicolás López,Corporativo,Chile,Austral,Magallanes,Punta Arenas,ORD-2025-00866,2023-07-24,P0055,Mesas Plus 5,Muebles,Mesas,5,0.0,2895.55,1199.8,41.43599661549619
C0243,Nicolás López,Corporativo,Chile,Austral,Magallanes,Punta Arenas,ORD-2025-00866,2023-07-24,P0053,Mesas Eco 3,Muebles,Mesas,8,0.0,2965.68,1056.0,35.6073480618273
C0243,Nicolás López,Corporativo,Chile,Austral,Magallanes,Punta Arenas,ORD-2025-00866,2023-07-24,P0064,Libreros Eco 4,Muebles,Libreros,6,0.15,767.6,91.79,11.958051068264721
C0243,Nicolás López,Corporativo,Chile,Austral,Magallanes,Punta Arenas,ORD-2025-00866,2023-07-24,P0109,Etiquetas Smart 9,Oficina,Etiquetas,2,0.0,1527.58,408.94,26.770447374278273
C0076,Isidora Silva,Corporativo,Chile,Norte,Antofagasta,Antofagasta,ORD-2025-00867,2023-07-05,P0024,Computadores Nova 4,Tecnología,Computadores,1,0.0,807.35,404.48,50.09970892425838
C0076,Isidora Silva,Corporativo,Chile,Norte,Antofagasta,Antofagasta,ORD-2025-00867,2023-07-05,P0062,Libreros Plus 2,Muebles,Libreros,2,0.0,931.36,460.42,49.4352344957911
C0190,Ana Torres,Home Office,Chile,Sur,Los Lagos,Puerto Montt,ORD-2025-00868,2024-10-28,P0008,Accesorios Plus 8,Tecnología,Accesorios,5,0.0,1983.0,607.05,30.61270801815431
C0190,Ana Torres,Home Office,Chile,Sur,Los Lagos,Puerto Montt,ORD-2025-00868,2024-10-28,P0015,Teléfonos Plus 5,Tecnología,Teléfonos,5,0.1,3143.25,518.15,16.48453034279806
C0296,Catalina Muñoz,Consumidor,Chile,Sur,Biobío,Concepción,ORD-2025-00869,2024-07-20,P0027,Computadores Flex 7,Tecnología,Computadores,3,0.0,119.04,62.94,52.87298387096774
C0212,Andrés González,Corporativo,Chile,Sur,La Araucanía,Temuco,ORD-2025-00870,2024-08-05,P0035,Periféricos Nova 5,Tecnología,Periféricos,8,0.0,6117.68,1807.6,29.547148592276805
C0212,Andrés González,Corporativo,Chile,Sur,La Araucanía,Temuco,ORD-2025-00870,2024-08-05,P0112,Sobres Pro 2,Oficina,Sobres,2,0.3,635.11,186.55,29.37286454315001
C0212,Andrés González,Corporativo,Chile,Sur,La Araucanía,Temuco,ORD-2025-00870,2024-08-05,P0118,Sobres Nova 8,Oficina,Sobres,4,0.0,928.2,261.72,28.19650937297996
C0212,Andrés González,Corporativo,Chile,Sur,La Araucanía,Temuco,ORD-2025-00870,2024-08-05,P0058,Mesas Nova 8,Muebles,Mesas,1,0.15,199.81,16.48,8.247835443671487
C0150,Constanza Soto,Corporativo,Chile,Sur,La Araucanía,Temuco,ORD-2025-00871,2024-08-20,P0049,Sillas Smart 9,Muebles,Sillas,4,0.0,1156.48,308.68,26.691339236303264
C0150,Constanza Soto,Corporativo,Chile,Sur,La Araucanía,Temuco,ORD-2025-00871,2024-08-20,P0021,Computadores Plus 1,Tecnología,Computadores,5,0.3,2780.4,605.17,21.765573298805926
C0150,Constanza Soto,Corporativo,Chile,Sur,La Araucanía,Temuco,ORD-2025-00871,2024-08-20,P0118,Sobres Nova 8,Oficina,Sobres,1,0.05,220.45,51.7,23.452029938761626
C0204,Ignacio Torres,Home Office,Chile,Sur,Biobío,Concepción,ORD-2025-00872,2025-02-13,P0095,Archivadores Plus 5,Oficina,Archivadores,4,0.0,2109.0,971.72,46.07491702228545
C0204,Ignacio Torres,Home Office,Chile,Sur,Biobío,Concepción,ORD-2025-00872,2025-02-13,P0098,Archivadores Nova 8,Oficina,Archivadores,8,0.0,1871.28,555.04,29.660980719079987
C0082,María Muñoz,Consumidor,Chile,Centro,Maule,Talca,ORD-2025-00873,2024-08-09,P0008,Accesorios Plus 8,Tecnología,Accesorios,3,0.2,951.84,105.47,11.080643805681627
C0082,María Muñoz,Consumidor,Chile,Centro,Maule,Talca,ORD-2025-00873,2024-08-09,P0051,Mesas Smart 1,Muebles,Mesas,6,0.0,569.28,217.56,38.21669477234402
C0082,María Muñoz,Consumidor,Chile,Centro,Maule,Talca,ORD-2025-00873,2024-08-09,P0071,Almacenamiento Flex 1,Muebles,Almacenamiento,5,0.15,3776.21,261.55,6.926256749492215
C0082,María Muñoz,Consumidor,Chile,Centro,Maule,Talca,ORD-2025-00873,2024-08-09,P0034,Periféricos Flex 4,Tecnología,Periféricos,6,0.0,2518.08,863.46,34.29041174227984
C0259,Catalina Flores,Corporativo,Chile,Austral,Magallanes,Punta Arenas,ORD-2025-00874,2024-07-13,P0109,Etiquetas Smart 9,Oficina,Etiquetas,1,0.0,763.79,204.47,26.770447374278273
C0259,Catalina Flores,Corporativo,Chile,Austral,Magallanes,Punta Arenas,ORD-2025-00874,2024-07-13,P0086,Papelería Flex 6,Oficina,Papelería,2,0.0,1292.26,546.42,42.28406048318449
C0259,Catalina Flores,Corporativo,Chile,Austral,Magallanes,Punta Arenas,ORD-2025-00874,2024-07-13,P0024,Computadores Nova 4,Tecnología,Computadores,2,0.15,1372.49,539.95,39.340905944669906
C0259,Catalina Flores,Corporativo,Chile,Austral,Magallanes,Punta Arenas,ORD-2025-00874,2024-07-13,P0113,Sobres Smart 3,Oficina,Sobres,4,0.0,2436.04,931.4,38.23418334674307
C0300,Camila Díaz,Corporativo,Chile,Sur,Los Lagos,Puerto Montt,ORD-2025-00875,2023-08-19,P0023,Computadores Pro 3,Tecnología,Computadores,1,0.0,793.37,398.28,50.20104112835121
C0300,Camila Díaz,Corporativo,Chile,Sur,Los Lagos,Puerto Montt,ORD-2025-00875,2023-08-19,P0006,Accesorios Nova 6,Tecnología,Accesorios,3,0.15,2216.66,586.74,26.469553291889603
C0177,Javiera Fuentes,Home Office,Chile,Centro,O'Higgins,Rancagua,ORD-2025-00876,2023-03-02,P0102,Etiquetas Pro 2,Oficina,Etiquetas,1,0.05,407.26,131.26,32.23002504542553
C0177,Javiera Fuentes,Home Office,Chile,Centro,O'Higgins,Rancagua,ORD-2025-00876,2023-03-02,P0089,Papelería Plus 9,Oficina,Papelería,4,0.05,1334.26,399.85,29.967922294005668
C0177,Javiera Fuentes,Home Office,Chile,Centro,O'Higgins,Rancagua,ORD-2025-00876,2023-03-02,P0025,Computadores Plus 5,Tecnología,Computadores,3,0.1,2062.02,470.98,22.840709595445244
C0084,Pedro Castillo,Home Office,Chile,Norte,Coquimbo,La Serena,ORD-2025-00877,2024-08-29,P0107,Etiquetas Pro 7,Oficina,Etiquetas,5,0.1,348.53,142.57,40.90609129773621
C0084,Pedro Castillo,Home Office,Chile,Norte,Coquimbo,La Serena,ORD-2025-00877,2024-08-29,P0057,Mesas Smart 7,Muebles,Mesas,6,0.2,2475.89,569.65,23.007888072571884
C0029,Fernanda Díaz,Consumidor,Chile,Austral,Aysén,Coyhaique,ORD-2025-00878,2023-05-01,P0040,Periféricos Eco 10,Tecnología,Periféricos,6,0.1,4006.85,1483.91,37.034328712080566
C0029,Fernanda Díaz,Consumidor,Chile,Austral,Aysén,Coyhaique,ORD-2025-00878,2023-05-01,P0050,Sillas Nova 10,Muebles,Sillas,3,0.1,652.4,258.8,39.66891477621092
C0029,Fernanda Díaz,Consumidor,Chile,Austral,Aysén,Coyhaique,ORD-2025-00878,2023-05-01,P0116,Sobres Flex 6,Oficina,Sobres,8,0.15,5264.49,1338.71,25.42905390645628
C0029,Fernanda Díaz,Consumidor,Chile,Austral,Aysén,Coyhaique,ORD-2025-00878,2023-05-01,P0076,Almacenamiento Eco 6,Muebles,Almacenamiento,3,0.0,344.22,158.88,46.156527801987096
C0118,Nicolás Díaz,Consumidor,Chile,Austral,Magallanes,Punta Arenas,ORD-2025-00879,2023-04-13,P0061,Libreros Plus 1,Muebles,Libreros,6,0.0,5252.16,2469.66,47.02179674648145
C0118,Nicolás Díaz,Consumidor,Chile,Austral,Magallanes,Punta Arenas,ORD-2025-00879,2023-04-13,P0033,Periféricos Nova 3,Tecnología,Periféricos,7,0.0,6183.45,1336.09,21.607516839304918
C0118,Nicolás Díaz,Consumidor,Chile,Austral,Magallanes,Punta Arenas,ORD-2025-00879,2023-04-13,P0090,Papelería Plus 10,Oficina,Papelería,1,0.2,607.51,143.25,23.57985876775691
C0014,Isidora Flores,Corporativo,Chile,Norte,Antofagasta,Antofagasta,ORD-2025-00880,2023-01-05,P0035,Periféricos Nova 5,Tecnología,Periféricos,1,0.05,726.47,192.82,26.542045783033018
C0014,Isidora Flores,Corporativo,Chile,Norte,Antofagasta,Antofagasta,ORD-2025-00880,2023-01-05,P0009,Accesorios Flex 9,Tecnología,Accesorios,6,0.05,4917.85,2130.95,43.330927132791764
C0006,Vicente Rojas,Home Office,Chile,Norte,Tarapacá,Iquique,ORD-2025-00881,2023-11-22,P0086,Papelería Flex 6,Oficina,Papelería,1,0.3,452.29,80.53,17.804948152733864
C0006,Vicente Rojas,Home Office,Chile,Norte,Tarapacá,Iquique,ORD-2025-00881,2023-11-22,P0082,Papelería Eco 2,Oficina,Papelería,3,0.1,1595.32,792.4,49.67028558533711
C0192,Luis Fuentes,Consumidor,Chile,Norte,Tarapacá,Iquique,ORD-2025-00882,2024-12-10,P0091,Archivadores Flex 1,Oficina,Archivadores,5,0.15,2189.98,398.0,18.173681951433345
C0192,Luis Fuentes,Consumidor,Chile,Norte,Tarapacá,Iquique,ORD-2025-00882,2024-12-10,P0076,Almacenamiento Eco 6,Muebles,Almacenamiento,3,0.0,344.22,158.88,46.156527801987096
C0253,Jorge Torres,Consumidor,Chile,Centro,Maule,Talca,ORD-2025-00883,2023-02-12,P0097,Archivadores Smart 7,Oficina,Archivadores,3,0.2,640.9,23.26,3.6292713371820886
C0253,Jorge Torres,Consumidor,Chile,Centro,Maule,Talca,ORD-2025-00883,2023-02-12,P0112,Sobres Pro 2,Oficina,Sobres,1,0.0,453.65,227.44,50.13556706712223
C0222,Isidora Rodríguez,Consumidor,Chile,Centro,Metropolitana,Santiago,ORD-2025-00884,2023-10-09,P0107,Etiquetas Pro 7,Oficina,Etiquetas,3,0.15,197.5,67.34,34.09620253164557
C0222,Isidora Rodríguez,Consumidor,Chile,Centro,Metropolitana,Santiago,ORD-2025-00884,2023-10-09,P0018,Teléfonos Flex 8,Tecnología,Teléfonos,7,0.0,4803.96,1505.14,31.3312350644052
C0204,Ignacio Torres,Home Office,Chile,Sur,Biobío,Concepción,ORD-2025-00885,2024-05-08,P0111,Sobres Flex 1,Oficina,Sobres,6,0.15,2625.79,906.24,34.51304178932816
C0204,Ignacio Torres,Home Office,Chile,Sur,Biobío,Concepción,ORD-2025-00885,2024-05-08,P0022,Computadores Pro 2,Tecnología,Computadores,3,0.0,1293.66,651.42,50.35480729094197
C0005,Daniela Rodríguez,Consumidor,Chile,Austral,Magallanes,Punta Arenas,ORD-2025-00886,2025-02-12,P0058,Mesas Nova 8,Muebles,Mesas,3,0.2,564.17,39.57,7.01384334509102
C0005,Daniela Rodríguez,Consumidor,Chile,Austral,Magallanes,Punta Arenas,ORD-2025-00886,2025-02-12,P0113,Sobres Smart 3,Oficina,Sobres,3,0.0,1827.03,698.55,38.23418334674307
C0005,Daniela Rodríguez,Consumidor,Chile,Austral,Magallanes,Punta Arenas,ORD-2025-00886,2025-02-12,P0102,Etiquetas Pro 2,Oficina,Etiquetas,3,0.05,1221.77,392.06,32.089509482144756
C0148,Josefa Rodríguez,Home Office,Chile,Norte,Antofagasta,Antofagasta,ORD-2025-00887,2024-08-06,P0107,Etiquetas Pro 7,Oficina,Etiquetas,8,0.0,619.6,279.92,45.177533892834084
C0148,Josefa Rodríguez,Home Office,Chile,Norte,Antofagasta,Antofagasta,ORD-2025-00887,2024-08-06,P0001,Accesorios Flex 1,Tecnología,Accesorios,5,0.15,1894.82,798.45,42.13856725177062
C0298,Ana Sepúlveda,Home Office,Chile,Centro,Maule,Talca,ORD-2025-00888,2024-01-05,P0003,Accesorios Plus 3,Tecnología,Accesorios,4,0.0,3473.04,732.64,21.095063690599588
C0295,Catalina Torres,Corporativo,Chile,Austral,Magallanes,Punta Arenas,ORD-2025-00889,2023-08-13,P0039,Periféricos Nova 9,Tecnología,Periféricos,8,0.0,1896.88,385.6,20.328117751254695
C0295,Catalina Torres,Corporativo,Chile,Austral,Magallanes,Punta Arenas,ORD-2025-00889,2023-08-13,P0049,Sillas Smart 9,Muebles,Sillas,1,0.0,289.12,77.17,26.691339236303264
C0271,Andrés Muñoz,Consumidor,Chile,Centro,O'Higgins,Rancagua,ORD-2025-00890,2023-05-28,P0015,Teléfonos Plus 5,Tecnología,Teléfonos,7,0.0,4889.5,1280.3,26.184681460272007
C0271,Andrés Muñoz,Consumidor,Chile,Centro,O'Higgins,Rancagua,ORD-2025-00890,2023-05-28,P0112,Sobres Pro 2,Oficina,Sobres,3,0.2,1088.76,433.93,39.85543186744553
C0271,Andrés Muñoz,Consumidor,Chile,Centro,O'Higgins,Rancagua,ORD-2025-00890,2023-05-28,P0002,Accesorios Smart 2,Tecnología,Accesorios,1,0.15,8.55,2.8,32.7485380116959
C0271,Andrés Muñoz,Consumidor,Chile,Centro,O'Higgins,Rancagua,ORD-2025-00890,2023-05-28,P0026,Computadores Plus 6,Tecnología,Computadores,5,0.2,1909.36,96.87,5.073427745422551
C0076,Isidora Silva,Corporativo,Chile,Norte,Antofagasta,Antofagasta,ORD-2025-00891,2023-08-17,P0037,Periféricos Nova 7,Tecnología,Periféricos,2,0.2,462.37,156.53,33.853839998269784
C0076,Isidora Silva,Corporativo,Chile,Norte,Antofagasta,Antofagasta,ORD-2025-00891,2023-08-17,P0092,Archivadores Nova 2,Oficina,Archivadores,2,0.2,986.11,383.15,38.85469166725821
C0076,Isidora Silva,Corporativo,Chile,Norte,Antofagasta,Antofagasta,ORD-2025-00891,2023-08-17,P0015,Teléfonos Plus 5,Tecnología,Teléfonos,4,0.3,1955.8,1.13,0.05777686880049085
C0199,Javiera Torres,Corporativo,Chile,Sur,Los Lagos,Puerto Montt,ORD-2025-00892,2024-06-19,P0102,Etiquetas Pro 2,Oficina,Etiquetas,5,0.1,1929.1,591.79,30.676999637136486
C0199,Javiera Torres,Corporativo,Chile,Sur,Los Lagos,Puerto Montt,ORD-2025-00892,2024-06-19,P0105,Etiquetas Pro 5,Oficina,Etiquetas,5,0.2,1037.92,390.31,37.60501772776322
C0168,Gabriel Araya,Corporativo,Chile,Centro,O'Higgins,Rancagua,ORD-2025-00893,2023-12-15,P0080,Almacenamiento Plus 10,Muebles,Almacenamiento,4,0.0,3164.44,1637.48,51.74628054252886
C0168,Gabriel Araya,Corporativo,Chile,Centro,O'Higgins,Rancagua,ORD-2025-00893,2023-12-15,P0006,Accesorios Nova 6,Tecnología,Accesorios,3,0.1,2347.06,774.34,32.99191328726151
C0168,Gabriel Araya,Corporativo,Chile,Centro,O'Higgins,Rancagua,ORD-2025-00893,2023-12-15,P0040,Periféricos Eco 10,Tecnología,Periféricos,5,0.1,3339.05,1248.8,37.399859241400996
C0168,Gabriel Araya,Corporativo,Chile,Centro,O'Higgins,Rancagua,ORD-2025-00893,2023-12-15,P0022,Computadores Pro 2,Tecnología,Computadores,4,0.1,1552.39,706.74,45.52593098383782
C0101,Ana Flores,Consumidor,Chile,Norte,Tarapacá,Iquique,ORD-2025-00894,2024-05-28,P0112,Sobres Pro 2,Oficina,Sobres,5,0.15,1928.01,763.57,39.60404769684805
C0101,Ana Flores,Consumidor,Chile,Norte,Tarapacá,Iquique,ORD-2025-00894,2024-05-28,P0108,Etiquetas Flex 8,Oficina,Etiquetas,3,0.2,1178.28,-6.34,-0.5380724445802356
C0101,Ana Flores,Consumidor,Chile,Norte,Tarapacá,Iquique,ORD-2025-00894,2024-05-28,P0036,Periféricos Nova 6,Tecnología,Periféricos,8,0.0,7017.6,3651.12,52.02804377564979
C0137,Javiera Díaz,Corporativo,Chile,Sur,Los Ríos,Valdivia,ORD-2025-00895,2023-03-06,P0081,Papelería Smart 1,Oficina,Papelería,6,0.3,3445.93,256.16,7.433697144167178
C0137,Javiera Díaz,Corporativo,Chile,Sur,Los Ríos,Valdivia,ORD-2025-00895,2023-03-06,P0023,Computadores Pro 3,Tecnología,Computadores,2,0.2,1269.39,450.51,35.4902748564271
C0137,Javiera Díaz,Corporativo,Chile,Sur,Los Ríos,Valdivia,ORD-2025-00895,2023-03-06,P0042,Sillas Flex 2,Muebles,Sillas,1,0.0,556.81,180.1,32.34496506887448
C0245,Paula Espinoza,Consumidor,Chile,Centro,Maule,Talca,ORD-2025-00896,2024-06-30,P0095,Archivadores Plus 5,Oficina,Archivadores,2,0.1,949.05,392.13,41.31816026552869
C0245,Paula Espinoza,Consumidor,Chile,Centro,Maule,Talca,ORD-2025-00896,2024-06-30,P0036,Periféricos Nova 6,Tecnología,Periféricos,4,0.3,2456.16,961.88,39.16194384730637
C0245,Paula Espinoza,Consumidor,Chile,Centro,Maule,Talca,ORD-2025-00896,2024-06-30,P0011,Teléfonos Plus 1,Tecnología,Teléfonos,8,0.15,3751.76,758.49,20.216911529522143
C0245,Paula Espinoza,Consumidor,Chile,Centro,Maule,Talca,ORD-2025-00896,2024-06-30,P0115,Sobres Pro 5,Oficina,Sobres,7,0.3,646.16,83.39,12.905472328834962
C0120,Fernanda Díaz,Corporativo,Chile,Centro,Valparaíso,Valparaíso,ORD-2025-00897,2024-02-18,P0113,Sobres Smart 3,Oficina,Sobres,2,0.15,1035.32,259.87,25.10045203415369
C0120,Fernanda Díaz,Corporativo,Chile,Centro,Valparaíso,Valparaíso,ORD-2025-00897,2024-02-18,P0008,Accesorios Plus 8,Tecnología,Accesorios,3,0.3,832.86,10.81,1.2979372283457005
C0120,Fernanda Díaz,Corporativo,Chile,Centro,Valparaíso,Valparaíso,ORD-2025-00897,2024-02-18,P0074,Almacenamiento Smart 4,Muebles,Almacenamiento,2,0.0,825.02,303.52,36.78941116578992
C0172,Catalina Flores,Home Office,Chile,Austral,Magallanes,Punta Arenas,ORD-2025-00898,2023-02-11,P0031,Periféricos Smart 1,Tecnología,Periféricos,6,0.2,1116.38,409.91,36.71778426700586
C0172,Catalina Flores,Home Office,Chile,Austral,Magallanes,Punta Arenas,ORD-2025-00898,2023-02-11,P0005,Accesorios Flex 5,Tecnología,Accesorios,6,0.0,5350.02,2045.16,38.22714681440443
C0172,Catalina Flores,Home Office,Chile,Austral,Magallanes,Punta Arenas,ORD-2025-00898,2023-02-11,P0057,Mesas Smart 7,Muebles,Mesas,5,0.2,2063.24,417.13,20.217231151005215
C0109,Martina Castillo,Corporativo,Chile,Norte,Coquimbo,La Serena,ORD-2025-00899,2023-01-28,P0061,Libreros Plus 1,Muebles,Libreros,2,0.0,1750.72,823.22,47.02179674648145
C0109,Martina Castillo,Corporativo,Chile,Norte,Coquimbo,La Serena,ORD-2025-00899,2023-01-28,P0054,Mesas Eco 4,Muebles,Mesas,7,0.3,404.35,-50.67,-12.531222950414245
C0109,Martina Castillo,Corporativo,Chile,Norte,Coquimbo,La Serena,ORD-2025-00899,2023-01-28,P0100,Archivadores Smart 10,Oficina,Archivadores,2,0.0,105.24,28.62,27.194982896237175
C0109,Martina Castillo,Corporativo,Chile,Norte,Coquimbo,La Serena,ORD-2025-00899,2023-01-28,P0066,Libreros Smart 6,Muebles,Libreros,7,0.15,2141.11,959.98,44.83562264432934
C0024,Catalina Muñoz,Consumidor,Chile,Norte,Coquimbo,La Serena,ORD-2025-00900,2024-02-01,P0090,Papelería Plus 10,Oficina,Papelería,8,0.2,4860.1,1192.84,24.54352791094833
C0024,Catalina Muñoz,Consumidor,Chile,Norte,Coquimbo,La Serena,ORD-2025-00900,2024-02-01,P0103,Etiquetas Nova 3,Oficina,Etiquetas,6,0.0,3231.6,1169.82,36.19940586706276
C0293,Isidora Araya,Consumidor,Chile,Centro,O'Higgins,Rancagua,ORD-2025-00901,2023-05-22,P0098,Archivadores Nova 8,Oficina,Archivadores,2,0.2,374.26,38.35,10.246887190723028
C0293,Isidora Araya,Consumidor,Chile,Centro,O'Higgins,Rancagua,ORD-2025-00901,2023-05-22,P0004,Accesorios Eco 4,Tecnología,Accesorios,7,0.2,157.47,23.43,14.879024576109734
C0293,Isidora Araya,Consumidor,Chile,Centro,O'Higgins,Rancagua,ORD-2025-00901,2023-05-22,P0009,Accesorios Flex 9,Tecnología,Accesorios,7,0.0,6039.46,2831.57,46.88448967291778
C0293,Isidora Araya,Consumidor,Chile,Centro,O'Higgins,Rancagua,ORD-2025-00901,2023-05-22,P0061,Libreros Plus 1,Muebles,Libreros,4,0.0,3501.44,1646.44,47.02179674648145
C0291,Felipe Contreras,Consumidor,Chile,Sur,Los Lagos,Puerto Montt,ORD-2025-00902,2025-04-15,P0114,Sobres Pro 4,Oficina,Sobres,4,0.05,205.58,88.78,43.18513474073353
C0291,Felipe Contreras,Consumidor,Chile,Sur,Los Lagos,Puerto Montt,ORD-2025-00902,2025-04-15,P0095,Archivadores Plus 5,Oficina,Archivadores,1,0.2,421.8,123.88,29.36936936936937
C0291,Felipe Contreras,Consumidor,Chile,Sur,Los Lagos,Puerto Montt,ORD-2025-00902,2025-04-15,P0079,Almacenamiento Nova 9,Muebles,Almacenamiento,5,0.0,244.35,64.85,26.53979946797626
C0081,Felipe González,Home Office,Chile,Centro,Maule,Talca,ORD-2025-00903,2023-01-31,P0042,Sillas Flex 2,Muebles,Sillas,5,0.0,2784.05,900.5,32.34496506887448
C0081,Felipe González,Home Office,Chile,Centro,Maule,Talca,ORD-2025-00903,2023-01-31,P0100,Archivadores Smart 10,Oficina,Archivadores,7,0.3,257.84,10.58,4.103319888302824
C0092,Benjamín Morales,Consumidor,Chile,Centro,Metropolitana,Santiago,ORD-2025-00904,2023-03-07,P0035,Periféricos Nova 5,Tecnología,Periféricos,4,0.1,2752.96,578.5,21.01374520516099
C0092,Benjamín Morales,Consumidor,Chile,Centro,Metropolitana,Santiago,ORD-2025-00904,2023-03-07,P0104,Etiquetas Nova 4,Oficina,Etiquetas,1,0.0,605.2,212.7,35.14540647719762
C0239,Martina Torres,Corporativo,Chile,Norte,Tarapacá,Iquique,ORD-2025-00905,2025-01-12,P0083,Papelería Pro 3,Oficina,Papelería,5,0.05,251.23,71.74,28.55550690602237
C0239,Martina Torres,Corporativo,Chile,Norte,Tarapacá,Iquique,ORD-2025-00905,2025-01-12,P0114,Sobres Pro 4,Oficina,Sobres,1,0.0,54.1,24.86,45.95194085027726
C0239,Martina Torres,Corporativo,Chile,Norte,Tarapacá,Iquique,ORD-2025-00905,2025-01-12,P0113,Sobres Smart 3,Oficina,Sobres,3,0.0,1827.03,698.55,38.23418334674307
C0239,Martina Torres,Corporativo,Chile,Norte,Tarapacá,Iquique,ORD-2025-00905,2025-01-12,P0058,Mesas Nova 8,Muebles,Mesas,1,0.0,235.07,54.35,23.120772535840388
C0212,Andrés González,Corporativo,Chile,Sur,La Araucanía,Temuco,ORD-2025-00906,2024-10-07,P0059,Mesas Smart 9,Muebles,Mesas,3,0.2,331.39,74.42,22.456923866139594
C0213,Camila Silva,Consumidor,Chile,Norte,Antofagasta,Antofagasta,ORD-2025-00907,2024-07-17,P0097,Archivadores Smart 7,Oficina,Archivadores,1,0.0,267.04,58.05,21.738316357100057
C0213,Camila Silva,Consumidor,Chile,Norte,Antofagasta,Antofagasta,ORD-2025-00907,2024-07-17,P0073,Almacenamiento Eco 3,Muebles,Almacenamiento,3,0.3,367.0,-1.39,-0.3787465940054495
C0213,Camila Silva,Consumidor,Chile,Norte,Antofagasta,Antofagasta,ORD-2025-00907,2024-07-17,P0010,Accesorios Nova 10,Tecnología,Accesorios,7,0.0,4746.56,1267.07,26.694490325625292
C0198,Valentina Contreras,Consumidor,Chile,Centro,Metropolitana,Santiago,ORD-2025-00908,2023-04-23,P0068,Libreros Pro 8,Muebles,Libreros,3,0.0,1915.29,669.93,34.977992888805346
C0234,Fernanda Soto,Home Office,Chile,Norte,Antofagasta,Antofagasta,ORD-2025-00909,2023-02-28,P0036,Periféricos Nova 6,Tecnología,Periféricos,5,0.05,4166.7,2077.91,49.86944104447164
C0234,Fernanda Soto,Home Office,Chile,Norte,Antofagasta,Antofagasta,ORD-2025-00909,2023-02-28,P0081,Papelería Smart 1,Oficina,Papelería,3,0.1,2215.24,708.15,31.967190913851322
C0234,Fernanda Soto,Home Office,Chile,Norte,Antofagasta,Antofagasta,ORD-2025-00909,2023-02-28,P0116,Sobres Flex 6,Oficina,Sobres,1,0.0,774.19,289.14,37.34742117568038
C0074,Constanza Fuentes,Corporativo,Chile,Sur,La Araucanía,Temuco,ORD-2025-00910,2023-11-02,P0075,Almacenamiento Plus 5,Muebles,Almacenamiento,2,0.0,1064.72,522.62,49.08520550003757
C0187,Carlos Rodríguez,Corporativo,Chile,Centro,O'Higgins,Rancagua,ORD-2025-00911,2023-09-12,P0032,Periféricos Eco 2,Tecnología,Periféricos,7,0.3,3545.59,303.88,8.570646916310121
C0125,Carlos Pérez,Corporativo,Chile,Centro,O'Higgins,Rancagua,ORD-2025-00912,2024-01-20,P0033,Periféricos Nova 3,Tecnología,Periféricos,2,0.3,1236.69,-209.7,-16.95655338039444
C0125,Carlos Pérez,Corporativo,Chile,Centro,O'Higgins,Rancagua,ORD-2025-00912,2024-01-20,P0087,Papelería Flex 7,Oficina,Papelería,1,0.05,703.35,172.25,24.489940996658845
C0125,Carlos Pérez,Corporativo,Chile,Centro,O'Higgins,Rancagua,ORD-2025-00912,2024-01-20,P0108,Etiquetas Flex 8,Oficina,Etiquetas,3,0.0,1472.85,295.23,20.0448110805581
C0125,Carlos Pérez,Corporativo,Chile,Centro,O'Higgins,Rancagua,ORD-2025-00912,2024-01-20,P0064,Libreros Eco 4,Muebles,Libreros,4,0.15,511.73,60.41,11.805053446153243
C0211,Gabriel Morales,Consumidor,Chile,Sur,Biobío,Concepción,ORD-2025-00913,2023-06-05,P0104,Etiquetas Nova 4,Oficina,Etiquetas,8,0.2,3873.28,817.06,21.094782716457367
C0211,Gabriel Morales,Consumidor,Chile,Sur,Biobío,Concepción,ORD-2025-00913,2023-06-05,P0017,Teléfonos Plus 7,Tecnología,Teléfonos,6,0.1,1381.59,397.2,28.749484289839966
C0211,Gabriel Morales,Consumidor,Chile,Sur,Biobío,Concepción,ORD-2025-00913,2023-06-05,P0117,Sobres Eco 7,Oficina,Sobres,3,0.0,2236.38,527.91,23.60555898371475
C0211,Gabriel Morales,Consumidor,Chile,Sur,Biobío,Concepción,ORD-2025-00913,2023-06-05,P0024,Computadores Nova 4,Tecnología,Computadores,7,0.0,5651.45,2831.36,50.09970892425838
C0289,Vicente Martínez,Corporativo,Chile,Norte,Coquimbo,La Serena,ORD-2025-00914,2024-09-26,P0023,Computadores Pro 3,Tecnología,Computadores,4,0.15,2697.46,1140.53,42.28162790180392
C0289,Vicente Martínez,Corporativo,Chile,Norte,Coquimbo,La Serena,ORD-2025-00914,2024-09-26,P0076,Almacenamiento Eco 6,Muebles,Almacenamiento,4,0.05,436.01,190.54,43.70083254971216
C0289,Vicente Martínez,Corporativo,Chile,Norte,Coquimbo,La Serena,ORD-2025-00914,2024-09-26,P0111,Sobres Flex 1,Oficina,Sobres,7,0.3,2522.81,335.02,13.279636595700826
C0289,Vicente Martínez,Corporativo,Chile,Norte,Coquimbo,La Serena,ORD-2025-00914,2024-09-26,P0079,Almacenamiento Nova 9,Muebles,Almacenamiento,3,0.15,124.62,13.26,10.640346653827635
C0007,Daniela López,Corporativo,Chile,Sur,Los Ríos,Valdivia,ORD-2025-00915,2023-11-05,P0013,Teléfonos Nova 3,Tecnología,Teléfonos,6,0.05,1629.4,583.3,35.798453418436225
C0007,Daniela López,Corporativo,Chile,Sur,Los Ríos,Valdivia,ORD-2025-00915,2023-11-05,P0098,Archivadores Nova 8,Oficina,Archivadores,2,0.0,467.82,138.76,29.660980719079987
C0006,Vicente Rojas,Home Office,Chile,Norte,Tarapacá,Iquique,ORD-2025-00916,2023-01-31,P0120,Sobres Plus 10,Oficina,Sobres,7,0.0,4943.89,1884.33,38.1143188865448
C0006,Vicente Rojas,Home Office,Chile,Norte,Tarapacá,Iquique,ORD-2025-00916,2023-01-31,P0102,Etiquetas Pro 2,Oficina,Etiquetas,5,0.05,2036.28,656.4,32.2352525192999
C0006,Vicente Rojas,Home Office,Chile,Norte,Tarapacá,Iquique,ORD-2025-00916,2023-01-31,P0094,Archivadores Pro 4,Oficina,Archivadores,2,0.05,342.08,90.11,26.341791393826007
C0006,Vicente Rojas,Home Office,Chile,Norte,Tarapacá,Iquique,ORD-2025-00916,2023-01-31,P0027,Computadores Flex 7,Tecnología,Computadores,8,0.15,269.82,126.85,47.01282336372397
C0068,Gabriel Hernández,Home Office,Chile,Centro,Valparaíso,Valparaíso,ORD-2025-00917,2023-02-03,P0039,Periféricos Nova 9,Tecnología,Periféricos,3,0.0,711.33,144.6,20.32811775125469
C0068,Gabriel Hernández,Home Office,Chile,Centro,Valparaíso,Valparaíso,ORD-2025-00917,2023-02-03,P0043,Sillas Smart 3,Muebles,Sillas,3,0.0,2113.8,896.91,42.43116661935849
C0068,Gabriel Hernández,Home Office,Chile,Centro,Valparaíso,Valparaíso,ORD-2025-00917,2023-02-03,P0044,Sillas Plus 4,Muebles,Sillas,4,0.0,2914.2,1121.72,38.491524260517465
C0068,Gabriel Hernández,Home Office,Chile,Centro,Valparaíso,Valparaíso,ORD-2025-00917,2023-02-03,P0055,Mesas Plus 5,Muebles,Mesas,7,0.0,4053.77,1679.72,41.435996615496194
C0287,Felipe Contreras,Consumidor,Chile,Norte,Coquimbo,La Serena,ORD-2025-00918,2024-09-27,P0113,Sobres Smart 3,Oficina,Sobres,1,0.0,609.01,232.85,38.23418334674307
C0287,Felipe Contreras,Consumidor,Chile,Norte,Coquimbo,La Serena,ORD-2025-00918,2024-09-27,P0032,Periféricos Eco 2,Tecnología,Periféricos,1,0.3,506.51,-9.98,-1.970346093857969
C0052,Jorge Contreras,Corporativo,Chile,Sur,La Araucanía,Temuco,ORD-2025-00919,2024-06-22,P0109,Etiquetas Smart 9,Oficina,Etiquetas,1,0.1,687.41,135.79,19.753858686955382
C0052,Jorge Contreras,Corporativo,Chile,Sur,La Araucanía,Temuco,ORD-2025-00919,2024-06-22,P0063,Libreros Smart 3,Muebles,Libreros,5,0.0,1247.4,326.55,26.17845117845118
C0052,Jorge Contreras,Corporativo,Chile,Sur,La Araucanía,Temuco,ORD-2025-00919,2024-06-22,P0029,Computadores Eco 9,Tecnología,Computadores,2,0.05,534.13,135.37,25.344017374047517
C0208,Fernanda Díaz,Home Office,Chile,Austral,Magallanes,Punta Arenas,ORD-2025-00920,2023-04-10,P0045,Sillas Eco 5,Muebles,Sillas,1,0.05,508.15,117.38,23.099478500442782
C0208,Fernanda Díaz,Home Office,Chile,Austral,Magallanes,Punta Arenas,ORD-2025-00920,2023-04-10,P0006,Accesorios Nova 6,Tecnología,Accesorios,3,0.15,2216.66,598.09,26.98158490702228
C0208,Fernanda Díaz,Home Office,Chile,Austral,Magallanes,Punta Arenas,ORD-2025-00920,2023-04-10,P0076,Almacenamiento Eco 6,Muebles,Almacenamiento,4,0.3,321.27,91.04,28.33753540635603
C0208,Fernanda Díaz,Home Office,Chile,Austral,Magallanes,Punta Arenas,ORD-2025-00920,2023-04-10,P0025,Computadores Plus 5,Tecnología,Computadores,5,0.0,3818.55,1220.25,31.955847114742504
C0141,Daniela Martínez,Corporativo,Chile,Norte,Tarapacá,Iquique,ORD-2025-00921,2024-04-04,P0004,Accesorios Eco 4,Tecnología,Accesorios,8,0.2,179.97,14.9,8.279157637384008
C0141,Daniela Martínez,Corporativo,Chile,Norte,Tarapacá,Iquique,ORD-2025-00921,2024-04-04,P0041,Sillas Eco 1,Muebles,Sillas,2,0.0,309.04,107.9,34.914574165156615
C0141,Daniela Martínez,Corporativo,Chile,Norte,Tarapacá,Iquique,ORD-2025-00921,2024-04-04,P0053,Mesas Eco 3,Muebles,Mesas,6,0.0,2224.26,792.0,35.607348061827295
C0141,Daniela Martínez,Corporativo,Chile,Norte,Tarapacá,Iquique,ORD-2025-00921,2024-04-04,P0101,Etiquetas Eco 1,Oficina,Etiquetas,8,0.0,4629.68,1544.32,33.356949076394045
C0046,Fernanda Pérez,Home Office,Chile,Sur,La Araucanía,Temuco,ORD-2025-00922,2024-05-09,P0046,Sillas Pro 6,Muebles,Sillas,7,0.05,564.39,243.08,43.069508673080676
C0046,Fernanda Pérez,Home Office,Chile,Sur,La Araucanía,Temuco,ORD-2025-00922,2024-05-09,P0078,Almacenamiento Eco 8,Muebles,Almacenamiento,2,0.15,510.37,239.27,46.88167407958932
C0046,Fernanda Pérez,Home Office,Chile,Sur,La Araucanía,Temuco,ORD-2025-00922,2024-05-09,P0045,Sillas Eco 5,Muebles,Sillas,2,0.0,1069.8,286.52,26.782576182464013
C0134,Felipe Martínez,Corporativo,Chile,Centro,Maule,Talca,ORD-2025-00923,2023-10-05,P0118,Sobres Nova 8,Oficina,Sobres,7,0.0,1624.35,458.01,28.19650937297996
C0002,Valentina Muñoz,Home Office,Chile,Austral,Aysén,Coyhaique,ORD-2025-00924,2023-02-21,P0041,Sillas Eco 1,Muebles,Sillas,5,0.0,772.6,269.75,34.914574165156615
C0002,Valentina Muñoz,Home Office,Chile,Austral,Aysén,Coyhaique,ORD-2025-00924,2023-02-21,P0098,Archivadores Nova 8,Oficina,Archivadores,4,0.0,935.64,277.52,29.660980719079987
C0002,Valentina Muñoz,Home Office,Chile,Austral,Aysén,Coyhaique,ORD-2025-00924,2023-02-21,P0088,Papelería Eco 8,Oficina,Papelería,4,0.2,2226.69,558.97,25.103180056496416
C0021,Martina Contreras,Home Office,Chile,Sur,Los Ríos,Valdivia,ORD-2025-00925,2023-09-02,P0085,Papelería Smart 5,Oficina,Papelería,8,0.0,5952.08,1624.16,27.287267644252093
C0081,Felipe González,Home Office,Chile,Centro,Maule,Talca,ORD-2025-00926,2024-09-14,P0111,Sobres Flex 1,Oficina,Sobres,4,0.05,1956.47,764.71,39.086211390923445
C0081,Felipe González,Home Office,Chile,Centro,Maule,Talca,ORD-2025-00926,2024-09-14,P0017,Teléfonos Plus 7,Tecnología,Teléfonos,4,0.0,1023.4,369.88,36.142270861833104
C0154,Ana Castillo,Home Office,Chile,Sur,Los Ríos,Valdivia,ORD-2025-00927,2023-09-27,P0065,Libreros Pro 5,Muebles,Libreros,8,0.0,3430.32,1727.84,50.369644814477944
C0061,Diego Sepúlveda,Consumidor,Chile,Norte,Tarapacá,Iquique,ORD-2025-00928,2024-09-05,P0011,Teléfonos Plus 1,Tecnología,Teléfonos,2,0.05,1048.29,321.04,30.625113279722214
C0061,Diego Sepúlveda,Consumidor,Chile,Norte,Tarapacá,Iquique,ORD-2025-00928,2024-09-05,P0104,Etiquetas Nova 4,Oficina,Etiquetas,7,0.2,3389.12,777.1,22.92925597205174
C0276,Antonia López,Home Office,Chile,Centro,Valparaíso,Valparaíso,ORD-2025-00929,2023-10-10,P0085,Papelería Smart 5,Oficina,Papelería,2,0.0,1488.02,406.04,27.287267644252093
C0276,Antonia López,Home Office,Chile,Centro,Valparaíso,Valparaíso,ORD-2025-00929,2023-10-10,P0005,Accesorios Flex 5,Tecnología,Accesorios,5,0.3,3120.84,206.98,6.632188769690211
C0076,Isidora Silva,Corporativo,Chile,Norte,Antofagasta,Antofagasta,ORD-2025-00930,2023-01-19,P0047,Sillas Plus 7,Muebles,Sillas,5,0.1,3140.24,539.14,17.16875143301149
C0076,Isidora Silva,Corporativo,Chile,Norte,Antofagasta,Antofagasta,ORD-2025-00930,2023-01-19,P0111,Sobres Flex 1,Oficina,Sobres,3,0.05,1467.35,581.65,39.639486148498996
C0076,Isidora Silva,Corporativo,Chile,Norte,Antofagasta,Antofagasta,ORD-2025-00930,2023-01-19,P0038,Periféricos Nova 8,Tecnología,Periféricos,7,0.0,2862.44,1110.13,38.782646972512964
C0125,Carlos Pérez,Corporativo,Chile,Centro,O'Higgins,Rancagua,ORD-2025-00931,2024-08-13,P0024,Computadores Nova 4,Tecnología,Computadores,4,0.15,2744.99,1094.15,39.859890199964305
C0125,Carlos Pérez,Corporativo,Chile,Centro,O'Higgins,Rancagua,ORD-2025-00931,2024-08-13,P0119,Sobres Plus 9,Oficina,Sobres,1,0.15,527.2,189.48,35.94081942336874
C0125,Carlos Pérez,Corporativo,Chile,Centro,O'Higgins,Rancagua,ORD-2025-00931,2024-08-13,P0018,Teléfonos Flex 8,Tecnología,Teléfonos,7,0.0,4803.96,1505.14,31.3312350644052
C0125,Carlos Pérez,Corporativo,Chile,Centro,O'Higgins,Rancagua,ORD-2025-00931,2024-08-13,P0003,Accesorios Plus 3,Tecnología,Accesorios,3,0.15,2214.06,160.93,7.268547374506563
C0004,Nicolás Silva,Corporativo,Chile,Sur,Los Lagos,Puerto Montt,ORD-2025-00932,2023-08-10,P0006,Accesorios Nova 6,Tecnología,Accesorios,7,0.2,4867.97,1340.19,27.530777716378697
C0004,Nicolás Silva,Corporativo,Chile,Sur,Los Lagos,Puerto Montt,ORD-2025-00932,2023-08-10,P0048,Sillas Plus 8,Muebles,Sillas,1,0.0,625.43,140.66,22.490126792766578
C0220,Felipe Rodríguez,Home Office,Chile,Norte,Coquimbo,La Serena,ORD-2025-00933,2023-09-30,P0076,Almacenamiento Eco 6,Muebles,Almacenamiento,2,0.0,229.48,105.92,46.1565278019871
C0015,Pedro Hernández,Consumidor,Chile,Centro,Maule,Talca,ORD-2025-00934,2023-05-27,P0097,Archivadores Smart 7,Oficina,Archivadores,6,0.3,1121.57,-170.08,-15.164456966573644
C0015,Pedro Hernández,Consumidor,Chile,Centro,Maule,Talca,ORD-2025-00934,2023-05-27,P0030,Computadores Flex 10,Tecnología,Computadores,2,0.0,1390.4,750.44,53.972957422324505
C0015,Pedro Hernández,Consumidor,Chile,Centro,Maule,Talca,ORD-2025-00934,2023-05-27,P0007,Accesorios Nova 7,Tecnología,Accesorios,7,0.0,2191.63,1186.57,54.140981826311915
C0015,Pedro Hernández,Consumidor,Chile,Centro,Maule,Talca,ORD-2025-00934,2023-05-27,P0045,Sillas Eco 5,Muebles,Sillas,8,0.1,3851.28,690.5,17.929104090068755
C0140,Ignacio López,Home Office,Chile,Centro,Maule,Talca,ORD-2025-00935,2024-10-07,P0089,Papelería Plus 9,Oficina,Papelería,5,0.15,1492.26,362.16,24.269229222789594
C0140,Ignacio López,Home Office,Chile,Centro,Maule,Talca,ORD-2025-00935,2024-10-07,P0016,Teléfonos Pro 6,Tecnología,Teléfonos,1,0.0,779.3,396.6,50.89182599769024
C0140,Ignacio López,Home Office,Chile,Centro,Maule,Talca,ORD-2025-00935,2024-10-07,P0045,Sillas Eco 5,Muebles,Sillas,6,0.05,3048.93,712.99,23.384925203268033
C0170,Sofía Rojas,Consumidor,Chile,Centro,Metropolitana,Santiago,ORD-2025-00936,2024-02-12,P0064,Libreros Eco 4,Muebles,Libreros,8,0.0,1204.08,285.28,23.69277788851239
C0195,Sebastián Espinoza,Corporativo,Chile,Austral,Aysén,Coyhaique,ORD-2025-00937,2023-01-13,P0040,Periféricos Eco 10,Tecnología,Periféricos,7,0.0,5194.07,2180.01,41.97113246452205
C0195,Sebastián Espinoza,Corporativo,Chile,Austral,Aysén,Coyhaique,ORD-2025-00937,2023-01-13,P0058,Mesas Nova 8,Muebles,Mesas,3,0.2,564.17,-0.66,-0.11698601485367888
C0009,Isidora Morales,Consumidor,Chile,Centro,O'Higgins,Rancagua,ORD-2025-00938,2023-05-15,P0048,Sillas Plus 8,Muebles,Sillas,4,0.0,2501.72,562.64,22.490126792766578
C0047,Ana Díaz,Consumidor,Chile,Centro,O'Higgins,Rancagua,ORD-2025-00939,2024-03-09,P0074,Almacenamiento Smart 4,Muebles,Almacenamiento,1,0.15,350.63,99.07,28.254855545731967
C0047,Ana Díaz,Consumidor,Chile,Centro,O'Higgins,Rancagua,ORD-2025-00939,2024-03-09,P0039,Periféricos Nova 9,Tecnología,Periféricos,2,0.05,450.51,75.1,16.669996226498856
C0047,Ana Díaz,Consumidor,Chile,Centro,O'Higgins,Rancagua,ORD-2025-00939,2024-03-09,P0040,Periféricos Eco 10,Tecnología,Periféricos,8,0.1,5342.47,2003.11,37.49408045342322
C0047,Ana Díaz,Consumidor,Chile,Centro,O'Higgins,Rancagua,ORD-2025-00939,2024-03-09,P0034,Periféricos Flex 4,Tecnología,Periféricos,6,0.05,2392.18,757.85,31.68030833800132
C0240,Sebastián Castillo,Consumidor,Chile,Centro,Metropolitana,Santiago,ORD-2025-00940,2024-08-20,P0056,Mesas Flex 6,Muebles,Mesas,5,0.2,2410.6,182.84,7.584833651373104
C0240,Sebastián Castillo,Consumidor,Chile,Centro,Metropolitana,Santiago,ORD-2025-00940,2024-08-20,P0043,Sillas Smart 3,Muebles,Sillas,7,0.0,4932.2,2092.79,42.4311666193585
C0240,Sebastián Castillo,Consumidor,Chile,Centro,Metropolitana,Santiago,ORD-2025-00940,2024-08-20,P0113,Sobres Smart 3,Oficina,Sobres,6,0.3,2557.84,404.43,15.811387733400057
C0240,Sebastián Castillo,Consumidor,Chile,Centro,Metropolitana,Santiago,ORD-2025-00940,2024-08-20,P0051,Mesas Smart 1,Muebles,Mesas,1,0.15,80.65,20.97,26.00123992560446
C0096,Martina Silva,Corporativo,Chile,Austral,Aysén,Coyhaique,ORD-2025-00941,2023-09-06,P0032,Periféricos Eco 2,Tecnología,Periféricos,1,0.0,723.59,217.14,30.008706587984907
C0096,Martina Silva,Corporativo,Chile,Austral,Aysén,Coyhaique,ORD-2025-00941,2023-09-06,P0004,Accesorios Eco 4,Tecnología,Accesorios,6,0.2,134.98,16.27,12.053637575937175
C0096,Martina Silva,Corporativo,Chile,Austral,Aysén,Coyhaique,ORD-2025-00941,2023-09-06,P0025,Computadores Plus 5,Tecnología,Computadores,3,0.3,1603.79,123.8,7.719215109210059
C0108,Jorge Soto,Home Office,Chile,Centro,Metropolitana,Santiago,ORD-2025-00942,2024-08-02,P0098,Archivadores Nova 8,Oficina,Archivadores,3,0.2,561.38,43.39,7.729167408885247
C0108,Jorge Soto,Home Office,Chile,Centro,Metropolitana,Santiago,ORD-2025-00942,2024-08-02,P0049,Sillas Smart 9,Muebles,Sillas,3,0.1,780.62,156.38,20.032794445440803
C0122,Daniela Muñoz,Consumidor,Chile,Centro,O'Higgins,Rancagua,ORD-2025-00943,2024-09-28,P0088,Papelería Eco 8,Oficina,Papelería,3,0.0,2087.52,818.97,39.231719935617384
C0122,Daniela Muñoz,Consumidor,Chile,Centro,O'Higgins,Rancagua,ORD-2025-00943,2024-09-28,P0089,Papelería Plus 9,Oficina,Papelería,1,0.0,351.12,119.31,33.979835953520166
C0117,Sebastián Torres,Consumidor,Chile,Centro,Metropolitana,Santiago,ORD-2025-00944,2025-02-18,P0085,Papelería Smart 5,Oficina,Papelería,2,0.0,1488.02,406.04,27.287267644252093
C0117,Sebastián Torres,Consumidor,Chile,Centro,Metropolitana,Santiago,ORD-2025-00944,2025-02-18,P0103,Etiquetas Nova 3,Oficina,Etiquetas,8,0.15,3662.48,830.74,22.68244468229178
C0117,Sebastián Torres,Consumidor,Chile,Centro,Metropolitana,Santiago,ORD-2025-00944,2025-02-18,P0043,Sillas Smart 3,Muebles,Sillas,5,0.15,2994.55,1045.28,34.90607937753585
C0117,Sebastián Torres,Consumidor,Chile,Centro,Metropolitana,Santiago,ORD-2025-00944,2025-02-18,P0008,Accesorios Plus 8,Tecnología,Accesorios,8,0.15,2696.88,507.46,18.816558393402747
C0104,Felipe Rojas,Home Office,Chile,Norte,Coquimbo,La Serena,ORD-2025-00945,2024-07-18,P0032,Periféricos Eco 2,Tecnología,Periféricos,4,0.0,2894.36,868.56,30.008706587984907
C0104,Felipe Rojas,Home Office,Chile,Norte,Coquimbo,La Serena,ORD-2025-00945,2024-07-18,P0081,Papelería Smart 1,Oficina,Papelería,3,0.0,2461.38,937.95,38.10667186700144
C0104,Felipe Rojas,Home Office,Chile,Norte,Coquimbo,La Serena,ORD-2025-00945,2024-07-18,P0060,Mesas Smart 10,Muebles,Mesas,4,0.05,601.5,221.7,36.85785536159601
C0260,Antonia Soto,Home Office,Chile,Sur,Los Lagos,Puerto Montt,ORD-2025-00946,2024-12-17,P0004,Accesorios Eco 4,Tecnología,Accesorios,8,0.0,224.96,66.48,29.551920341394027
C0260,Antonia Soto,Home Office,Chile,Sur,Los Lagos,Puerto Montt,ORD-2025-00946,2024-12-17,P0007,Accesorios Nova 7,Tecnología,Accesorios,4,0.2,1001.89,397.75,39.69996706225235
C0260,Antonia Soto,Home Office,Chile,Sur,Los Lagos,Puerto Montt,ORD-2025-00946,2024-12-17,P0079,Almacenamiento Nova 9,Muebles,Almacenamiento,6,0.0,293.22,77.82,26.53979946797626
C0260,Antonia Soto,Home Office,Chile,Sur,Los Lagos,Puerto Montt,ORD-2025-00946,2024-12-17,P0018,Teléfonos Flex 8,Tecnología,Teléfonos,5,0.0,3431.4,1075.1,31.331235064405195
C0243,Nicolás López,Corporativo,Chile,Austral,Magallanes,Punta Arenas,ORD-2025-00947,2025-03-21,P0087,Papelería Flex 7,Oficina,Papelería,7,0.3,3627.81,-226.25,-6.236544912771066
C0260,Antonia Soto,Home Office,Chile,Sur,Los Lagos,Puerto Montt,ORD-2025-00948,2023-06-21,P0107,Etiquetas Pro 7,Oficina,Etiquetas,3,0.0,232.35,104.97,45.177533892834084
C0260,Antonia Soto,Home Office,Chile,Sur,Los Lagos,Puerto Montt,ORD-2025-00948,2023-06-21,P0091,Archivadores Flex 1,Oficina,Archivadores,7,0.05,3426.68,939.29,27.411080112528747
C0260,Antonia Soto,Home Office,Chile,Sur,Los Lagos,Puerto Montt,ORD-2025-00948,2023-06-21,P0082,Papelería Eco 2,Oficina,Papelería,7,0.1,3722.42,1769.57,47.53816065892618
C0260,Antonia Soto,Home Office,Chile,Sur,Los Lagos,Puerto Montt,ORD-2025-00948,2023-06-21,P0037,Periféricos Nova 7,Tecnología,Periféricos,8,0.1,2080.66,837.36,40.244922284275184
C0107,Matías Díaz,Consumidor,Chile,Austral,Magallanes,Punta Arenas,ORD-2025-00949,2023-04-17,P0108,Etiquetas Flex 8,Oficina,Etiquetas,2,0.1,883.71,94.75,10.721843138586188
C0107,Matías Díaz,Consumidor,Chile,Austral,Magallanes,Punta Arenas,ORD-2025-00949,2023-04-17,P0005,Accesorios Flex 5,Tecnología,Accesorios,6,0.15,4547.52,1398.6,30.755224825839132
C0107,Matías Díaz,Consumidor,Chile,Austral,Magallanes,Punta Arenas,ORD-2025-00949,2023-04-17,P0077,Almacenamiento Nova 7,Muebles,Almacenamiento,4,0.0,437.96,223.4,51.00922458672025
C0152,Gabriel López,Consumidor,Chile,Centro,Metropolitana,Santiago,ORD-2025-00950,2023-08-10,P0017,Teléfonos Plus 7,Tecnología,Teléfonos,2,0.0,511.7,184.94,36.142270861833104
C0054,Catalina Araya,Corporativo,Chile,Sur,La Araucanía,Temuco,ORD-2025-00951,2023-12-04,P0024,Computadores Nova 4,Tecnología,Computadores,8,0.2,5167.04,1819.39,35.211455688363166
C0071,Martina Sepúlveda,Consumidor,Chile,Norte,Coquimbo,La Serena,ORD-2025-00952,2023-07-17,P0023,Computadores Pro 3,Tecnología,Computadores,3,0.15,2023.09,852.43,42.13505083807443
C0071,Martina Sepúlveda,Consumidor,Chile,Norte,Coquimbo,La Serena,ORD-2025-00952,2023-07-17,P0096,Archivadores Pro 6,Oficina,Archivadores,8,0.0,5651.92,2479.76,43.87464790725984
C0071,Martina Sepúlveda,Consumidor,Chile,Norte,Coquimbo,La Serena,ORD-2025-00952,2023-07-17,P0117,Sobres Eco 7,Oficina,Sobres,3,0.05,2124.56,418.32,19.6897239899085
C0030,Sebastián Soto,Corporativo,Chile,Sur,Los Ríos,Valdivia,ORD-2025-00953,2023-12-04,P0050,Sillas Nova 10,Muebles,Sillas,2,0.05,459.1,197.5,43.018950119799605
C0295,Catalina Torres,Corporativo,Chile,Austral,Magallanes,Punta Arenas,ORD-2025-00954,2024-10-19,P0097,Archivadores Smart 7,Oficina,Archivadores,6,0.2,1281.79,3.92,0.30582232659015907
C0291,Felipe Contreras,Consumidor,Chile,Sur,Los Lagos,Puerto Montt,ORD-2025-00955,2025-03-04,P0051,Mesas Smart 1,Muebles,Mesas,2,0.0,189.76,72.52,38.21669477234401
C0291,Felipe Contreras,Consumidor,Chile,Sur,Los Lagos,Puerto Montt,ORD-2025-00955,2025-03-04,P0074,Almacenamiento Smart 4,Muebles,Almacenamiento,3,0.2,990.02,248.99,25.149996969758188
C0068,Gabriel Hernández,Home Office,Chile,Centro,Valparaíso,Valparaíso,ORD-2025-00956,2023-01-08,P0036,Periféricos Nova 6,Tecnología,Periféricos,6,0.3,3684.24,1054.85,28.631413805832413
C0068,Gabriel Hernández,Home Office,Chile,Centro,Valparaíso,Valparaíso,ORD-2025-00956,2023-01-08,P0042,Sillas Flex 2,Muebles,Sillas,6,0.15,2839.73,501.6,17.663651121761575
C0068,Gabriel Hernández,Home Office,Chile,Centro,Valparaíso,Valparaíso,ORD-2025-00956,2023-01-08,P0013,Teléfonos Nova 3,Tecnología,Teléfonos,3,0.1,771.82,251.56,32.59309165349434
C0068,Gabriel Hernández,Home Office,Chile,Centro,Valparaíso,Valparaíso,ORD-2025-00956,2023-01-08,P0001,Accesorios Flex 1,Tecnología,Accesorios,1,0.0,445.84,235.34,52.78575273640769
C0173,Fernanda Hernández,Corporativo,Chile,Centro,Metropolitana,Santiago,ORD-2025-00957,2024-06-17,P0046,Sillas Pro 6,Muebles,Sillas,2,0.2,135.79,47.19,34.752190882981076
C0167,Antonia Espinoza,Consumidor,Chile,Centro,Metropolitana,Santiago,ORD-2025-00958,2023-04-20,P0120,Sobres Plus 10,Oficina,Sobres,5,0.0,3531.35,1345.95,38.11431888654481
C0167,Antonia Espinoza,Consumidor,Chile,Centro,Metropolitana,Santiago,ORD-2025-00958,2023-04-20,P0026,Computadores Plus 6,Tecnología,Computadores,7,0.2,2673.1,155.17,5.8048707493172715
C0167,Antonia Espinoza,Consumidor,Chile,Centro,Metropolitana,Santiago,ORD-2025-00958,2023-04-20,P0108,Etiquetas Flex 8,Oficina,Etiquetas,6,0.3,2061.99,-423.07,-20.51755828107799
C0167,Antonia Espinoza,Consumidor,Chile,Centro,Metropolitana,Santiago,ORD-2025-00958,2023-04-20,P0058,Mesas Nova 8,Muebles,Mesas,1,0.05,223.32,43.03,19.268314526240374
C0153,Matías Martínez,Home Office,Chile,Centro,Metropolitana,Santiago,ORD-2025-00959,2025-04-09,P0006,Accesorios Nova 6,Tecnología,Accesorios,6,0.0,5215.68,2082.84,39.9341984170808
C0153,Matías Martínez,Home Office,Chile,Centro,Metropolitana,Santiago,ORD-2025-00959,2025-04-09,P0004,Accesorios Eco 4,Tecnología,Accesorios,5,0.0,140.6,41.55,29.551920341394023
C0299,Catalina Flores,Home Office,Chile,Norte,Tarapacá,Iquique,ORD-2025-00960,2025-02-27,P0112,Sobres Pro 2,Oficina,Sobres,8,0.0,3629.2,1819.52,50.13556706712223
C0299,Catalina Flores,Home Office,Chile,Norte,Tarapacá,Iquique,ORD-2025-00960,2025-02-27,P0020,Teléfonos Flex 10,Tecnología,Teléfonos,5,0.0,2471.95,1246.6,50.42982260968062
C0299,Catalina Flores,Home Office,Chile,Norte,Tarapacá,Iquique,ORD-2025-00960,2025-02-27,P0079,Almacenamiento Nova 9,Muebles,Almacenamiento,5,0.0,244.35,64.85,26.53979946797626
C0299,Catalina Flores,Home Office,Chile,Norte,Tarapacá,Iquique,ORD-2025-00960,2025-02-27,P0060,Mesas Smart 10,Muebles,Mesas,4,0.15,538.19,154.32,28.673888403723584
C0252,Martina Soto,Corporativo,Chile,Centro,Maule,Talca,ORD-2025-00961,2023-11-03,P0074,Almacenamiento Smart 4,Muebles,Almacenamiento,5,0.0,2062.55,758.8,36.789411165789915
C0252,Martina Soto,Corporativo,Chile,Centro,Maule,Talca,ORD-2025-00961,2023-11-03,P0018,Teléfonos Flex 8,Tecnología,Teléfonos,7,0.0,4803.96,1505.14,31.3312350644052
C0139,Antonia Fuentes,Home Office,Chile,Centro,O'Higgins,Rancagua,ORD-2025-00962,2023-05-31,P0117,Sobres Eco 7,Oficina,Sobres,3,0.15,1900.92,189.69,9.978852345180227
C0139,Antonia Fuentes,Home Office,Chile,Centro,O'Higgins,Rancagua,ORD-2025-00962,2023-05-31,P0060,Mesas Smart 10,Muebles,Mesas,4,0.1,569.84,204.38,35.86620805840236
C0139,Antonia Fuentes,Home Office,Chile,Centro,O'Higgins,Rancagua,ORD-2025-00962,2023-05-31,P0013,Teléfonos Nova 3,Tecnología,Teléfonos,8,0.3,1600.82,218.65,13.658624954710714
C0236,Fernanda Sepúlveda,Home Office,Chile,Centro,Maule,Talca,ORD-2025-00963,2024-01-07,P0095,Archivadores Plus 5,Oficina,Archivadores,5,0.0,2636.25,1214.65,46.07491702228545
C0236,Fernanda Sepúlveda,Home Office,Chile,Centro,Maule,Talca,ORD-2025-00963,2024-01-07,P0108,Etiquetas Flex 8,Oficina,Etiquetas,6,0.2,2356.56,-44.95,-1.9074413551957092
C0236,Fernanda Sepúlveda,Home Office,Chile,Centro,Maule,Talca,ORD-2025-00963,2024-01-07,P0014,Teléfonos Pro 4,Tecnología,Teléfonos,7,0.0,546.49,294.7,53.92596387857051
C0236,Fernanda Sepúlveda,Home Office,Chile,Centro,Maule,Talca,ORD-2025-00963,2024-01-07,P0022,Computadores Pro 2,Tecnología,Computadores,7,0.0,3018.54,1519.98,50.354807290941984
C0281,Benjamín González,Home Office,Chile,Centro,Maule,Talca,ORD-2025-00964,2024-01-21,P0038,Periféricos Nova 8,Tecnología,Periféricos,4,0.0,1635.68,634.36,38.782646972512964
C0281,Benjamín González,Home Office,Chile,Centro,Maule,Talca,ORD-2025-00964,2024-01-21,P0025,Computadores Plus 5,Tecnología,Computadores,1,0.2,610.97,97.24,15.915675074062555
C0281,Benjamín González,Home Office,Chile,Centro,Maule,Talca,ORD-2025-00964,2024-01-21,P0085,Papelería Smart 5,Oficina,Papelería,2,0.15,1264.82,219.24,17.333691750604828
C0281,Benjamín González,Home Office,Chile,Centro,Maule,Talca,ORD-2025-00964,2024-01-21,P0060,Mesas Smart 10,Muebles,Mesas,3,0.1,427.38,141.4,33.08531049651364
C0186,Sebastián Torres,Home Office,Chile,Austral,Magallanes,Punta Arenas,ORD-2025-00965,2025-04-21,P0031,Periféricos Smart 1,Tecnología,Periféricos,3,0.3,488.42,130.46,26.710617910814467
C0186,Sebastián Torres,Home Office,Chile,Austral,Magallanes,Punta Arenas,ORD-2025-00965,2025-04-21,P0084,Papelería Flex 4,Oficina,Papelería,8,0.0,5888.96,3076.48,52.241482367005375
C0078,Ignacio Flores,Consumidor,Chile,Austral,Magallanes,Punta Arenas,ORD-2025-00966,2023-06-25,P0041,Sillas Eco 1,Muebles,Sillas,5,0.3,540.82,79.17,14.638881698162049
C0078,Ignacio Flores,Consumidor,Chile,Austral,Magallanes,Punta Arenas,ORD-2025-00966,2023-06-25,P0104,Etiquetas Nova 4,Oficina,Etiquetas,8,0.3,3389.12,202.1,5.963199886696251
C0078,Ignacio Flores,Consumidor,Chile,Austral,Magallanes,Punta Arenas,ORD-2025-00966,2023-06-25,P0010,Accesorios Nova 10,Tecnología,Accesorios,8,0.2,4339.71,364.71,8.404017779989907
C0078,Ignacio Flores,Consumidor,Chile,Austral,Magallanes,Punta Arenas,ORD-2025-00966,2023-06-25,P0026,Computadores Plus 6,Tecnología,Computadores,2,0.0,954.68,198.38,20.779737713160433
C0237,Camila Sepúlveda,Corporativo,Chile,Norte,Tarapacá,Iquique,ORD-2025-00967,2024-06-10,P0048,Sillas Plus 8,Muebles,Sillas,7,0.0,4378.01,984.62,22.490126792766578
C0237,Camila Sepúlveda,Corporativo,Chile,Norte,Tarapacá,Iquique,ORD-2025-00967,2024-06-10,P0065,Libreros Pro 5,Muebles,Libreros,5,0.3,1500.77,459.61,30.624945861124626
C0237,Camila Sepúlveda,Corporativo,Chile,Norte,Tarapacá,Iquique,ORD-2025-00967,2024-06-10,P0111,Sobres Flex 1,Oficina,Sobres,3,0.0,1544.58,645.9,41.81719302334616
C0041,Antonia Martínez,Consumidor,Chile,Centro,Metropolitana,Santiago,ORD-2025-00968,2023-06-04,P0081,Papelería Smart 1,Oficina,Papelería,6,0.0,4922.76,1875.9,38.10667186700144
C0080,Daniela Morales,Corporativo,Chile,Austral,Aysén,Coyhaique,ORD-2025-00969,2024-08-03,P0066,Libreros Smart 6,Muebles,Libreros,3,0.0,1079.55,555.09,51.41864665832987
C0004,Nicolás Silva,Corporativo,Chile,Sur,Los Lagos,Puerto Montt,ORD-2025-00970,2024-02-16,P0007,Accesorios Nova 7,Tecnología,Accesorios,8,0.0,2504.72,1356.08,54.14098182631193
C0285,Camila Flores,Corporativo,Chile,Sur,La Araucanía,Temuco,ORD-2025-00971,2023-05-28,P0085,Papelería Smart 5,Oficina,Papelería,5,0.3,2604.03,-288.99,-11.097798412460685
C0285,Camila Flores,Corporativo,Chile,Sur,La Araucanía,Temuco,ORD-2025-00971,2023-05-28,P0092,Archivadores Nova 2,Oficina,Archivadores,6,0.0,3697.92,1844.34,49.875064901349944
C0285,Camila Flores,Corporativo,Chile,Sur,La Araucanía,Temuco,ORD-2025-00971,2023-05-28,P0059,Mesas Smart 9,Muebles,Mesas,7,0.05,918.23,281.99,30.710170654411208
C0285,Camila Flores,Corporativo,Chile,Sur,La Araucanía,Temuco,ORD-2025-00971,2023-05-28,P0044,Sillas Plus 4,Muebles,Sillas,6,0.3,3059.91,626.51,20.474785206100833
C0227,Diego Díaz,Consumidor,Chile,Sur,Los Ríos,Valdivia,ORD-2025-00972,2023-08-30,P0043,Sillas Smart 3,Muebles,Sillas,6,0.0,4227.6,1793.82,42.43116661935849
C0227,Diego Díaz,Consumidor,Chile,Sur,Los Ríos,Valdivia,ORD-2025-00972,2023-08-30,P0057,Mesas Smart 7,Muebles,Mesas,1,0.15,438.44,124.56,28.409816622570933
C0227,Diego Díaz,Consumidor,Chile,Sur,Los Ríos,Valdivia,ORD-2025-00972,2023-08-30,P0068,Libreros Pro 8,Muebles,Libreros,8,0.05,4852.07,1529.41,31.520773607965264
C0135,Benjamín Flores,Corporativo,Chile,Sur,Biobío,Concepción,ORD-2025-00973,2023-02-15,P0040,Periféricos Eco 10,Tecnología,Periféricos,8,0.0,5936.08,2491.44,41.97113246452204
C0079,Benjamín Hernández,Consumidor,Chile,Austral,Magallanes,Punta Arenas,ORD-2025-00974,2023-08-21,P0015,Teléfonos Plus 5,Tecnología,Teléfonos,6,0.2,3352.8,152.2,4.539489382009067
C0079,Benjamín Hernández,Consumidor,Chile,Austral,Magallanes,Punta Arenas,ORD-2025-00974,2023-08-21,P0096,Archivadores Pro 6,Oficina,Archivadores,1,0.3,494.54,65.95,13.335625025276013
C0079,Benjamín Hernández,Consumidor,Chile,Austral,Magallanes,Punta Arenas,ORD-2025-00974,2023-08-21,P0080,Almacenamiento Plus 10,Muebles,Almacenamiento,8,0.0,6328.88,3274.96,51.74628054252886
C0079,Benjamín Hernández,Consumidor,Chile,Austral,Magallanes,Punta Arenas,ORD-2025-00974,2023-08-21,P0030,Computadores Flex 10,Tecnología,Computadores,5,0.1,3128.4,1548.36,49.49367088607595
C0135,Benjamín Flores,Corporativo,Chile,Sur,Biobío,Concepción,ORD-2025-00975,2024-02-26,P0093,Archivadores Flex 3,Oficina,Archivadores,7,0.1,3936.68,1841.38,46.77494741762094
C0135,Benjamín Flores,Corporativo,Chile,Sur,Biobío,Concepción,ORD-2025-00975,2024-02-26,P0056,Mesas Flex 6,Muebles,Mesas,4,0.0,2410.6,643.96,26.713681241184773
C0135,Benjamín Flores,Corporativo,Chile,Sur,Biobío,Concepción,ORD-2025-00975,2024-02-26,P0028,Computadores Pro 8,Tecnología,Computadores,8,0.05,3512.19,1558.37,44.370321651163515
C0135,Benjamín Flores,Corporativo,Chile,Sur,Biobío,Concepción,ORD-2025-00975,2024-02-26,P0075,Almacenamiento Plus 5,Muebles,Almacenamiento,8,0.15,3620.05,1463.66,40.43203823151614
C0076,Isidora Silva,Corporativo,Chile,Norte,Antofagasta,Antofagasta,ORD-2025-00976,2024-11-09,P0018,Teléfonos Flex 8,Tecnología,Teléfonos,2,0.15,1166.68,219.28,18.795213768985498
C0084,Pedro Castillo,Home Office,Chile,Norte,Coquimbo,La Serena,ORD-2025-00977,2025-04-21,P0081,Papelería Smart 1,Oficina,Papelería,5,0.05,3897.18,1351.32,34.67430295752313
C0084,Pedro Castillo,Home Office,Chile,Norte,Coquimbo,La Serena,ORD-2025-00977,2025-04-21,P0004,Accesorios Eco 4,Tecnología,Accesorios,8,0.05,213.71,56.13,26.264564128959805
C0084,Pedro Castillo,Home Office,Chile,Norte,Coquimbo,La Serena,ORD-2025-00977,2025-04-21,P0109,Etiquetas Smart 9,Oficina,Etiquetas,8,0.1,5499.29,1051.91,19.128105628181093
C0177,Javiera Fuentes,Home Office,Chile,Centro,O'Higgins,Rancagua,ORD-2025-00978,2025-01-30,P0035,Periféricos Nova 5,Tecnología,Periféricos,2,0.2,1223.54,199.41,16.297791653726073
C0177,Javiera Fuentes,Home Office,Chile,Centro,O'Higgins,Rancagua,ORD-2025-00978,2025-01-30,P0044,Sillas Plus 4,Muebles,Sillas,1,0.0,728.55,280.43,38.491524260517465
C0177,Javiera Fuentes,Home Office,Chile,Centro,O'Higgins,Rancagua,ORD-2025-00978,2025-01-30,P0066,Libreros Smart 6,Muebles,Libreros,2,0.2,575.76,222.4,38.62720578018619
C0177,Javiera Fuentes,Home Office,Chile,Centro,O'Higgins,Rancagua,ORD-2025-00978,2025-01-30,P0083,Papelería Pro 3,Oficina,Papelería,5,0.0,264.45,85.9,32.48251087162035
C0141,Daniela Martínez,Corporativo,Chile,Norte,Tarapacá,Iquique,ORD-2025-00979,2024-11-14,P0089,Papelería Plus 9,Oficina,Papelería,8,0.3,1966.27,183.32,9.323236381575267
C0141,Daniela Martínez,Corporativo,Chile,Norte,Tarapacá,Iquique,ORD-2025-00979,2024-11-14,P0076,Almacenamiento Eco 6,Muebles,Almacenamiento,3,0.2,275.38,95.86,34.810080615876245
C0104,Felipe Rojas,Home Office,Chile,Norte,Coquimbo,La Serena,ORD-2025-00980,2025-02-28,P0074,Almacenamiento Smart 4,Muebles,Almacenamiento,7,0.0,2887.57,1062.32,36.789411165789915
C0213,Camila Silva,Consumidor,Chile,Norte,Antofagasta,Antofagasta,ORD-2025-00981,2024-01-22,P0056,Mesas Flex 6,Muebles,Mesas,2,0.0,1205.3,321.98,26.713681241184773
C0213,Camila Silva,Consumidor,Chile,Norte,Antofagasta,Antofagasta,ORD-2025-00981,2024-01-22,P0096,Archivadores Pro 6,Oficina,Archivadores,7,0.05,4698.16,1944.49,41.388330750762
C0213,Camila Silva,Consumidor,Chile,Norte,Antofagasta,Antofagasta,ORD-2025-00981,2024-01-22,P0018,Teléfonos Flex 8,Tecnología,Teléfonos,3,0.0,2058.84,645.06,31.331235064405195
C0213,Camila Silva,Consumidor,Chile,Norte,Antofagasta,Antofagasta,ORD-2025-00981,2024-01-22,P0035,Periféricos Nova 5,Tecnología,Periféricos,1,0.0,764.71,225.95,29.547148592276805
C0225,Constanza Pérez,Home Office,Chile,Sur,Los Ríos,Valdivia,ORD-2025-00982,2024-03-09,P0111,Sobres Flex 1,Oficina,Sobres,8,0.0,4118.88,1722.4,41.81719302334616
C0225,Constanza Pérez,Home Office,Chile,Sur,Los Ríos,Valdivia,ORD-2025-00982,2024-03-09,P0036,Periféricos Nova 6,Tecnología,Periféricos,7,0.0,6140.4,3194.73,52.0280437756498
C0225,Constanza Pérez,Home Office,Chile,Sur,Los Ríos,Valdivia,ORD-2025-00982,2024-03-09,P0079,Almacenamiento Nova 9,Muebles,Almacenamiento,3,0.05,139.28,32.33,23.212234348075818
C0225,Constanza Pérez,Home Office,Chile,Sur,Los Ríos,Valdivia,ORD-2025-00982,2024-03-09,P0009,Accesorios Flex 9,Tecnología,Accesorios,8,0.1,6212.02,2448.82,39.42067153679479
C0223,Jorge López,Consumidor,Chile,Sur,Biobío,Concepción,ORD-2025-00983,2023-11-11,P0032,Periféricos Eco 2,Tecnología,Periféricos,8,0.0,5788.72,1737.12,30.008706587984907
C0223,Jorge López,Consumidor,Chile,Sur,Biobío,Concepción,ORD-2025-00983,2023-11-11,P0073,Almacenamiento Eco 3,Muebles,Almacenamiento,6,0.2,838.85,85.59,10.20325445550456
C0223,Jorge López,Consumidor,Chile,Sur,Biobío,Concepción,ORD-2025-00983,2023-11-11,P0046,Sillas Pro 6,Muebles,Sillas,3,0.0,254.61,119.31,46.85990338164251
C0223,Jorge López,Consumidor,Chile,Sur,Biobío,Concepción,ORD-2025-00983,2023-11-11,P0049,Sillas Smart 9,Muebles,Sillas,5,0.0,1445.6,385.85,26.691339236303268
C0014,Isidora Flores,Corporativo,Chile,Norte,Antofagasta,Antofagasta,ORD-2025-00984,2023-08-10,P0096,Archivadores Pro 6,Oficina,Archivadores,6,0.15,3603.1,1334.99,37.051150398268156
C0014,Isidora Flores,Corporativo,Chile,Norte,Antofagasta,Antofagasta,ORD-2025-00984,2023-08-10,P0107,Etiquetas Pro 7,Oficina,Etiquetas,5,0.1,348.53,129.64,37.196224141393856
C0282,Luis Espinoza,Corporativo,Chile,Austral,Aysén,Coyhaique,ORD-2025-00985,2024-02-13,P0030,Computadores Flex 10,Tecnología,Computadores,2,0.1,1251.36,587.75,46.968897839151005
C0282,Luis Espinoza,Corporativo,Chile,Austral,Aysén,Coyhaique,ORD-2025-00985,2024-02-13,P0049,Sillas Smart 9,Muebles,Sillas,2,0.15,491.5,61.13,12.437436419125127
C0298,Ana Sepúlveda,Home Office,Chile,Centro,Maule,Talca,ORD-2025-00986,2025-04-29,P0076,Almacenamiento Eco 6,Muebles,Almacenamiento,6,0.05,654.02,289.35,44.24176630684077
C0298,Ana Sepúlveda,Home Office,Chile,Centro,Maule,Talca,ORD-2025-00986,2025-04-29,P0038,Periféricos Nova 8,Tecnología,Periféricos,1,0.15,347.58,102.52,29.495367972840786
C0298,Ana Sepúlveda,Home Office,Chile,Centro,Maule,Talca,ORD-2025-00986,2025-04-29,P0064,Libreros Eco 4,Muebles,Libreros,7,0.2,842.86,73.06,8.668106209809459
C0298,Ana Sepúlveda,Home Office,Chile,Centro,Maule,Talca,ORD-2025-00986,2025-04-29,P0007,Accesorios Nova 7,Tecnología,Accesorios,6,0.0,1878.54,1017.06,54.140981826311915
C0125,Carlos Pérez,Corporativo,Chile,Centro,O'Higgins,Rancagua,ORD-2025-00987,2023-03-29,P0056,Mesas Flex 6,Muebles,Mesas,8,0.2,3856.96,450.64,11.68381315854974
C0125,Carlos Pérez,Corporativo,Chile,Centro,O'Higgins,Rancagua,ORD-2025-00987,2023-03-29,P0103,Etiquetas Nova 3,Oficina,Etiquetas,1,0.3,377.02,14.1,3.73985464962071
C0281,Benjamín González,Home Office,Chile,Centro,Maule,Talca,ORD-2025-00988,2024-04-12,P0017,Teléfonos Plus 7,Tecnología,Teléfonos,6,0.3,1074.57,31.85,2.963976288189695
C0281,Benjamín González,Home Office,Chile,Centro,Maule,Talca,ORD-2025-00988,2024-04-12,P0083,Papelería Pro 3,Oficina,Papelería,1,0.0,52.89,17.18,32.48251087162035
C0281,Benjamín González,Home Office,Chile,Centro,Maule,Talca,ORD-2025-00988,2024-04-12,P0032,Periféricos Eco 2,Tecnología,Periféricos,2,0.15,1230.1,178.82,14.537029509795952
C0101,Ana Flores,Consumidor,Chile,Norte,Tarapacá,Iquique,ORD-2025-00989,2023-01-13,P0112,Sobres Pro 2,Oficina,Sobres,6,0.15,2313.61,889.4,38.442088338138234
C0101,Ana Flores,Consumidor,Chile,Norte,Tarapacá,Iquique,ORD-2025-00989,2023-01-13,P0087,Papelería Flex 7,Oficina,Papelería,6,0.0,4442.22,1288.8,29.0125207666437
C0101,Ana Flores,Consumidor,Chile,Norte,Tarapacá,Iquique,ORD-2025-00989,2023-01-13,P0013,Teléfonos Nova 3,Tecnología,Teléfonos,5,0.0,1429.3,560.5,39.215000349821594
C0101,Ana Flores,Consumidor,Chile,Norte,Tarapacá,Iquique,ORD-2025-00989,2023-01-13,P0062,Libreros Plus 2,Muebles,Libreros,1,0.0,465.68,230.21,49.4352344957911
C0164,Tomás Martínez,Consumidor,Chile,Sur,Los Lagos,Puerto Montt,ORD-2025-00990,2025-01-26,P0027,Computadores Flex 7,Tecnología,Computadores,3,0.0,119.04,62.94,52.87298387096774
C0164,Tomás Martínez,Consumidor,Chile,Sur,Los Lagos,Puerto Montt,ORD-2025-00990,2025-01-26,P0036,Periféricos Nova 6,Tecnología,Periféricos,1,0.0,877.2,456.39,52.02804377564979
C0067,Pedro Araya,Corporativo,Chile,Norte,Antofagasta,Antofagasta,ORD-2025-00991,2023-07-08,P0109,Etiquetas Smart 9,Oficina,Etiquetas,2,0.0,1527.58,408.94,26.770447374278273
C0274,Paula Araya,Corporativo,Chile,Austral,Aysén,Coyhaique,ORD-2025-00992,2023-11-11,P0067,Libreros Pro 7,Muebles,Libreros,7,0.0,1209.39,446.18,36.89297910516872
C0274,Paula Araya,Corporativo,Chile,Austral,Aysén,Coyhaique,ORD-2025-00992,2023-11-11,P0032,Periféricos Eco 2,Tecnología,Periféricos,5,0.15,3075.26,470.85,15.31090054174281
C0146,Javiera Silva,Home Office,Chile,Austral,Aysén,Coyhaique,ORD-2025-00993,2023-12-08,P0079,Almacenamiento Nova 9,Muebles,Almacenamiento,8,0.2,312.77,16.4,5.2434696422291145
C0146,Javiera Silva,Home Office,Chile,Austral,Aysén,Coyhaique,ORD-2025-00993,2023-12-08,P0034,Periféricos Flex 4,Tecnología,Periféricos,7,0.2,2350.21,491.89,20.92961905531846
C0146,Javiera Silva,Home Office,Chile,Austral,Aysén,Coyhaique,ORD-2025-00993,2023-12-08,P0096,Archivadores Pro 6,Oficina,Archivadores,1,0.15,600.52,214.7,35.75234796509692
C0243,Nicolás López,Corporativo,Chile,Austral,Magallanes,Punta Arenas,ORD-2025-00994,2024-10-02,P0107,Etiquetas Pro 7,Oficina,Etiquetas,4,0.15,263.33,95.26,36.17514145748681
C0243,Nicolás López,Corporativo,Chile,Austral,Magallanes,Punta Arenas,ORD-2025-00994,2024-10-02,P0043,Sillas Smart 3,Muebles,Sillas,3,0.2,1691.04,392.67,23.220621629293216
C0243,Nicolás López,Corporativo,Chile,Austral,Magallanes,Punta Arenas,ORD-2025-00994,2024-10-02,P0048,Sillas Plus 8,Muebles,Sillas,6,0.0,3752.58,843.96,22.490126792766578
C0243,Nicolás López,Corporativo,Chile,Austral,Magallanes,Punta Arenas,ORD-2025-00994,2024-10-02,P0021,Computadores Plus 1,Tecnología,Computadores,6,0.05,4528.08,1844.13,40.72653310012191
C0214,Javiera Flores,Home Office,Chile,Norte,Antofagasta,Antofagasta,ORD-2025-00995,2024-03-02,P0052,Mesas Nova 2,Muebles,Mesas,6,0.0,2964.9,698.7,23.56571891126176
C0214,Javiera Flores,Home Office,Chile,Norte,Antofagasta,Antofagasta,ORD-2025-00995,2024-03-02,P0100,Archivadores Smart 10,Oficina,Archivadores,5,0.2,210.48,20.31,9.649372862029647
C0120,Fernanda Díaz,Corporativo,Chile,Centro,Valparaíso,Valparaíso,ORD-2025-00996,2023-12-13,P0096,Archivadores Pro 6,Oficina,Archivadores,4,0.0,2825.96,1239.88,43.87464790725984
C0120,Fernanda Díaz,Corporativo,Chile,Centro,Valparaíso,Valparaíso,ORD-2025-00996,2023-12-13,P0064,Libreros Eco 4,Muebles,Libreros,3,0.1,406.38,68.99,16.97672129533934
C0120,Fernanda Díaz,Corporativo,Chile,Centro,Valparaíso,Valparaíso,ORD-2025-00996,2023-12-13,P0011,Teléfonos Plus 1,Tecnología,Teléfonos,3,0.3,1158.63,1.56,0.1346417752000207
C0101,Ana Flores,Consumidor,Chile,Norte,Tarapacá,Iquique,ORD-2025-00997,2025-02-01,P0053,Mesas Eco 3,Muebles,Mesas,6,0.2,1779.41,392.28,22.045509466620956
C0101,Ana Flores,Consumidor,Chile,Norte,Tarapacá,Iquique,ORD-2025-00997,2025-02-01,P0101,Etiquetas Eco 1,Oficina,Etiquetas,2,0.2,925.94,133.23,14.388621292956344
C0101,Ana Flores,Consumidor,Chile,Norte,Tarapacá,Iquique,ORD-2025-00997,2025-02-01,P0038,Periféricos Nova 8,Tecnología,Periféricos,8,0.05,3107.79,1097.57,35.31673633031833
C0213,Camila Silva,Consumidor,Chile,Norte,Antofagasta,Antofagasta,ORD-2025-00998,2023-04-09,P0115,Sobres Pro 5,Oficina,Sobres,4,0.3,369.24,50.37,13.641533961650959
C0213,Camila Silva,Consumidor,Chile,Norte,Antofagasta,Antofagasta,ORD-2025-00998,2023-04-09,P0003,Accesorios Plus 3,Tecnología,Accesorios,8,0.05,6598.78,1121.59,16.99692973549656
C0213,Camila Silva,Consumidor,Chile,Norte,Antofagasta,Antofagasta,ORD-2025-00998,2023-04-09,P0008,Accesorios Plus 8,Tecnología,Accesorios,8,0.0,3172.8,971.28,30.61270801815431
C0213,Camila Silva,Consumidor,Chile,Norte,Antofagasta,Antofagasta,ORD-2025-00998,2023-04-09,P0013,Teléfonos Nova 3,Tecnología,Teléfonos,5,0.2,1143.44,238.68,20.87385433428951
C0285,Camila Flores,Corporativo,Chile,Sur,La Araucanía,Temuco,ORD-2025-00999,2023-05-24,P0037,Periféricos Nova 7,Tecnología,Periféricos,7,0.05,1921.72,815.14,42.41720958308182
C0227,Diego Díaz,Consumidor,Chile,Sur,Los Ríos,Valdivia,ORD-2025-01000,2024-02-11,P0045,Sillas Eco 5,Muebles,Sillas,7,0.05,3557.08,784.37,22.050951904371
C0227,Diego Díaz,Consumidor,Chile,Sur,Los Ríos,Valdivia,ORD-2025-01000,2024-02-11,P0077,Almacenamiento Nova 7,Muebles,Almacenamiento,2,0.3,153.29,55.5,36.205884271641985
C0227,Diego Díaz,Consumidor,Chile,Sur,Los Ríos,Valdivia,ORD-2025-01000,2024-02-11,P0002,Accesorios Smart 2,Tecnología,Accesorios,4,0.2,32.19,7.48,23.23703013358186
C0259,Catalina Flores,Corporativo,Chile,Austral,Magallanes,Punta Arenas,ORD-2025-01001,2024-11-11,P0092,Archivadores Nova 2,Oficina,Archivadores,5,0.3,2157.12,764.66,35.44819017949859
C0259,Catalina Flores,Corporativo,Chile,Austral,Magallanes,Punta Arenas,ORD-2025-01001,2024-11-11,P0058,Mesas Nova 8,Muebles,Mesas,1,0.2,188.06,3.91,2.0791236839306606
C0259,Catalina Flores,Corporativo,Chile,Austral,Magallanes,Punta Arenas,ORD-2025-01001,2024-11-11,P0028,Computadores Pro 8,Tecnología,Computadores,6,0.05,2634.14,1183.67,44.93572854897614
C0259,Catalina Flores,Corporativo,Chile,Austral,Magallanes,Punta Arenas,ORD-2025-01001,2024-11-11,P0014,Teléfonos Pro 4,Tecnología,Teléfonos,7,0.0,546.49,294.7,53.92596387857051
C0059,Nicolás Fuentes,Corporativo,Chile,Sur,Biobío,Concepción,ORD-2025-01002,2024-02-15,P0098,Archivadores Nova 8,Oficina,Archivadores,2,0.05,444.43,117.93,26.535112391152715
C0140,Ignacio López,Home Office,Chile,Centro,Maule,Talca,ORD-2025-01003,2023-08-09,P0088,Papelería Eco 8,Oficina,Papelería,5,0.0,3479.2,1364.95,39.231719935617384
C0140,Ignacio López,Home Office,Chile,Centro,Maule,Talca,ORD-2025-01003,2023-08-09,P0012,Teléfonos Flex 2,Tecnología,Teléfonos,1,0.0,338.48,169.42,50.053178917513584
C0111,Carlos Flores,Consumidor,Chile,Sur,Biobío,Concepción,ORD-2025-01004,2023-02-08,P0002,Accesorios Smart 2,Tecnología,Accesorios,5,0.0,50.3,20.7,41.1530815109344
C0111,Carlos Flores,Consumidor,Chile,Sur,Biobío,Concepción,ORD-2025-01004,2023-02-08,P0109,Etiquetas Smart 9,Oficina,Etiquetas,5,0.0,3818.95,1022.35,26.770447374278273
C0111,Carlos Flores,Consumidor,Chile,Sur,Biobío,Concepción,ORD-2025-01004,2023-02-08,P0020,Teléfonos Flex 10,Tecnología,Teléfonos,7,0.2,2768.58,935.2,33.77904918767022
C0111,Carlos Flores,Consumidor,Chile,Sur,Biobío,Concepción,ORD-2025-01004,2023-02-08,P0118,Sobres Nova 8,Oficina,Sobres,1,0.0,232.05,65.43,28.19650937297996
C0127,Isidora Pérez,Consumidor,Chile,Norte,Tarapacá,Iquique,ORD-2025-01005,2023-10-26,P0114,Sobres Pro 4,Oficina,Sobres,3,0.0,162.3,74.58,45.95194085027726
C0127,Isidora Pérez,Consumidor,Chile,Norte,Tarapacá,Iquique,ORD-2025-01005,2023-10-26,P0010,Accesorios Nova 10,Tecnología,Accesorios,7,0.0,4746.56,1267.07,26.694490325625292
C0127,Isidora Pérez,Consumidor,Chile,Norte,Tarapacá,Iquique,ORD-2025-01005,2023-10-26,P0063,Libreros Smart 3,Muebles,Libreros,2,0.05,474.01,101.47,21.406721377186138
C0031,Carlos Muñoz,Home Office,Chile,Centro,O'Higgins,Rancagua,ORD-2025-01006,2023-03-23,P0015,Teléfonos Plus 5,Tecnología,Teléfonos,4,0.0,2794.0,731.6,26.184681460272014
C0031,Carlos Muñoz,Home Office,Chile,Centro,O'Higgins,Rancagua,ORD-2025-01006,2023-03-23,P0075,Almacenamiento Plus 5,Muebles,Almacenamiento,5,0.0,2661.8,1306.55,49.08520550003757
C0031,Carlos Muñoz,Home Office,Chile,Centro,O'Higgins,Rancagua,ORD-2025-01006,2023-03-23,P0116,Sobres Flex 6,Oficina,Sobres,8,0.0,6193.52,2313.12,37.34742117568038
C0031,Carlos Muñoz,Home Office,Chile,Centro,O'Higgins,Rancagua,ORD-2025-01006,2023-03-23,P0038,Periféricos Nova 8,Tecnología,Periféricos,2,0.0,817.84,317.18,38.782646972512964
C0154,Ana Castillo,Home Office,Chile,Sur,Los Ríos,Valdivia,ORD-2025-01007,2023-11-21,P0056,Mesas Flex 6,Muebles,Mesas,8,0.15,4098.02,567.38,13.845222814920374
C0154,Ana Castillo,Home Office,Chile,Sur,Los Ríos,Valdivia,ORD-2025-01007,2023-11-21,P0111,Sobres Flex 1,Oficina,Sobres,7,0.05,3423.82,1319.32,38.533567769333665
C0284,Sebastián Contreras,Corporativo,Chile,Austral,Aysén,Coyhaique,ORD-2025-01008,2025-03-18,P0016,Teléfonos Pro 6,Tecnología,Teléfonos,5,0.0,3896.5,1983.0,50.89182599769023
C0284,Sebastián Contreras,Corporativo,Chile,Austral,Aysén,Coyhaique,ORD-2025-01008,2025-03-18,P0045,Sillas Eco 5,Muebles,Sillas,5,0.0,2674.5,716.3,26.782576182464013
C0284,Sebastián Contreras,Corporativo,Chile,Austral,Aysén,Coyhaique,ORD-2025-01008,2025-03-18,P0011,Teléfonos Plus 1,Tecnología,Teléfonos,6,0.05,3144.86,986.24,31.36037852241435
C0284,Sebastián Contreras,Corporativo,Chile,Austral,Aysén,Coyhaique,ORD-2025-01008,2025-03-18,P0077,Almacenamiento Nova 7,Muebles,Almacenamiento,7,0.0,766.43,390.95,51.00922458672025
C0281,Benjamín González,Home Office,Chile,Centro,Maule,Talca,ORD-2025-01009,2023-09-17,P0095,Archivadores Plus 5,Oficina,Archivadores,5,0.0,2636.25,1214.65,46.07491702228545
C0281,Benjamín González,Home Office,Chile,Centro,Maule,Talca,ORD-2025-01009,2023-09-17,P0037,Periféricos Nova 7,Tecnología,Periféricos,8,0.0,2311.84,1051.44,45.48065610076822
C0281,Benjamín González,Home Office,Chile,Centro,Maule,Talca,ORD-2025-01009,2023-09-17,P0075,Almacenamiento Plus 5,Muebles,Almacenamiento,5,0.15,2262.53,919.11,40.6231077598971
C0281,Benjamín González,Home Office,Chile,Centro,Maule,Talca,ORD-2025-01009,2023-09-17,P0065,Libreros Pro 5,Muebles,Libreros,4,0.0,1715.16,863.92,50.369644814477944
C0175,María Fuentes,Consumidor,Chile,Centro,Metropolitana,Santiago,ORD-2025-01010,2024-03-19,P0114,Sobres Pro 4,Oficina,Sobres,3,0.0,162.3,74.58,45.95194085027726
C0175,María Fuentes,Consumidor,Chile,Centro,Metropolitana,Santiago,ORD-2025-01010,2024-03-19,P0059,Mesas Smart 9,Muebles,Mesas,3,0.2,331.39,66.01,19.919128519267332
C0175,María Fuentes,Consumidor,Chile,Centro,Metropolitana,Santiago,ORD-2025-01010,2024-03-19,P0052,Mesas Nova 2,Muebles,Mesas,6,0.0,2964.9,698.7,23.56571891126176
C0244,Nicolás Hernández,Consumidor,Chile,Norte,Coquimbo,La Serena,ORD-2025-01011,2023-01-24,P0001,Accesorios Flex 1,Tecnología,Accesorios,7,0.2,2496.7,933.04,37.370929627107785
C0244,Nicolás Hernández,Consumidor,Chile,Norte,Coquimbo,La Serena,ORD-2025-01011,2023-01-24,P0006,Accesorios Nova 6,Tecnología,Accesorios,8,0.0,6954.24,2777.12,39.9341984170808
C0211,Gabriel Morales,Consumidor,Chile,Sur,Biobío,Concepción,ORD-2025-01012,2024-02-23,P0069,Libreros Smart 9,Muebles,Libreros,3,0.0,2003.58,593.43,29.618482915581108
C0211,Gabriel Morales,Consumidor,Chile,Sur,Biobío,Concepción,ORD-2025-01012,2024-02-23,P0025,Computadores Plus 5,Tecnología,Computadores,2,0.0,1527.42,488.1,31.955847114742507
C0072,Sofía Pérez,Consumidor,Chile,Centro,Maule,Talca,ORD-2025-01013,2023-08-23,P0069,Libreros Smart 9,Muebles,Libreros,5,0.3,2337.51,56.69,2.425230266394582
C0270,Ana Rojas,Corporativo,Chile,Norte,Tarapacá,Iquique,ORD-2025-01014,2023-07-17,P0035,Periféricos Nova 5,Tecnología,Periféricos,2,0.0,1529.42,451.9,29.547148592276805
C0232,Catalina López,Corporativo,Chile,Austral,Aysén,Coyhaique,ORD-2025-01015,2024-09-11,P0120,Sobres Plus 10,Oficina,Sobres,4,0.15,2401.32,624.69,26.014442056868724
C0100,Diego Díaz,Consumidor,Chile,Sur,Biobío,Concepción,ORD-2025-01016,2023-11-23,P0119,Sobres Plus 9,Oficina,Sobres,1,0.2,496.19,158.96,32.03611519780729
C0100,Diego Díaz,Consumidor,Chile,Sur,Biobío,Concepción,ORD-2025-01016,2023-11-23,P0063,Libreros Smart 3,Muebles,Libreros,1,0.3,174.64,-10.26,-5.874942739349519
C0066,Paula Silva,Consumidor,Chile,Centro,Valparaíso,Valparaíso,ORD-2025-01017,2024-07-07,P0117,Sobres Eco 7,Oficina,Sobres,6,0.05,4249.12,849.96,20.003200662725458
C0066,Paula Silva,Consumidor,Chile,Centro,Valparaíso,Valparaíso,ORD-2025-01017,2024-07-07,P0112,Sobres Pro 2,Oficina,Sobres,3,0.0,1360.95,682.32,50.13556706712223
C0066,Paula Silva,Consumidor,Chile,Centro,Valparaíso,Valparaíso,ORD-2025-01017,2024-07-07,P0037,Periféricos Nova 7,Tecnología,Periféricos,8,0.2,1849.47,533.61,28.85204950607471
C0066,Paula Silva,Consumidor,Chile,Centro,Valparaíso,Valparaíso,ORD-2025-01018,2024-07-17,P0064,Libreros Eco 4,Muebles,Libreros,1,0.05,142.98,28.24,19.75101412785005
C0066,Paula Silva,Consumidor,Chile,Centro,Valparaíso,Valparaíso,ORD-2025-01018,2024-07-17,P0086,Papelería Flex 6,Oficina,Papelería,3,0.0,1938.39,819.63,42.28406048318449
C0066,Paula Silva,Consumidor,Chile,Centro,Valparaíso,Valparaíso,ORD-2025-01018,2024-07-17,P0033,Periféricos Nova 3,Tecnología,Periféricos,4,0.2,2826.72,29.59,1.046796286862512
C0164,Tomás Martínez,Consumidor,Chile,Sur,Los Lagos,Puerto Montt,ORD-2025-01019,2025-04-13,P0076,Almacenamiento Eco 6,Muebles,Almacenamiento,5,0.0,573.7,264.8,46.1565278019871
C0164,Tomás Martínez,Consumidor,Chile,Sur,Los Lagos,Puerto Montt,ORD-2025-01019,2025-04-13,P0024,Computadores Nova 4,Tecnología,Computadores,1,0.2,645.88,236.37,36.59658140831114
C0164,Tomás Martínez,Consumidor,Chile,Sur,Los Lagos,Puerto Montt,ORD-2025-01019,2025-04-13,P0073,Almacenamiento Eco 3,Muebles,Almacenamiento,1,0.1,157.28,38.23,24.30696846388606
C0267,Carlos Martínez,Corporativo,Chile,Sur,Los Ríos,Valdivia,ORD-2025-01020,2024-09-14,P0050,Sillas Nova 10,Muebles,Sillas,6,0.2,1159.82,385.46,33.23446741735786
C0232,Catalina López,Corporativo,Chile,Austral,Aysén,Coyhaique,ORD-2025-01021,2025-02-13,P0054,Mesas Eco 4,Muebles,Mesas,2,0.05,156.79,35.2,22.45041137827668
C0232,Catalina López,Corporativo,Chile,Austral,Aysén,Coyhaique,ORD-2025-01021,2025-02-13,P0039,Periféricos Nova 9,Tecnología,Periféricos,1,0.0,237.11,48.2,20.328117751254695
C0232,Catalina López,Corporativo,Chile,Austral,Aysén,Coyhaique,ORD-2025-01021,2025-02-13,P0066,Libreros Smart 6,Muebles,Libreros,5,0.05,1709.29,835.95,48.906271024811474
C0232,Catalina López,Corporativo,Chile,Austral,Aysén,Coyhaique,ORD-2025-01021,2025-02-13,P0079,Almacenamiento Nova 9,Muebles,Almacenamiento,3,0.2,117.29,11.98,10.213999488447438
C0236,Fernanda Sepúlveda,Home Office,Chile,Centro,Maule,Talca,ORD-2025-01022,2025-03-03,P0069,Libreros Smart 9,Muebles,Libreros,5,0.0,3339.3,989.05,29.618482915581108
C0129,Felipe Rodríguez,Corporativo,Chile,Centro,Maule,Talca,ORD-2025-01023,2023-06-28,P0091,Archivadores Flex 1,Oficina,Archivadores,3,0.1,1391.28,358.76,25.786326260709565
C0129,Felipe Rodríguez,Corporativo,Chile,Centro,Maule,Talca,ORD-2025-01023,2023-06-28,P0044,Sillas Plus 4,Muebles,Sillas,4,0.2,2331.36,515.48,22.110699334294146
C0129,Felipe Rodríguez,Corporativo,Chile,Centro,Maule,Talca,ORD-2025-01023,2023-06-28,P0069,Libreros Smart 9,Muebles,Libreros,6,0.15,3406.09,595.76,17.491023431559352
C0129,Felipe Rodríguez,Corporativo,Chile,Centro,Maule,Talca,ORD-2025-01023,2023-06-28,P0050,Sillas Nova 10,Muebles,Sillas,3,0.3,507.42,112.41,22.153245831855266
C0008,Jorge Muñoz,Corporativo,Chile,Centro,Maule,Talca,ORD-2025-01024,2023-06-16,P0080,Almacenamiento Plus 10,Muebles,Almacenamiento,6,0.1,4271.99,2008.36,47.012282332121565
C0008,Jorge Muñoz,Corporativo,Chile,Centro,Maule,Talca,ORD-2025-01024,2023-06-16,P0109,Etiquetas Smart 9,Oficina,Etiquetas,2,0.15,1298.44,166.97,12.859277286590062
C0269,Javiera Soto,Corporativo,Chile,Sur,Los Ríos,Valdivia,ORD-2025-01025,2024-02-01,P0051,Mesas Smart 1,Muebles,Mesas,3,0.0,284.64,108.78,38.21669477234402
C0269,Javiera Soto,Corporativo,Chile,Sur,Los Ríos,Valdivia,ORD-2025-01025,2024-02-01,P0063,Libreros Smart 3,Muebles,Libreros,5,0.0,1247.4,326.55,26.17845117845118
C0269,Javiera Soto,Corporativo,Chile,Sur,Los Ríos,Valdivia,ORD-2025-01025,2024-02-01,P0004,Accesorios Eco 4,Tecnología,Accesorios,5,0.0,140.6,41.55,29.551920341394023
C0269,Javiera Soto,Corporativo,Chile,Sur,Los Ríos,Valdivia,ORD-2025-01025,2024-02-01,P0116,Sobres Flex 6,Oficina,Sobres,2,0.15,1316.12,328.88,24.988602862960825
C0208,Fernanda Díaz,Home Office,Chile,Austral,Magallanes,Punta Arenas,ORD-2025-01026,2024-01-27,P0097,Archivadores Smart 7,Oficina,Archivadores,1,0.05,253.69,46.72,18.416177224171232
C0208,Fernanda Díaz,Home Office,Chile,Austral,Magallanes,Punta Arenas,ORD-2025-01026,2024-01-27,P0076,Almacenamiento Eco 6,Muebles,Almacenamiento,3,0.0,344.22,158.88,46.156527801987096
C0208,Fernanda Díaz,Home Office,Chile,Austral,Magallanes,Punta Arenas,ORD-2025-01026,2024-01-27,P0001,Accesorios Flex 1,Tecnología,Accesorios,3,0.0,1337.52,706.02,52.78575273640767
C0300,Camila Díaz,Corporativo,Chile,Sur,Los Lagos,Puerto Montt,ORD-2025-01027,2023-02-19,P0063,Libreros Smart 3,Muebles,Libreros,8,0.0,1995.84,522.48,26.17845117845118
C0300,Camila Díaz,Corporativo,Chile,Sur,Los Lagos,Puerto Montt,ORD-2025-01027,2023-02-19,P0008,Accesorios Plus 8,Tecnología,Accesorios,1,0.0,396.6,121.41,30.61270801815431
C0221,Valentina Hernández,Home Office,Chile,Norte,Tarapacá,Iquique,ORD-2025-01028,2023-04-12,P0009,Accesorios Flex 9,Tecnología,Accesorios,6,0.15,4400.18,1504.63,34.19473748801185
C0221,Valentina Hernández,Home Office,Chile,Norte,Tarapacá,Iquique,ORD-2025-01028,2023-04-12,P0001,Accesorios Flex 1,Tecnología,Accesorios,8,0.0,3566.72,1882.72,52.78575273640769
C0221,Valentina Hernández,Home Office,Chile,Norte,Tarapacá,Iquique,ORD-2025-01028,2023-04-12,P0102,Etiquetas Pro 2,Oficina,Etiquetas,6,0.05,2443.53,824.52,33.742986580889124
C0221,Valentina Hernández,Home Office,Chile,Norte,Tarapacá,Iquique,ORD-2025-01028,2023-04-12,P0011,Teléfonos Plus 1,Tecnología,Teléfonos,7,0.3,2703.48,188.07,6.956589284921656
C0146,Javiera Silva,Home Office,Chile,Austral,Aysén,Coyhaique,ORD-2025-01029,2023-12-06,P0079,Almacenamiento Nova 9,Muebles,Almacenamiento,5,0.15,207.7,32.66,15.724602792489167
C0042,Pedro Hernández,Home Office,Chile,Centro,Metropolitana,Santiago,ORD-2025-01030,2024-11-17,P0044,Sillas Plus 4,Muebles,Sillas,1,0.15,619.27,185.28,29.919098293151613
C0042,Pedro Hernández,Home Office,Chile,Centro,Metropolitana,Santiago,ORD-2025-01030,2024-11-17,P0083,Papelería Pro 3,Oficina,Papelería,7,0.0,370.23,120.26,32.48251087162035
C0042,Pedro Hernández,Home Office,Chile,Centro,Metropolitana,Santiago,ORD-2025-01030,2024-11-17,P0071,Almacenamiento Flex 1,Muebles,Almacenamiento,2,0.15,1510.48,157.98,10.458926963614216
C0042,Pedro Hernández,Home Office,Chile,Centro,Metropolitana,Santiago,ORD-2025-01030,2024-11-17,P0053,Mesas Eco 3,Muebles,Mesas,2,0.0,741.42,264.0,35.6073480618273
C0036,Benjamín Soto,Consumidor,Chile,Centro,O'Higgins,Rancagua,ORD-2025-01031,2024-11-22,P0027,Computadores Flex 7,Tecnología,Computadores,6,0.05,226.18,115.71,51.1583694402688
C0036,Benjamín Soto,Consumidor,Chile,Centro,O'Higgins,Rancagua,ORD-2025-01031,2024-11-22,P0088,Papelería Eco 8,Oficina,Papelería,8,0.0,5566.72,2183.92,39.231719935617384
C0036,Benjamín Soto,Consumidor,Chile,Centro,O'Higgins,Rancagua,ORD-2025-01031,2024-11-22,P0010,Accesorios Nova 10,Tecnología,Accesorios,3,0.2,1627.39,84.31,5.180688095662379
C0036,Benjamín Soto,Consumidor,Chile,Centro,O'Higgins,Rancagua,ORD-2025-01031,2024-11-22,P0083,Papelería Pro 3,Oficina,Papelería,6,0.2,253.87,46.7,18.39524165911687
C0043,Carlos Pérez,Corporativo,Chile,Austral,Magallanes,Punta Arenas,ORD-2025-01032,2023-03-27,P0004,Accesorios Eco 4,Tecnología,Accesorios,4,0.3,78.74,-4.96,-6.299212598425196
C0292,Carlos Castillo,Home Office,Chile,Centro,Maule,Talca,ORD-2025-01033,2025-02-09,P0027,Computadores Flex 7,Tecnología,Computadores,3,0.1,107.14,51.33,47.909277580735484
C0195,Sebastián Espinoza,Corporativo,Chile,Austral,Aysén,Coyhaique,ORD-2025-01034,2024-09-19,P0085,Papelería Smart 5,Oficina,Papelería,4,0.3,2083.23,-49.57,-2.379478022109897
C0195,Sebastián Espinoza,Corporativo,Chile,Austral,Aysén,Coyhaique,ORD-2025-01034,2024-09-19,P0113,Sobres Smart 3,Oficina,Sobres,6,0.05,3471.36,1183.75,34.10046782817109
C0195,Sebastián Espinoza,Corporativo,Chile,Austral,Aysén,Coyhaique,ORD-2025-01034,2024-09-19,P0006,Accesorios Nova 6,Tecnología,Accesorios,2,0.0,1738.56,694.28,39.9341984170808
C0195,Sebastián Espinoza,Corporativo,Chile,Austral,Aysén,Coyhaique,ORD-2025-01034,2024-09-19,P0105,Etiquetas Pro 5,Oficina,Etiquetas,7,0.15,1543.91,718.79,46.55647026057218
C0202,Luis Muñoz,Corporativo,Chile,Sur,Los Ríos,Valdivia,ORD-2025-01035,2023-10-27,P0063,Libreros Smart 3,Muebles,Libreros,3,0.1,673.6,126.6,18.794536817102138
C0202,Luis Muñoz,Corporativo,Chile,Sur,Los Ríos,Valdivia,ORD-2025-01035,2023-10-27,P0029,Computadores Eco 9,Tecnología,Computadores,4,0.3,787.14,-71.53,-9.087328810630892
C0201,Josefa Muñoz,Corporativo,Chile,Sur,La Araucanía,Temuco,ORD-2025-01036,2023-11-18,P0066,Libreros Smart 6,Muebles,Libreros,5,0.2,1439.4,614.28,42.676115047936634
C0201,Josefa Muñoz,Corporativo,Chile,Sur,La Araucanía,Temuco,ORD-2025-01036,2023-11-18,P0105,Etiquetas Pro 5,Oficina,Etiquetas,5,0.15,1102.79,461.52,41.85021626964336
C0201,Josefa Muñoz,Corporativo,Chile,Sur,La Araucanía,Temuco,ORD-2025-01036,2023-11-18,P0040,Periféricos Eco 10,Tecnología,Periféricos,7,0.0,5194.07,2180.01,41.97113246452205
C0201,Josefa Muñoz,Corporativo,Chile,Sur,La Araucanía,Temuco,ORD-2025-01036,2023-11-18,P0075,Almacenamiento Plus 5,Muebles,Almacenamiento,3,0.2,1277.66,486.62,38.08681495859618
C0057,Luis Fuentes,Consumidor,Chile,Sur,Los Lagos,Puerto Montt,ORD-2025-01037,2023-05-27,P0113,Sobres Smart 3,Oficina,Sobres,7,0.3,2984.15,515.08,17.26052644806729
C0057,Luis Fuentes,Consumidor,Chile,Sur,Los Lagos,Puerto Montt,ORD-2025-01037,2023-05-27,P0095,Archivadores Plus 5,Oficina,Archivadores,6,0.0,3163.5,1457.58,46.07491702228544
C0057,Luis Fuentes,Consumidor,Chile,Sur,Los Lagos,Puerto Montt,ORD-2025-01037,2023-05-27,P0033,Periféricos Nova 3,Tecnología,Periféricos,5,0.0,4416.75,954.35,21.607516839304918
C0057,Luis Fuentes,Consumidor,Chile,Sur,Los Lagos,Puerto Montt,ORD-2025-01037,2023-05-27,P0039,Periféricos Nova 9,Tecnología,Periféricos,7,0.15,1410.8,48.5,3.4377658066345336
C0076,Isidora Silva,Corporativo,Chile,Norte,Antofagasta,Antofagasta,ORD-2025-01038,2025-03-17,P0064,Libreros Eco 4,Muebles,Libreros,8,0.0,1204.08,285.28,23.69277788851239
C0076,Isidora Silva,Corporativo,Chile,Norte,Antofagasta,Antofagasta,ORD-2025-01038,2025-03-17,P0090,Papelería Plus 10,Oficina,Papelería,1,0.3,531.57,87.61,16.481366518050304
C0076,Isidora Silva,Corporativo,Chile,Norte,Antofagasta,Antofagasta,ORD-2025-01038,2025-03-17,P0084,Papelería Flex 4,Oficina,Papelería,3,0.0,2208.36,1153.68,52.241482367005375
C0125,Carlos Pérez,Corporativo,Chile,Centro,O'Higgins,Rancagua,ORD-2025-01039,2023-07-17,P0041,Sillas Eco 1,Muebles,Sillas,2,0.2,247.23,46.38,18.75985924038345
C0125,Carlos Pérez,Corporativo,Chile,Centro,O'Higgins,Rancagua,ORD-2025-01039,2023-07-17,P0002,Accesorios Smart 2,Tecnología,Accesorios,7,0.05,66.9,25.59,38.25112107623318
C0125,Carlos Pérez,Corporativo,Chile,Centro,O'Higgins,Rancagua,ORD-2025-01039,2023-07-17,P0086,Papelería Flex 6,Oficina,Papelería,3,0.2,1550.71,478.4,30.850384662509427
C0035,Josefa Torres,Home Office,Chile,Austral,Aysén,Coyhaique,ORD-2025-01040,2023-05-22,P0065,Libreros Pro 5,Muebles,Libreros,5,0.0,2143.95,1079.9,50.36964481447795
C0035,Josefa Torres,Home Office,Chile,Austral,Aysén,Coyhaique,ORD-2025-01040,2023-05-22,P0099,Archivadores Eco 9,Oficina,Archivadores,4,0.05,40.17,19.75,49.16604431167538
C0035,Josefa Torres,Home Office,Chile,Austral,Aysén,Coyhaique,ORD-2025-01040,2023-05-22,P0055,Mesas Plus 5,Muebles,Mesas,8,0.2,3706.3,1169.92,31.565712435582654
C0277,Fernanda Torres,Home Office,Chile,Sur,Los Lagos,Puerto Montt,ORD-2025-01041,2024-09-11,P0049,Sillas Smart 9,Muebles,Sillas,1,0.15,245.75,31.37,12.76500508646999
C0277,Fernanda Torres,Home Office,Chile,Sur,Los Lagos,Puerto Montt,ORD-2025-01041,2024-09-11,P0078,Almacenamiento Eco 8,Muebles,Almacenamiento,5,0.2,1200.88,478.69,39.86160149223902
C0013,Daniela Araya,Corporativo,Chile,Centro,O'Higgins,Rancagua,ORD-2025-01042,2024-07-29,P0019,Teléfonos Eco 9,Tecnología,Teléfonos,5,0.15,2233.08,210.33,9.418829598581333
C0013,Daniela Araya,Corporativo,Chile,Centro,O'Higgins,Rancagua,ORD-2025-01042,2024-07-29,P0117,Sobres Eco 7,Oficina,Sobres,4,0.15,2534.56,337.13,13.301322517517832
C0040,Fernanda Rojas,Consumidor,Chile,Sur,Los Ríos,Valdivia,ORD-2025-01043,2023-04-21,P0028,Computadores Pro 8,Tecnología,Computadores,1,0.1,415.92,179.62,43.186189651856125
C0032,Sebastián Torres,Corporativo,Chile,Centro,Metropolitana,Santiago,ORD-2025-01044,2023-10-16,P0010,Accesorios Nova 10,Tecnología,Accesorios,4,0.15,2305.47,367.49,15.939916806551377
C0032,Sebastián Torres,Corporativo,Chile,Centro,Metropolitana,Santiago,ORD-2025-01044,2023-10-16,P0036,Periféricos Nova 6,Tecnología,Periféricos,4,0.3,2456.16,852.8,34.720865090222134
C0032,Sebastián Torres,Corporativo,Chile,Centro,Metropolitana,Santiago,ORD-2025-01044,2023-10-16,P0046,Sillas Pro 6,Muebles,Sillas,1,0.05,80.63,36.3,45.020463847203274
C0053,Nicolás Contreras,Corporativo,Chile,Norte,Tarapacá,Iquique,ORD-2025-01045,2024-02-17,P0108,Etiquetas Flex 8,Oficina,Etiquetas,8,0.1,3534.84,467.4,13.222663543470142
C0053,Nicolás Contreras,Corporativo,Chile,Norte,Tarapacá,Iquique,ORD-2025-01045,2024-02-17,P0020,Teléfonos Flex 10,Tecnología,Teléfonos,8,0.0,3955.12,1994.56,50.42982260968062
C0053,Nicolás Contreras,Corporativo,Chile,Norte,Tarapacá,Iquique,ORD-2025-01045,2024-02-17,P0062,Libreros Plus 2,Muebles,Libreros,2,0.2,745.09,304.44,40.85949348400864
C0053,Nicolás Contreras,Corporativo,Chile,Norte,Tarapacá,Iquique,ORD-2025-01045,2024-02-17,P0067,Libreros Pro 7,Muebles,Libreros,7,0.2,967.51,157.77,16.306808198364877
C0058,Nicolás Morales,Home Office,Chile,Norte,Coquimbo,La Serena,ORD-2025-01046,2023-03-29,P0075,Almacenamiento Plus 5,Muebles,Almacenamiento,4,0.05,2022.97,953.26,47.12180605743041
C0058,Nicolás Morales,Home Office,Chile,Norte,Coquimbo,La Serena,ORD-2025-01046,2023-03-29,P0061,Libreros Plus 1,Muebles,Libreros,1,0.15,744.06,261.14,35.096631992043655
C0058,Nicolás Morales,Home Office,Chile,Norte,Coquimbo,La Serena,ORD-2025-01046,2023-03-29,P0069,Libreros Smart 9,Muebles,Libreros,4,0.15,2270.72,440.28,19.389444757609922
C0277,Fernanda Torres,Home Office,Chile,Sur,Los Lagos,Puerto Montt,ORD-2025-01047,2023-03-10,P0032,Periféricos Eco 2,Tecnología,Periféricos,6,0.05,4124.46,1043.44,25.298826997958525
C0277,Fernanda Torres,Home Office,Chile,Sur,Los Lagos,Puerto Montt,ORD-2025-01047,2023-03-10,P0037,Periféricos Nova 7,Tecnología,Periféricos,3,0.2,693.55,227.83,32.84983058178935
C0277,Fernanda Torres,Home Office,Chile,Sur,Los Lagos,Puerto Montt,ORD-2025-01047,2023-03-10,P0013,Teléfonos Nova 3,Tecnología,Teléfonos,8,0.3,1600.82,255.97,15.989930160792595
C0035,Josefa Torres,Home Office,Chile,Austral,Aysén,Coyhaique,ORD-2025-01048,2024-11-28,P0078,Almacenamiento Eco 8,Muebles,Almacenamiento,4,0.0,1200.88,659.32,54.90307108120711
C0035,Josefa Torres,Home Office,Chile,Austral,Aysén,Coyhaique,ORD-2025-01048,2024-11-28,P0001,Accesorios Flex 1,Tecnología,Accesorios,3,0.15,1136.89,529.11,46.54012261520463
C0035,Josefa Torres,Home Office,Chile,Austral,Aysén,Coyhaique,ORD-2025-01048,2024-11-28,P0023,Computadores Pro 3,Tecnología,Computadores,8,0.2,5077.57,1952.39,38.45126704309345
C0035,Josefa Torres,Home Office,Chile,Austral,Aysén,Coyhaique,ORD-2025-01048,2024-11-28,P0033,Periféricos Nova 3,Tecnología,Periféricos,6,0.0,5300.1,1145.22,21.607516839304918
C0085,Ana Sepúlveda,Home Office,Chile,Sur,Los Ríos,Valdivia,ORD-2025-01049,2023-11-24,P0031,Periféricos Smart 1,Tecnología,Periféricos,1,0.3,162.81,40.89,25.115164916159944
C0275,Carlos López,Corporativo,Chile,Centro,Maule,Talca,ORD-2025-01050,2024-07-31,P0062,Libreros Plus 2,Muebles,Libreros,8,0.3,2607.81,743.77,28.520866167397163
C0275,Carlos López,Corporativo,Chile,Centro,Maule,Talca,ORD-2025-01050,2024-07-31,P0016,Teléfonos Pro 6,Tecnología,Teléfonos,5,0.0,3896.5,1983.0,50.89182599769023
C0259,Catalina Flores,Corporativo,Chile,Austral,Magallanes,Punta Arenas,ORD-2025-01051,2024-02-04,P0007,Accesorios Nova 7,Tecnología,Accesorios,3,0.1,845.34,428.1,50.64234509191567
C0149,Sebastián Soto,Consumidor,Chile,Centro,Maule,Talca,ORD-2025-01052,2024-05-15,P0109,Etiquetas Smart 9,Oficina,Etiquetas,8,0.3,4277.22,100.41,2.3475528497482006
C0149,Sebastián Soto,Consumidor,Chile,Centro,Maule,Talca,ORD-2025-01052,2024-05-15,P0120,Sobres Plus 10,Oficina,Sobres,2,0.3,988.78,181.01,18.306397783126684
C0149,Sebastián Soto,Consumidor,Chile,Centro,Maule,Talca,ORD-2025-01052,2024-05-15,P0091,Archivadores Flex 1,Oficina,Archivadores,7,0.15,3065.98,541.73,17.66906502977841
C0149,Sebastián Soto,Consumidor,Chile,Centro,Maule,Talca,ORD-2025-01052,2024-05-15,P0099,Archivadores Eco 9,Oficina,Archivadores,8,0.2,67.65,29.03,42.9120473022912
C0269,Javiera Soto,Corporativo,Chile,Sur,Los Ríos,Valdivia,ORD-2025-01053,2023-08-29,P0120,Sobres Plus 10,Oficina,Sobres,5,0.0,3531.35,1345.95,38.11431888654481
C0269,Javiera Soto,Corporativo,Chile,Sur,Los Ríos,Valdivia,ORD-2025-01053,2023-08-29,P0088,Papelería Eco 8,Oficina,Papelería,6,0.05,3966.29,1405.78,35.44319754733012
C0094,Jorge Fuentes,Corporativo,Chile,Norte,Antofagasta,Antofagasta,ORD-2025-01054,2023-05-11,P0059,Mesas Smart 9,Muebles,Mesas,1,0.15,117.37,26.25,22.365169975291813
C0125,Carlos Pérez,Corporativo,Chile,Centro,O'Higgins,Rancagua,ORD-2025-01055,2024-03-07,P0005,Accesorios Flex 5,Tecnología,Accesorios,2,0.0,1783.34,681.72,38.227146814404435
C0125,Carlos Pérez,Corporativo,Chile,Centro,O'Higgins,Rancagua,ORD-2025-01055,2024-03-07,P0054,Mesas Eco 4,Muebles,Mesas,1,0.0,82.52,21.59,26.16335433834222
C0125,Carlos Pérez,Corporativo,Chile,Centro,O'Higgins,Rancagua,ORD-2025-01055,2024-03-07,P0052,Mesas Nova 2,Muebles,Mesas,6,0.05,2816.65,540.41,19.18626737436316
C0173,Fernanda Hernández,Corporativo,Chile,Centro,Metropolitana,Santiago,ORD-2025-01056,2024-09-04,P0037,Periféricos Nova 7,Tecnología,Periféricos,4,0.15,982.53,352.89,35.91646056608958
C0173,Fernanda Hernández,Corporativo,Chile,Centro,Metropolitana,Santiago,ORD-2025-01056,2024-09-04,P0077,Almacenamiento Nova 7,Muebles,Almacenamiento,3,0.0,328.47,167.55,51.00922458672025
C0173,Fernanda Hernández,Corporativo,Chile,Centro,Metropolitana,Santiago,ORD-2025-01056,2024-09-04,P0061,Libreros Plus 1,Muebles,Libreros,2,0.1,1575.65,656.24,41.648843334496874
C0199,Javiera Torres,Corporativo,Chile,Sur,Los Lagos,Puerto Montt,ORD-2025-01057,2023-10-18,P0064,Libreros Eco 4,Muebles,Libreros,3,0.2,361.22,19.45,5.384530203200264
C0266,Javiera Rodríguez,Home Office,Chile,Norte,Antofagasta,Antofagasta,ORD-2025-01058,2023-05-26,P0086,Papelería Flex 6,Oficina,Papelería,3,0.1,1744.55,664.36,38.0820268837236
C0266,Javiera Rodríguez,Home Office,Chile,Norte,Antofagasta,Antofagasta,ORD-2025-01058,2023-05-26,P0089,Papelería Plus 9,Oficina,Papelería,3,0.0,1053.36,357.93,33.979835953520166
C0266,Javiera Rodríguez,Home Office,Chile,Norte,Antofagasta,Antofagasta,ORD-2025-01058,2023-05-26,P0012,Teléfonos Flex 2,Tecnología,Teléfonos,5,0.2,1353.92,469.37,34.667484046324745
C0266,Javiera Rodríguez,Home Office,Chile,Norte,Antofagasta,Antofagasta,ORD-2025-01058,2023-05-26,P0076,Almacenamiento Eco 6,Muebles,Almacenamiento,1,0.15,97.53,37.26,38.20362965241464
C0254,Isidora Rojas,Consumidor,Chile,Sur,Biobío,Concepción,ORD-2025-01059,2023-04-28,P0031,Periféricos Smart 1,Tecnología,Periféricos,6,0.2,1116.38,399.63,35.796950859026495
C0254,Isidora Rojas,Consumidor,Chile,Sur,Biobío,Concepción,ORD-2025-01059,2023-04-28,P0049,Sillas Smart 9,Muebles,Sillas,4,0.0,1156.48,308.68,26.691339236303264
C0030,Sebastián Soto,Corporativo,Chile,Sur,Los Ríos,Valdivia,ORD-2025-01060,2025-01-09,P0067,Libreros Pro 7,Muebles,Libreros,2,0.0,345.54,127.48,36.89297910516872
C0030,Sebastián Soto,Corporativo,Chile,Sur,Los Ríos,Valdivia,ORD-2025-01060,2025-01-09,P0110,Etiquetas Nova 10,Oficina,Etiquetas,1,0.0,60.32,25.38,42.07559681697612
C0030,Sebastián Soto,Corporativo,Chile,Sur,Los Ríos,Valdivia,ORD-2025-01060,2025-01-09,P0043,Sillas Smart 3,Muebles,Sillas,5,0.0,3523.0,1494.85,42.4311666193585
C0030,Sebastián Soto,Corporativo,Chile,Sur,Los Ríos,Valdivia,ORD-2025-01060,2025-01-09,P0080,Almacenamiento Plus 10,Muebles,Almacenamiento,1,0.05,751.55,376.94,50.155012973188754
C0113,Martina Sepúlveda,Home Office,Chile,Norte,Antofagasta,Antofagasta,ORD-2025-01061,2024-10-10,P0069,Libreros Smart 9,Muebles,Libreros,1,0.0,667.86,197.81,29.618482915581108
C0113,Martina Sepúlveda,Home Office,Chile,Norte,Antofagasta,Antofagasta,ORD-2025-01061,2024-10-10,P0087,Papelería Flex 7,Oficina,Papelería,7,0.0,5182.59,1503.6,29.0125207666437
C0235,María Hernández,Consumidor,Chile,Austral,Aysén,Coyhaique,ORD-2025-01062,2024-12-15,P0010,Accesorios Nova 10,Tecnología,Accesorios,2,0.0,1356.16,362.02,26.694490325625292
C0235,María Hernández,Consumidor,Chile,Austral,Aysén,Coyhaique,ORD-2025-01062,2024-12-15,P0087,Papelería Flex 7,Oficina,Papelería,4,0.0,2961.48,859.2,29.012520766643707
C0255,Javiera Fuentes,Home Office,Chile,Sur,Los Ríos,Valdivia,ORD-2025-01063,2023-07-27,P0096,Archivadores Pro 6,Oficina,Archivadores,5,0.0,3532.45,1549.85,43.874647907259835
C0243,Nicolás López,Corporativo,Chile,Austral,Magallanes,Punta Arenas,ORD-2025-01064,2024-02-22,P0055,Mesas Plus 5,Muebles,Mesas,8,0.0,4632.88,1919.68,41.43599661549619
C0243,Nicolás López,Corporativo,Chile,Austral,Magallanes,Punta Arenas,ORD-2025-01064,2024-02-22,P0051,Mesas Smart 1,Muebles,Mesas,3,0.05,270.41,95.07,35.15772345697274
C0243,Nicolás López,Corporativo,Chile,Austral,Magallanes,Punta Arenas,ORD-2025-01064,2024-02-22,P0056,Mesas Flex 6,Muebles,Mesas,6,0.0,3615.9,965.94,26.713681241184766
C0243,Nicolás López,Corporativo,Chile,Austral,Magallanes,Punta Arenas,ORD-2025-01064,2024-02-22,P0113,Sobres Smart 3,Oficina,Sobres,3,0.3,1278.92,57.41,4.488943796328152
C0082,María Muñoz,Consumidor,Chile,Centro,Maule,Talca,ORD-2025-01065,2023-07-08,P0058,Mesas Nova 8,Muebles,Mesas,7,0.0,1645.49,380.45,23.120772535840388
C0082,María Muñoz,Consumidor,Chile,Centro,Maule,Talca,ORD-2025-01065,2023-07-08,P0022,Computadores Pro 2,Tecnología,Computadores,3,0.0,1293.66,651.42,50.35480729094197
C0163,Camila Silva,Corporativo,Chile,Austral,Magallanes,Punta Arenas,ORD-2025-01066,2024-08-02,P0020,Teléfonos Flex 10,Tecnología,Teléfonos,7,0.15,2941.62,1127.6,38.332619440988296
C0163,Camila Silva,Corporativo,Chile,Austral,Magallanes,Punta Arenas,ORD-2025-01066,2024-08-02,P0049,Sillas Smart 9,Muebles,Sillas,5,0.0,1445.6,385.85,26.691339236303268
C0163,Camila Silva,Corporativo,Chile,Austral,Magallanes,Punta Arenas,ORD-2025-01066,2024-08-02,P0117,Sobres Eco 7,Oficina,Sobres,6,0.0,4472.76,1055.82,23.60555898371475
C0163,Camila Silva,Corporativo,Chile,Austral,Magallanes,Punta Arenas,ORD-2025-01066,2024-08-02,P0118,Sobres Nova 8,Oficina,Sobres,5,0.0,1160.25,327.15,28.19650937297996
C0199,Javiera Torres,Corporativo,Chile,Sur,Los Lagos,Puerto Montt,ORD-2025-01067,2023-12-04,P0076,Almacenamiento Eco 6,Muebles,Almacenamiento,6,0.2,550.75,188.28,34.18610985020427
C0199,Javiera Torres,Corporativo,Chile,Sur,Los Lagos,Puerto Montt,ORD-2025-01067,2023-12-04,P0069,Libreros Smart 9,Muebles,Libreros,8,0.0,5342.88,1582.48,29.618482915581108
C0270,Ana Rojas,Corporativo,Chile,Norte,Tarapacá,Iquique,ORD-2025-01068,2024-03-14,P0034,Periféricos Flex 4,Tecnología,Periféricos,5,0.0,2098.4,719.55,34.29041174227983
C0270,Ana Rojas,Corporativo,Chile,Norte,Tarapacá,Iquique,ORD-2025-01068,2024-03-14,P0072,Almacenamiento Nova 2,Muebles,Almacenamiento,8,0.15,4685.06,1214.15,25.91535647355637
C0120,Fernanda Díaz,Corporativo,Chile,Centro,Valparaíso,Valparaíso,ORD-2025-01069,2024-10-19,P0094,Archivadores Pro 4,Oficina,Archivadores,3,0.15,459.1,74.67,16.264430407318667
C0260,Antonia Soto,Home Office,Chile,Sur,Los Lagos,Puerto Montt,ORD-2025-01070,2024-02-05,P0052,Mesas Nova 2,Muebles,Mesas,6,0.0,2964.9,698.7,23.56571891126176
C0117,Sebastián Torres,Consumidor,Chile,Centro,Metropolitana,Santiago,ORD-2025-01071,2023-07-13,P0114,Sobres Pro 4,Oficina,Sobres,1,0.0,54.1,24.86,45.95194085027726
C0117,Sebastián Torres,Consumidor,Chile,Centro,Metropolitana,Santiago,ORD-2025-01071,2023-07-13,P0082,Papelería Eco 2,Oficina,Papelería,4,0.0,2363.44,1289.68,54.567917950106626
C0089,Sofía Fuentes,Consumidor,Chile,Norte,Tarapacá,Iquique,ORD-2025-01072,2024-01-30,P0061,Libreros Plus 1,Muebles,Libreros,5,0.0,4376.8,2058.05,47.02179674648145
C0089,Sofía Fuentes,Consumidor,Chile,Norte,Tarapacá,Iquique,ORD-2025-01072,2024-01-30,P0064,Libreros Eco 4,Muebles,Libreros,2,0.1,270.92,43.57,16.082238299128893
C0209,Benjamín Castillo,Consumidor,Chile,Norte,Tarapacá,Iquique,ORD-2025-01073,2024-11-25,P0101,Etiquetas Eco 1,Oficina,Etiquetas,4,0.15,1967.61,404.66,20.5660674625561
C0209,Benjamín Castillo,Consumidor,Chile,Norte,Tarapacá,Iquique,ORD-2025-01073,2024-11-25,P0048,Sillas Plus 8,Muebles,Sillas,4,0.1,2251.55,329.45,14.632142301969752
C0209,Benjamín Castillo,Consumidor,Chile,Norte,Tarapacá,Iquique,ORD-2025-01073,2024-11-25,P0036,Periféricos Nova 6,Tecnología,Periféricos,7,0.2,4912.32,1771.96,36.07175428310859
C0209,Benjamín Castillo,Consumidor,Chile,Norte,Tarapacá,Iquique,ORD-2025-01073,2024-11-25,P0046,Sillas Pro 6,Muebles,Sillas,4,0.1,305.53,125.04,40.92560468693746
C0288,Martina Contreras,Home Office,Chile,Centro,Metropolitana,Santiago,ORD-2025-01074,2025-01-29,P0110,Etiquetas Nova 10,Oficina,Etiquetas,7,0.3,295.57,65.39,22.123354873633996
C0288,Martina Contreras,Home Office,Chile,Centro,Metropolitana,Santiago,ORD-2025-01074,2025-01-29,P0107,Etiquetas Pro 7,Oficina,Etiquetas,5,0.15,329.16,122.9,37.33746506258355
C0236,Fernanda Sepúlveda,Home Office,Chile,Centro,Maule,Talca,ORD-2025-01075,2024-04-29,P0099,Archivadores Eco 9,Oficina,Archivadores,7,0.05,70.29,35.06,49.879072414283684
C0236,Fernanda Sepúlveda,Home Office,Chile,Centro,Maule,Talca,ORD-2025-01075,2024-04-29,P0039,Periféricos Nova 9,Tecnología,Periféricos,4,0.2,758.75,-34.58,-4.557495881383855
C0275,Carlos López,Corporativo,Chile,Centro,Maule,Talca,ORD-2025-01076,2023-02-02,P0077,Almacenamiento Nova 7,Muebles,Almacenamiento,3,0.1,295.62,136.01,46.00838914823083
C0005,Daniela Rodríguez,Consumidor,Chile,Austral,Magallanes,Punta Arenas,ORD-2025-01077,2023-02-22,P0090,Papelería Plus 10,Oficina,Papelería,8,0.3,4252.58,552.84,13.00010816962879
C0073,Sebastián Fuentes,Corporativo,Chile,Austral,Aysén,Coyhaique,ORD-2025-01078,2024-08-27,P0009,Accesorios Flex 9,Tecnología,Accesorios,7,0.0,6039.46,2831.57,46.88448967291778
C0057,Luis Fuentes,Consumidor,Chile,Sur,Los Lagos,Puerto Montt,ORD-2025-01079,2023-12-29,P0003,Accesorios Plus 3,Tecnología,Accesorios,3,0.0,2604.78,549.48,21.095063690599588
C0057,Luis Fuentes,Consumidor,Chile,Sur,Los Lagos,Puerto Montt,ORD-2025-01079,2023-12-29,P0030,Computadores Flex 10,Tecnología,Computadores,2,0.0,1390.4,750.44,53.972957422324505
C0057,Luis Fuentes,Consumidor,Chile,Sur,Los Lagos,Puerto Montt,ORD-2025-01079,2023-12-29,P0099,Archivadores Eco 9,Oficina,Archivadores,4,0.05,40.17,19.95,49.663928304705
C0097,Sebastián Flores,Corporativo,Chile,Centro,Maule,Talca,ORD-2025-01080,2023-03-22,P0085,Papelería Smart 5,Oficina,Papelería,6,0.0,4464.06,1218.12,27.28726764425209
C0097,Sebastián Flores,Corporativo,Chile,Centro,Maule,Talca,ORD-2025-01080,2023-03-22,P0052,Mesas Nova 2,Muebles,Mesas,6,0.0,2964.9,698.7,23.56571891126176
C0077,Paula Morales,Home Office,Chile,Centro,Maule,Talca,ORD-2025-01081,2024-07-18,P0015,Teléfonos Plus 5,Tecnología,Teléfonos,1,0.15,593.73,78.3,13.18781264211005
C0077,Paula Morales,Home Office,Chile,Centro,Maule,Talca,ORD-2025-01081,2024-07-18,P0071,Almacenamiento Flex 1,Muebles,Almacenamiento,6,0.15,4531.45,532.87,11.75937062088294
C0077,Paula Morales,Home Office,Chile,Centro,Maule,Talca,ORD-2025-01081,2024-07-18,P0034,Periféricos Flex 4,Tecnología,Periféricos,7,0.0,2937.76,1007.37,34.29041174227983
C0300,Camila Díaz,Corporativo,Chile,Sur,Los Lagos,Puerto Montt,ORD-2025-01082,2023-08-26,P0041,Sillas Eco 1,Muebles,Sillas,4,0.3,432.66,15.65,3.617158970091989
C0300,Camila Díaz,Corporativo,Chile,Sur,Los Lagos,Puerto Montt,ORD-2025-01082,2023-08-26,P0018,Teléfonos Flex 8,Tecnología,Teléfonos,8,0.0,5490.24,1720.16,31.3312350644052
C0300,Camila Díaz,Corporativo,Chile,Sur,Los Lagos,Puerto Montt,ORD-2025-01082,2023-08-26,P0054,Mesas Eco 4,Muebles,Mesas,8,0.05,627.15,143.05,22.809535198915732
C0198,Valentina Contreras,Consumidor,Chile,Centro,Metropolitana,Santiago,ORD-2025-01083,2023-04-08,P0093,Archivadores Flex 3,Oficina,Archivadores,3,0.2,1499.69,661.67,44.12045155998906
C0198,Valentina Contreras,Consumidor,Chile,Centro,Metropolitana,Santiago,ORD-2025-01083,2023-04-08,P0023,Computadores Pro 3,Tecnología,Computadores,7,0.0,5553.59,2787.96,50.20104112835121
C0198,Valentina Contreras,Consumidor,Chile,Centro,Metropolitana,Santiago,ORD-2025-01083,2023-04-08,P0066,Libreros Smart 6,Muebles,Libreros,8,0.2,2303.04,982.83,42.675333472280116
C0198,Valentina Contreras,Consumidor,Chile,Centro,Metropolitana,Santiago,ORD-2025-01083,2023-04-08,P0055,Mesas Plus 5,Muebles,Mesas,4,0.0,2316.44,959.84,41.43599661549619
C0124,Tomás González,Home Office,Chile,Sur,Los Ríos,Valdivia,ORD-2025-01084,2023-01-21,P0096,Archivadores Pro 6,Oficina,Archivadores,8,0.0,5651.92,2479.76,43.87464790725984
C0124,Tomás González,Home Office,Chile,Sur,Los Ríos,Valdivia,ORD-2025-01084,2023-01-21,P0092,Archivadores Nova 2,Oficina,Archivadores,6,0.0,3697.92,1844.34,49.875064901349944
C0124,Tomás González,Home Office,Chile,Sur,Los Ríos,Valdivia,ORD-2025-01084,2023-01-21,P0118,Sobres Nova 8,Oficina,Sobres,7,0.3,1137.05,23.81,2.094015214810254
C0124,Tomás González,Home Office,Chile,Sur,Los Ríos,Valdivia,ORD-2025-01084,2023-01-21,P0023,Computadores Pro 3,Tecnología,Computadores,4,0.1,2856.13,1240.02,43.41609100426101
C0158,Catalina Díaz,Corporativo,Chile,Centro,Metropolitana,Santiago,ORD-2025-01085,2024-05-29,P0008,Accesorios Plus 8,Tecnología,Accesorios,3,0.15,1011.33,178.06,17.606518149367663
C0158,Catalina Díaz,Corporativo,Chile,Centro,Metropolitana,Santiago,ORD-2025-01085,2024-05-29,P0052,Mesas Nova 2,Muebles,Mesas,5,0.15,2100.14,278.91,13.28054320188178
C0284,Sebastián Contreras,Corporativo,Chile,Austral,Aysén,Coyhaique,ORD-2025-01086,2023-06-29,P0047,Sillas Plus 7,Muebles,Sillas,6,0.3,2930.89,-132.74,-4.528999723633436
C0284,Sebastián Contreras,Corporativo,Chile,Austral,Aysén,Coyhaique,ORD-2025-01086,2023-06-29,P0078,Almacenamiento Eco 8,Muebles,Almacenamiento,2,0.0,600.44,329.66,54.90307108120711
C0284,Sebastián Contreras,Corporativo,Chile,Austral,Aysén,Coyhaique,ORD-2025-01086,2023-06-29,P0076,Almacenamiento Eco 6,Muebles,Almacenamiento,1,0.1,103.27,40.9,39.60491914399148
C0284,Sebastián Contreras,Corporativo,Chile,Austral,Aysén,Coyhaique,ORD-2025-01086,2023-06-29,P0115,Sobres Pro 5,Oficina,Sobres,2,0.05,250.55,77.32,30.86010776292157
C0224,Constanza Morales,Consumidor,Chile,Norte,Antofagasta,Antofagasta,ORD-2025-01087,2024-09-21,P0062,Libreros Plus 2,Muebles,Libreros,2,0.0,931.36,460.42,49.4352344957911
C0224,Constanza Morales,Consumidor,Chile,Norte,Antofagasta,Antofagasta,ORD-2025-01087,2024-09-21,P0019,Teléfonos Eco 9,Tecnología,Teléfonos,2,0.3,735.6,-70.11,-9.530995106035888
C0224,Constanza Morales,Consumidor,Chile,Norte,Antofagasta,Antofagasta,ORD-2025-01087,2024-09-21,P0116,Sobres Flex 6,Oficina,Sobres,6,0.0,4645.14,1734.84,37.34742117568038
C0224,Constanza Morales,Consumidor,Chile,Norte,Antofagasta,Antofagasta,ORD-2025-01087,2024-09-21,P0110,Etiquetas Nova 10,Oficina,Etiquetas,3,0.0,180.96,76.14,42.07559681697612
C0043,Carlos Pérez,Corporativo,Chile,Austral,Magallanes,Punta Arenas,ORD-2025-01088,2025-01-31,P0076,Almacenamiento Eco 6,Muebles,Almacenamiento,4,0.2,367.17,117.58,32.023313451534705
C0165,Gabriel Silva,Home Office,Chile,Sur,Los Ríos,Valdivia,ORD-2025-01089,2024-03-29,P0046,Sillas Pro 6,Muebles,Sillas,3,0.3,178.23,43.31,24.300061718004827
C0150,Constanza Soto,Corporativo,Chile,Sur,La Araucanía,Temuco,ORD-2025-01090,2023-12-21,P0008,Accesorios Plus 8,Tecnología,Accesorios,5,0.1,1784.7,423.2,23.712668795876056
C0150,Constanza Soto,Corporativo,Chile,Sur,La Araucanía,Temuco,ORD-2025-01090,2023-12-21,P0104,Etiquetas Nova 4,Oficina,Etiquetas,3,0.0,1815.6,638.1,35.145406477197625
C0267,Carlos Martínez,Corporativo,Chile,Sur,Los Ríos,Valdivia,ORD-2025-01091,2023-09-07,P0082,Papelería Eco 2,Oficina,Papelería,6,0.0,3545.16,1934.52,54.567917950106626
C0267,Carlos Martínez,Corporativo,Chile,Sur,Los Ríos,Valdivia,ORD-2025-01091,2023-09-07,P0065,Libreros Pro 5,Muebles,Libreros,7,0.3,2101.07,517.31,24.621264403375417
C0267,Carlos Martínez,Corporativo,Chile,Sur,Los Ríos,Valdivia,ORD-2025-01091,2023-09-07,P0031,Periféricos Smart 1,Tecnología,Periféricos,1,0.1,209.32,100.85,48.179820370724244
C0140,Ignacio López,Home Office,Chile,Centro,Maule,Talca,ORD-2025-01092,2024-02-22,P0069,Libreros Smart 9,Muebles,Libreros,3,0.05,1903.4,481.68,25.30629400021015
C0023,Ana Espinoza,Home Office,Chile,Norte,Antofagasta,Antofagasta,ORD-2025-01093,2023-03-19,P0007,Accesorios Nova 7,Tecnología,Accesorios,6,0.0,1878.54,1017.06,54.140981826311915
C0193,Paula Fuentes,Corporativo,Chile,Centro,Valparaíso,Valparaíso,ORD-2025-01094,2023-03-03,P0069,Libreros Smart 9,Muebles,Libreros,3,0.15,1703.04,257.3,15.10827696354754
C0193,Paula Fuentes,Corporativo,Chile,Centro,Valparaíso,Valparaíso,ORD-2025-01094,2023-03-03,P0005,Accesorios Flex 5,Tecnología,Accesorios,4,0.0,3566.68,1363.44,38.227146814404435
C0268,Paula Castillo,Corporativo,Chile,Sur,La Araucanía,Temuco,ORD-2025-01095,2023-05-05,P0031,Periféricos Smart 1,Tecnología,Periféricos,2,0.3,325.61,72.16,22.16148152698013
C0007,Daniela López,Corporativo,Chile,Sur,Los Ríos,Valdivia,ORD-2025-01096,2024-04-22,P0024,Computadores Nova 4,Tecnología,Computadores,1,0.0,807.35,404.48,50.09970892425838
C0007,Daniela López,Corporativo,Chile,Sur,Los Ríos,Valdivia,ORD-2025-01096,2024-04-22,P0011,Teléfonos Plus 1,Tecnología,Teléfonos,5,0.0,2758.65,950.5,34.45525891287405
C0007,Daniela López,Corporativo,Chile,Sur,Los Ríos,Valdivia,ORD-2025-01096,2024-04-22,P0117,Sobres Eco 7,Oficina,Sobres,1,0.3,521.82,-13.15,-2.5200260626269593
C0007,Daniela López,Corporativo,Chile,Sur,Los Ríos,Valdivia,ORD-2025-01096,2024-04-22,P0035,Periféricos Nova 5,Tecnología,Periféricos,6,0.0,4588.26,1355.7,29.547148592276812
C0054,Catalina Araya,Corporativo,Chile,Sur,La Araucanía,Temuco,ORD-2025-01097,2023-07-04,P0113,Sobres Smart 3,Oficina,Sobres,2,0.1,1096.22,329.35,30.0441517213698
C0186,Sebastián Torres,Home Office,Chile,Austral,Magallanes,Punta Arenas,ORD-2025-01098,2023-09-23,P0050,Sillas Nova 10,Muebles,Sillas,2,0.0,483.26,223.58,46.264950544220504
C0186,Sebastián Torres,Home Office,Chile,Austral,Magallanes,Punta Arenas,ORD-2025-01098,2023-09-23,P0011,Teléfonos Plus 1,Tecnología,Teléfonos,4,0.3,1544.84,112.59,7.2881333989280455
C0186,Sebastián Torres,Home Office,Chile,Austral,Magallanes,Punta Arenas,ORD-2025-01098,2023-09-23,P0089,Papelería Plus 9,Oficina,Papelería,7,0.0,2457.84,835.17,33.97983595352016
C0300,Camila Díaz,Corporativo,Chile,Sur,Los Lagos,Puerto Montt,ORD-2025-01099,2023-12-29,P0070,Libreros Eco 10,Muebles,Libreros,4,0.0,3066.76,1181.68,38.53187076915051
C0300,Camila Díaz,Corporativo,Chile,Sur,Los Lagos,Puerto Montt,ORD-2025-01099,2023-12-29,P0027,Computadores Flex 7,Tecnología,Computadores,8,0.0,317.44,167.84,52.87298387096774
C0300,Camila Díaz,Corporativo,Chile,Sur,Los Lagos,Puerto Montt,ORD-2025-01099,2023-12-29,P0096,Archivadores Pro 6,Oficina,Archivadores,5,0.0,3532.45,1549.85,43.874647907259835
C0300,Camila Díaz,Corporativo,Chile,Sur,Los Lagos,Puerto Montt,ORD-2025-01099,2023-12-29,P0028,Computadores Pro 8,Tecnología,Computadores,5,0.2,1848.52,559.13,30.247441196200203
C0153,Matías Martínez,Home Office,Chile,Centro,Metropolitana,Santiago,ORD-2025-01100,2025-03-17,P0001,Accesorios Flex 1,Tecnología,Accesorios,5,0.0,2229.2,1176.7,52.78575273640769
C0153,Matías Martínez,Home Office,Chile,Centro,Metropolitana,Santiago,ORD-2025-01100,2025-03-17,P0054,Mesas Eco 4,Muebles,Mesas,2,0.1,148.54,28.83,19.40891342399354
C0192,Luis Fuentes,Consumidor,Chile,Norte,Tarapacá,Iquique,ORD-2025-01101,2023-07-10,P0027,Computadores Flex 7,Tecnología,Computadores,7,0.1,249.98,119.32,47.73181854548364
C0192,Luis Fuentes,Consumidor,Chile,Norte,Tarapacá,Iquique,ORD-2025-01101,2023-07-10,P0050,Sillas Nova 10,Muebles,Sillas,6,0.2,1159.82,376.3,32.44468969322826
C0192,Luis Fuentes,Consumidor,Chile,Norte,Tarapacá,Iquique,ORD-2025-01101,2023-07-10,P0076,Almacenamiento Eco 6,Muebles,Almacenamiento,8,0.0,917.92,423.68,46.1565278019871
C0192,Luis Fuentes,Consumidor,Chile,Norte,Tarapacá,Iquique,ORD-2025-01101,2023-07-10,P0001,Accesorios Flex 1,Tecnología,Accesorios,1,0.1,401.26,190.02,47.35582913821463
C0117,Sebastián Torres,Consumidor,Chile,Centro,Metropolitana,Santiago,ORD-2025-01102,2024-02-16,P0100,Archivadores Smart 10,Oficina,Archivadores,2,0.0,105.24,28.62,27.194982896237175
C0117,Sebastián Torres,Consumidor,Chile,Centro,Metropolitana,Santiago,ORD-2025-01102,2024-02-16,P0050,Sillas Nova 10,Muebles,Sillas,6,0.05,1377.29,604.63,43.899977492031454
C0136,María Silva,Home Office,Chile,Centro,O'Higgins,Rancagua,ORD-2025-01103,2023-02-21,P0022,Computadores Pro 2,Tecnología,Computadores,3,0.0,1293.66,651.42,50.35480729094197
C0136,María Silva,Home Office,Chile,Centro,O'Higgins,Rancagua,ORD-2025-01103,2023-02-21,P0067,Libreros Pro 7,Muebles,Libreros,4,0.0,691.08,254.96,36.89297910516872
C0136,María Silva,Home Office,Chile,Centro,O'Higgins,Rancagua,ORD-2025-01103,2023-02-21,P0058,Mesas Nova 8,Muebles,Mesas,7,0.0,1645.49,380.45,23.120772535840388
C0136,María Silva,Home Office,Chile,Centro,O'Higgins,Rancagua,ORD-2025-01103,2023-02-21,P0043,Sillas Smart 3,Muebles,Sillas,8,0.1,5073.12,1753.08,34.55624940864793
C0146,Javiera Silva,Home Office,Chile,Austral,Aysén,Coyhaique,ORD-2025-01104,2024-08-18,P0016,Teléfonos Pro 6,Tecnología,Teléfonos,2,0.1,1402.74,634.45,45.22933686927015
C0146,Javiera Silva,Home Office,Chile,Austral,Aysén,Coyhaique,ORD-2025-01104,2024-08-18,P0102,Etiquetas Pro 2,Oficina,Etiquetas,6,0.2,2057.71,449.65,21.851961646684906
C0146,Javiera Silva,Home Office,Chile,Austral,Aysén,Coyhaique,ORD-2025-01104,2024-08-18,P0071,Almacenamiento Flex 1,Muebles,Almacenamiento,2,0.0,1777.04,422.06,23.750731553594743
C0146,Javiera Silva,Home Office,Chile,Austral,Aysén,Coyhaique,ORD-2025-01104,2024-08-18,P0028,Computadores Pro 8,Tecnología,Computadores,6,0.2,2218.22,693.1,31.24577363832262
C0209,Benjamín Castillo,Consumidor,Chile,Norte,Tarapacá,Iquique,ORD-2025-01105,2023-07-24,P0058,Mesas Nova 8,Muebles,Mesas,3,0.2,564.17,44.39,7.8681957565981895
C0209,Benjamín Castillo,Consumidor,Chile,Norte,Tarapacá,Iquique,ORD-2025-01105,2023-07-24,P0078,Almacenamiento Eco 8,Muebles,Almacenamiento,7,0.05,1996.46,1049.24,52.55502238962965
C0209,Benjamín Castillo,Consumidor,Chile,Norte,Tarapacá,Iquique,ORD-2025-01105,2023-07-24,P0012,Teléfonos Flex 2,Tecnología,Teléfonos,4,0.0,1353.92,677.68,50.053178917513584
C0025,Jorge Martínez,Home Office,Chile,Centro,Valparaíso,Valparaíso,ORD-2025-01106,2023-04-27,P0025,Computadores Plus 5,Tecnología,Computadores,3,0.0,2291.13,732.15,31.955847114742504
C0025,Jorge Martínez,Home Office,Chile,Centro,Valparaíso,Valparaíso,ORD-2025-01106,2023-04-27,P0054,Mesas Eco 4,Muebles,Mesas,2,0.05,156.79,36.32,23.164742649403664
C0025,Jorge Martínez,Home Office,Chile,Centro,Valparaíso,Valparaíso,ORD-2025-01106,2023-04-27,P0035,Periféricos Nova 5,Tecnología,Periféricos,1,0.0,764.71,225.95,29.547148592276805
C0125,Carlos Pérez,Corporativo,Chile,Centro,O'Higgins,Rancagua,ORD-2025-01107,2024-05-02,P0065,Libreros Pro 5,Muebles,Libreros,4,0.15,1457.89,586.59,40.23554589166535
C0125,Carlos Pérez,Corporativo,Chile,Centro,O'Higgins,Rancagua,ORD-2025-01107,2024-05-02,P0088,Papelería Eco 8,Oficina,Papelería,2,0.0,1391.68,545.98,39.231719935617384
C0125,Carlos Pérez,Corporativo,Chile,Centro,O'Higgins,Rancagua,ORD-2025-01107,2024-05-02,P0094,Archivadores Pro 4,Oficina,Archivadores,4,0.0,720.16,213.36,29.626749611197518
C0176,Tomás Flores,Corporativo,Chile,Centro,Metropolitana,Santiago,ORD-2025-01108,2023-04-19,P0081,Papelería Smart 1,Oficina,Papelería,5,0.3,2871.61,151.58,5.278571950926484
C0055,Pedro Espinoza,Corporativo,Chile,Norte,Coquimbo,La Serena,ORD-2025-01109,2025-04-18,P0016,Teléfonos Pro 6,Tecnología,Teléfonos,7,0.05,5182.34,2495.65,48.15681719068992
C0184,Fernanda Soto,Corporativo,Chile,Norte,Coquimbo,La Serena,ORD-2025-01110,2023-09-22,P0013,Teléfonos Nova 3,Tecnología,Teléfonos,6,0.2,1372.13,368.31,26.842208828609532
C0184,Fernanda Soto,Corporativo,Chile,Norte,Coquimbo,La Serena,ORD-2025-01110,2023-09-22,P0078,Almacenamiento Eco 8,Muebles,Almacenamiento,4,0.0,1200.88,659.32,54.90307108120711
C0205,Martina Rojas,Home Office,Chile,Sur,Los Ríos,Valdivia,ORD-2025-01111,2024-06-17,P0090,Papelería Plus 10,Oficina,Papelería,5,0.15,3227.41,703.8,21.80695976030315
C0205,Martina Rojas,Home Office,Chile,Sur,Los Ríos,Valdivia,ORD-2025-01111,2024-06-17,P0018,Teléfonos Flex 8,Tecnología,Teléfonos,5,0.0,3431.4,1075.1,31.331235064405195
C0205,Martina Rojas,Home Office,Chile,Sur,Los Ríos,Valdivia,ORD-2025-01111,2024-06-17,P0014,Teléfonos Pro 4,Tecnología,Teléfonos,8,0.3,437.19,139.24,31.84885290148448
C0205,Martina Rojas,Home Office,Chile,Sur,Los Ríos,Valdivia,ORD-2025-01111,2024-06-17,P0043,Sillas Smart 3,Muebles,Sillas,2,0.2,1127.36,327.32,29.034203803576496
C0035,Josefa Torres,Home Office,Chile,Austral,Aysén,Coyhaique,ORD-2025-01112,2023-07-31,P0062,Libreros Plus 2,Muebles,Libreros,3,0.0,1397.04,690.63,49.4352344957911
C0151,María Pérez,Consumidor,Chile,Norte,Tarapacá,Iquique,ORD-2025-01113,2023-01-12,P0095,Archivadores Plus 5,Oficina,Archivadores,5,0.0,2636.25,1214.65,46.07491702228545
C0151,María Pérez,Consumidor,Chile,Norte,Tarapacá,Iquique,ORD-2025-01113,2023-01-12,P0104,Etiquetas Nova 4,Oficina,Etiquetas,1,0.2,484.16,83.25,17.194729015201585
C0095,Martina Torres,Corporativo,Chile,Sur,Biobío,Concepción,ORD-2025-01114,2025-01-21,P0084,Papelería Flex 4,Oficina,Papelería,5,0.1,3312.54,1588.83,47.964100056150265
C0284,Sebastián Contreras,Corporativo,Chile,Austral,Aysén,Coyhaique,ORD-2025-01115,2023-10-05,P0032,Periféricos Eco 2,Tecnología,Periféricos,6,0.0,4341.54,1302.84,30.008706587984907
C0284,Sebastián Contreras,Corporativo,Chile,Austral,Aysén,Coyhaique,ORD-2025-01115,2023-10-05,P0057,Mesas Smart 7,Muebles,Mesas,7,0.15,3069.07,747.47,24.354934882553998
C0284,Sebastián Contreras,Corporativo,Chile,Austral,Aysén,Coyhaique,ORD-2025-01115,2023-10-05,P0016,Teléfonos Pro 6,Tecnología,Teléfonos,7,0.0,5455.1,2776.2,50.89182599769023
C0141,Daniela Martínez,Corporativo,Chile,Norte,Tarapacá,Iquique,ORD-2025-01116,2023-01-09,P0025,Computadores Plus 5,Tecnología,Computadores,2,0.05,1451.05,412.72,28.442851728058994
C0141,Daniela Martínez,Corporativo,Chile,Norte,Tarapacá,Iquique,ORD-2025-01116,2023-01-09,P0040,Periféricos Eco 10,Tecnología,Periféricos,3,0.1,2003.43,681.52,34.01765971359119
C0141,Daniela Martínez,Corporativo,Chile,Norte,Tarapacá,Iquique,ORD-2025-01116,2023-01-09,P0088,Papelería Eco 8,Oficina,Papelería,1,0.0,695.84,272.99,39.231719935617384
C0037,Carlos Espinoza,Consumidor,Chile,Austral,Aysén,Coyhaique,ORD-2025-01117,2023-01-28,P0005,Accesorios Flex 5,Tecnología,Accesorios,3,0.05,2541.26,889.88,35.017274895130754
C0037,Carlos Espinoza,Consumidor,Chile,Austral,Aysén,Coyhaique,ORD-2025-01117,2023-01-28,P0056,Mesas Flex 6,Muebles,Mesas,7,0.0,4218.55,1126.93,26.713681241184766
C0120,Fernanda Díaz,Corporativo,Chile,Centro,Valparaíso,Valparaíso,ORD-2025-01118,2023-08-26,P0078,Almacenamiento Eco 8,Muebles,Almacenamiento,1,0.05,285.21,148.12,51.93366291504506
C0120,Fernanda Díaz,Corporativo,Chile,Centro,Valparaíso,Valparaíso,ORD-2025-01118,2023-08-26,P0017,Teléfonos Plus 7,Tecnología,Teléfonos,5,0.0,1279.25,462.35,36.14227086183311
C0218,Andrés Espinoza,Corporativo,Chile,Centro,Maule,Talca,ORD-2025-01119,2024-11-20,P0104,Etiquetas Nova 4,Oficina,Etiquetas,5,0.05,2874.7,884.83,30.779907468605423
C0218,Andrés Espinoza,Corporativo,Chile,Centro,Maule,Talca,ORD-2025-01119,2024-11-20,P0027,Computadores Flex 7,Tecnología,Computadores,8,0.15,269.82,127.79,47.36120376547328
C0224,Constanza Morales,Consumidor,Chile,Norte,Antofagasta,Antofagasta,ORD-2025-01120,2024-09-18,P0023,Computadores Pro 3,Tecnología,Computadores,5,0.05,3768.51,1775.01,47.101108926339585
C0224,Constanza Morales,Consumidor,Chile,Norte,Antofagasta,Antofagasta,ORD-2025-01120,2024-09-18,P0050,Sillas Nova 10,Muebles,Sillas,3,0.15,616.16,233.44,37.886263308231634
C0224,Constanza Morales,Consumidor,Chile,Norte,Antofagasta,Antofagasta,ORD-2025-01120,2024-09-18,P0035,Periféricos Nova 5,Tecnología,Periféricos,4,0.15,2600.01,386.03,14.847250587497737
C0296,Catalina Muñoz,Consumidor,Chile,Sur,Biobío,Concepción,ORD-2025-01121,2023-12-22,P0113,Sobres Smart 3,Oficina,Sobres,8,0.0,4872.08,1862.8,38.23418334674307
C0296,Catalina Muñoz,Consumidor,Chile,Sur,Biobío,Concepción,ORD-2025-01121,2023-12-22,P0104,Etiquetas Nova 4,Oficina,Etiquetas,7,0.1,3812.76,1094.62,28.70938637627335
C0296,Catalina Muñoz,Consumidor,Chile,Sur,Biobío,Concepción,ORD-2025-01121,2023-12-22,P0077,Almacenamiento Nova 7,Muebles,Almacenamiento,2,0.3,153.29,48.51,31.64589992824059
C0133,Antonia Hernández,Consumidor,Chile,Sur,Los Ríos,Valdivia,ORD-2025-01122,2024-04-13,P0036,Periféricos Nova 6,Tecnología,Periféricos,3,0.3,1842.12,670.55,36.40099450632967
C0133,Antonia Hernández,Consumidor,Chile,Sur,Los Ríos,Valdivia,ORD-2025-01122,2024-04-13,P0037,Periféricos Nova 7,Tecnología,Periféricos,7,0.2,1618.29,512.79,31.68715125224774
C0133,Antonia Hernández,Consumidor,Chile,Sur,Los Ríos,Valdivia,ORD-2025-01122,2024-04-13,P0056,Mesas Flex 6,Muebles,Mesas,8,0.1,4339.08,814.1,18.76204172313025
C0055,Pedro Espinoza,Corporativo,Chile,Norte,Coquimbo,La Serena,ORD-2025-01123,2024-04-13,P0011,Teléfonos Plus 1,Tecnología,Teléfonos,5,0.3,1931.05,-12.22,-0.6328163434400974
C0014,Isidora Flores,Corporativo,Chile,Norte,Antofagasta,Antofagasta,ORD-2025-01124,2025-02-15,P0051,Mesas Smart 1,Muebles,Mesas,8,0.15,645.18,179.92,27.88679128305279
C0014,Isidora Flores,Corporativo,Chile,Norte,Antofagasta,Antofagasta,ORD-2025-01124,2025-02-15,P0001,Accesorios Flex 1,Tecnología,Accesorios,6,0.0,2675.04,1412.04,52.78575273640767
C0014,Isidora Flores,Corporativo,Chile,Norte,Antofagasta,Antofagasta,ORD-2025-01124,2025-02-15,P0003,Accesorios Plus 3,Tecnología,Accesorios,2,0.2,1389.22,20.21,1.4547731820733938
C0134,Felipe Martínez,Corporativo,Chile,Centro,Maule,Talca,ORD-2025-01125,2024-07-30,P0074,Almacenamiento Smart 4,Muebles,Almacenamiento,6,0.0,2475.06,910.56,36.78941116578992
C0134,Felipe Martínez,Corporativo,Chile,Centro,Maule,Talca,ORD-2025-01125,2024-07-30,P0042,Sillas Flex 2,Muebles,Sillas,1,0.15,473.29,87.17,18.41788332734687
C0134,Felipe Martínez,Corporativo,Chile,Centro,Maule,Talca,ORD-2025-01125,2024-07-30,P0110,Etiquetas Nova 10,Oficina,Etiquetas,4,0.3,168.9,33.68,19.940793368857314
C0134,Felipe Martínez,Corporativo,Chile,Centro,Maule,Talca,ORD-2025-01125,2024-07-30,P0018,Teléfonos Flex 8,Tecnología,Teléfonos,5,0.0,3431.4,1075.1,31.331235064405195
C0037,Carlos Espinoza,Consumidor,Chile,Austral,Aysén,Coyhaique,ORD-2025-01126,2024-04-27,P0016,Teléfonos Pro 6,Tecnología,Teléfonos,5,0.0,3896.5,1983.0,50.89182599769023
C0037,Carlos Espinoza,Consumidor,Chile,Austral,Aysén,Coyhaique,ORD-2025-01126,2024-04-27,P0008,Accesorios Plus 8,Tecnología,Accesorios,4,0.15,1348.44,212.34,15.747085521046541
C0037,Carlos Espinoza,Consumidor,Chile,Austral,Aysén,Coyhaique,ORD-2025-01126,2024-04-27,P0055,Mesas Plus 5,Muebles,Mesas,3,0.2,1389.86,320.36,23.049803577338725
C0037,Carlos Espinoza,Consumidor,Chile,Austral,Aysén,Coyhaique,ORD-2025-01126,2024-04-27,P0066,Libreros Smart 6,Muebles,Libreros,2,0.2,575.76,211.12,36.66805613450049
C0265,Fernanda Castillo,Consumidor,Chile,Sur,Biobío,Concepción,ORD-2025-01127,2024-10-24,P0086,Papelería Flex 6,Oficina,Papelería,7,0.05,4296.76,1702.33,39.618922164607746
C0114,Daniela Rojas,Home Office,Chile,Austral,Aysén,Coyhaique,ORD-2025-01128,2023-01-20,P0057,Mesas Smart 7,Muebles,Mesas,7,0.15,3069.07,881.24,28.713584245390294
C0114,Daniela Rojas,Home Office,Chile,Austral,Aysén,Coyhaique,ORD-2025-01128,2023-01-20,P0001,Accesorios Flex 1,Tecnología,Accesorios,5,0.15,1894.82,889.48,46.94271751406466
C0236,Fernanda Sepúlveda,Home Office,Chile,Centro,Maule,Talca,ORD-2025-01129,2023-12-25,P0054,Mesas Eco 4,Muebles,Mesas,3,0.0,247.56,64.77,26.16335433834222
C0236,Fernanda Sepúlveda,Home Office,Chile,Centro,Maule,Talca,ORD-2025-01129,2023-12-25,P0028,Computadores Pro 8,Tecnología,Computadores,5,0.1,2079.59,858.85,41.299006054077964
C0236,Fernanda Sepúlveda,Home Office,Chile,Centro,Maule,Talca,ORD-2025-01129,2023-12-25,P0081,Papelería Smart 1,Oficina,Papelería,5,0.2,3281.84,739.94,22.54649830582844
C0126,Jorge Hernández,Home Office,Chile,Centro,Valparaíso,Valparaíso,ORD-2025-01130,2023-08-27,P0048,Sillas Plus 8,Muebles,Sillas,8,0.2,4002.75,289.19,7.224782961713822
C0126,Jorge Hernández,Home Office,Chile,Centro,Valparaíso,Valparaíso,ORD-2025-01130,2023-08-27,P0058,Mesas Nova 8,Muebles,Mesas,4,0.0,940.28,217.4,23.120772535840388
C0144,Jorge López,Home Office,Chile,Sur,Biobío,Concepción,ORD-2025-01131,2024-01-01,P0032,Periféricos Eco 2,Tecnología,Periféricos,7,0.3,3545.59,-22.77,-0.6422062336592781
C0144,Jorge López,Home Office,Chile,Sur,Biobío,Concepción,ORD-2025-01131,2024-01-01,P0066,Libreros Smart 6,Muebles,Libreros,8,0.3,2015.16,697.79,34.627027134321835
C0144,Jorge López,Home Office,Chile,Sur,Biobío,Concepción,ORD-2025-01131,2024-01-01,P0099,Archivadores Eco 9,Oficina,Archivadores,6,0.1,57.08,26.61,46.618780658724596
C0144,Jorge López,Home Office,Chile,Sur,Biobío,Concepción,ORD-2025-01131,2024-01-01,P0037,Periféricos Nova 7,Tecnología,Periféricos,6,0.0,1733.88,788.58,45.48065610076822
C0229,Jorge Pérez,Corporativo,Chile,Sur,La Araucanía,Temuco,ORD-2025-01132,2025-02-06,P0061,Libreros Plus 1,Muebles,Libreros,7,0.3,4289.26,1101.92,25.690212297692376
C0229,Jorge Pérez,Corporativo,Chile,Sur,La Araucanía,Temuco,ORD-2025-01132,2025-02-06,P0037,Periféricos Nova 7,Tecnología,Periféricos,1,0.1,260.08,98.23,37.76914795447555
C0246,Andrés Hernández,Consumidor,Chile,Sur,Los Lagos,Puerto Montt,ORD-2025-01133,2024-03-07,P0012,Teléfonos Flex 2,Tecnología,Teléfonos,2,0.15,575.42,226.96,39.44249417816552
C0246,Andrés Hernández,Consumidor,Chile,Sur,Los Lagos,Puerto Montt,ORD-2025-01133,2024-03-07,P0084,Papelería Flex 4,Oficina,Papelería,4,0.0,2944.48,1538.24,52.241482367005375
C0246,Andrés Hernández,Consumidor,Chile,Sur,Los Lagos,Puerto Montt,ORD-2025-01133,2024-03-07,P0101,Etiquetas Eco 1,Oficina,Etiquetas,1,0.0,578.71,193.04,33.356949076394045
C0018,Vicente Rodríguez,Corporativo,Chile,Centro,Valparaíso,Valparaíso,ORD-2025-01134,2025-03-26,P0093,Archivadores Flex 3,Oficina,Archivadores,5,0.15,2655.7,1246.31,46.92962307489551
C0018,Vicente Rodríguez,Corporativo,Chile,Centro,Valparaíso,Valparaíso,ORD-2025-01134,2025-03-26,P0084,Papelería Flex 4,Oficina,Papelería,7,0.15,4379.91,1997.52,45.6064165702035
C0018,Vicente Rodríguez,Corporativo,Chile,Centro,Valparaíso,Valparaíso,ORD-2025-01134,2025-03-26,P0117,Sobres Eco 7,Oficina,Sobres,4,0.0,2981.84,703.88,23.605558983714754
C0017,Javiera Araya,Consumidor,Chile,Centro,Valparaíso,Valparaíso,ORD-2025-01135,2024-10-08,P0034,Periféricos Flex 4,Tecnología,Periféricos,8,0.0,3357.44,1151.28,34.29041174227983
C0036,Benjamín Soto,Consumidor,Chile,Centro,O'Higgins,Rancagua,ORD-2025-01136,2023-03-03,P0010,Accesorios Nova 10,Tecnología,Accesorios,2,0.2,1084.93,54.6,5.032582747274017
C0036,Benjamín Soto,Consumidor,Chile,Centro,O'Higgins,Rancagua,ORD-2025-01136,2023-03-03,P0012,Teléfonos Flex 2,Tecnología,Teléfonos,2,0.15,575.42,237.2,41.22206388377185
C0036,Benjamín Soto,Consumidor,Chile,Centro,O'Higgins,Rancagua,ORD-2025-01136,2023-03-03,P0101,Etiquetas Eco 1,Oficina,Etiquetas,5,0.2,2314.84,403.53,17.432306336507057
C0036,Benjamín Soto,Consumidor,Chile,Centro,O'Higgins,Rancagua,ORD-2025-01136,2023-03-03,P0094,Archivadores Pro 4,Oficina,Archivadores,5,0.3,630.14,2.18,0.3459548671723744
C0262,Sebastián Castillo,Home Office,Chile,Norte,Antofagasta,Antofagasta,ORD-2025-01137,2024-10-20,P0094,Archivadores Pro 4,Oficina,Archivadores,7,0.2,1008.22,104.06,10.321160064271687
C0262,Sebastián Castillo,Home Office,Chile,Norte,Antofagasta,Antofagasta,ORD-2025-01137,2024-10-20,P0071,Almacenamiento Flex 1,Muebles,Almacenamiento,3,0.0,2665.56,633.09,23.750731553594743
C0262,Sebastián Castillo,Home Office,Chile,Norte,Antofagasta,Antofagasta,ORD-2025-01137,2024-10-20,P0048,Sillas Plus 8,Muebles,Sillas,7,0.15,3721.31,202.37,5.438138719966894
C0262,Sebastián Castillo,Home Office,Chile,Norte,Antofagasta,Antofagasta,ORD-2025-01137,2024-10-20,P0003,Accesorios Plus 3,Tecnología,Accesorios,2,0.1,1562.87,177.5,11.357310588852561
C0119,Nicolás López,Home Office,Chile,Norte,Tarapacá,Iquique,ORD-2025-01138,2023-01-04,P0041,Sillas Eco 1,Muebles,Sillas,5,0.3,540.82,21.24,3.927369549942679
C0090,Daniela Fuentes,Home Office,Chile,Centro,Maule,Talca,ORD-2025-01139,2023-06-09,P0049,Sillas Smart 9,Muebles,Sillas,1,0.1,260.21,48.44,18.615733446062794
C0090,Daniela Fuentes,Home Office,Chile,Centro,Maule,Talca,ORD-2025-01139,2023-06-09,P0112,Sobres Pro 2,Oficina,Sobres,4,0.05,1723.87,817.15,47.40206628110008
C0090,Daniela Fuentes,Home Office,Chile,Centro,Maule,Talca,ORD-2025-01139,2023-06-09,P0033,Periféricos Nova 3,Tecnología,Periféricos,8,0.15,6006.78,607.85,10.1193984131265
C0090,Daniela Fuentes,Home Office,Chile,Centro,Maule,Talca,ORD-2025-01139,2023-06-09,P0039,Periféricos Nova 9,Tecnología,Periféricos,5,0.0,1185.55,241.0,20.328117751254695
C0135,Benjamín Flores,Corporativo,Chile,Sur,Biobío,Concepción,ORD-2025-01140,2023-10-16,P0083,Papelería Pro 3,Oficina,Papelería,4,0.15,179.83,30.74,17.09392203747984
C0135,Benjamín Flores,Corporativo,Chile,Sur,Biobío,Concepción,ORD-2025-01140,2023-10-16,P0053,Mesas Eco 3,Muebles,Mesas,5,0.3,1297.48,108.59,8.369300490180967
C0135,Benjamín Flores,Corporativo,Chile,Sur,Biobío,Concepción,ORD-2025-01140,2023-10-16,P0027,Computadores Flex 7,Tecnología,Computadores,2,0.05,75.39,37.33,49.51585090860856
C0135,Benjamín Flores,Corporativo,Chile,Sur,Biobío,Concepción,ORD-2025-01140,2023-10-16,P0065,Libreros Pro 5,Muebles,Libreros,4,0.0,1715.16,863.92,50.369644814477944
C0101,Ana Flores,Consumidor,Chile,Norte,Tarapacá,Iquique,ORD-2025-01141,2023-10-01,P0080,Almacenamiento Plus 10,Muebles,Almacenamiento,6,0.0,4746.66,2456.22,51.746280542528844
C0101,Ana Flores,Consumidor,Chile,Norte,Tarapacá,Iquique,ORD-2025-01141,2023-10-01,P0071,Almacenamiento Flex 1,Muebles,Almacenamiento,6,0.15,4531.45,345.98,7.6350836928576955
C0296,Catalina Muñoz,Consumidor,Chile,Sur,Biobío,Concepción,ORD-2025-01142,2024-06-19,P0043,Sillas Smart 3,Muebles,Sillas,6,0.0,4227.6,1793.82,42.43116661935849
C0296,Catalina Muñoz,Consumidor,Chile,Sur,Biobío,Concepción,ORD-2025-01142,2024-06-19,P0098,Archivadores Nova 8,Oficina,Archivadores,3,0.05,666.64,172.52,25.87903516140646
C0296,Catalina Muñoz,Consumidor,Chile,Sur,Biobío,Concepción,ORD-2025-01142,2024-06-19,P0076,Almacenamiento Eco 6,Muebles,Almacenamiento,4,0.1,413.06,165.35,40.03050404299617
C0296,Catalina Muñoz,Consumidor,Chile,Sur,Biobío,Concepción,ORD-2025-01142,2024-06-19,P0071,Almacenamiento Flex 1,Muebles,Almacenamiento,1,0.0,888.52,211.03,23.750731553594743
C0133,Antonia Hernández,Consumidor,Chile,Sur,Los Ríos,Valdivia,ORD-2025-01143,2024-01-30,P0074,Almacenamiento Smart 4,Muebles,Almacenamiento,8,0.05,3135.08,1017.52,32.45595008739809
C0133,Antonia Hernández,Consumidor,Chile,Sur,Los Ríos,Valdivia,ORD-2025-01143,2024-01-30,P0108,Etiquetas Flex 8,Oficina,Etiquetas,2,0.0,981.9,196.82,20.0448110805581
C0133,Antonia Hernández,Consumidor,Chile,Sur,Los Ríos,Valdivia,ORD-2025-01143,2024-01-30,P0020,Teléfonos Flex 10,Tecnología,Teléfonos,8,0.05,3757.36,1813.0,48.251964145038
C0152,Gabriel López,Consumidor,Chile,Centro,Metropolitana,Santiago,ORD-2025-01144,2025-01-11,P0109,Etiquetas Smart 9,Oficina,Etiquetas,1,0.0,763.79,204.47,26.770447374278273
C0152,Gabriel López,Consumidor,Chile,Centro,Metropolitana,Santiago,ORD-2025-01144,2025-01-11,P0025,Computadores Plus 5,Tecnología,Computadores,1,0.1,687.34,173.89,25.298978671399887
C0226,Ana Martínez,Consumidor,Chile,Sur,Los Lagos,Puerto Montt,ORD-2025-01145,2024-06-29,P0047,Sillas Plus 7,Muebles,Sillas,5,0.15,2965.78,399.66,13.475712965897674
C0226,Ana Martínez,Consumidor,Chile,Sur,Los Lagos,Puerto Montt,ORD-2025-01145,2024-06-29,P0095,Archivadores Plus 5,Oficina,Archivadores,7,0.05,3506.21,1497.57,42.711931116504715
C0226,Ana Martínez,Consumidor,Chile,Sur,Los Lagos,Puerto Montt,ORD-2025-01145,2024-06-29,P0042,Sillas Flex 2,Muebles,Sillas,5,0.0,2784.05,900.5,32.34496506887448
C0226,Ana Martínez,Consumidor,Chile,Sur,Los Lagos,Puerto Montt,ORD-2025-01145,2024-06-29,P0077,Almacenamiento Nova 7,Muebles,Almacenamiento,2,0.0,218.98,111.7,51.00922458672025
C0175,María Fuentes,Consumidor,Chile,Centro,Metropolitana,Santiago,ORD-2025-01146,2023-06-06,P0014,Teléfonos Pro 4,Tecnología,Teléfonos,7,0.2,437.19,177.09,40.506415974747824
C0175,María Fuentes,Consumidor,Chile,Centro,Metropolitana,Santiago,ORD-2025-01146,2023-06-06,P0003,Accesorios Plus 3,Tecnología,Accesorios,1,0.0,868.26,183.16,21.095063690599588
C0175,María Fuentes,Consumidor,Chile,Centro,Metropolitana,Santiago,ORD-2025-01146,2023-06-06,P0018,Teléfonos Flex 8,Tecnología,Teléfonos,2,0.2,1098.05,151.62,13.808114384590867
C0175,María Fuentes,Consumidor,Chile,Centro,Metropolitana,Santiago,ORD-2025-01146,2023-06-06,P0106,Etiquetas Eco 6,Oficina,Etiquetas,3,0.0,673.71,318.3,47.2458476198958
C0183,Catalina González,Consumidor,Chile,Sur,Biobío,Concepción,ORD-2025-01147,2024-10-15,P0068,Libreros Pro 8,Muebles,Libreros,4,0.1,2298.35,638.22,27.768616616268194
C0002,Valentina Muñoz,Home Office,Chile,Austral,Aysén,Coyhaique,ORD-2025-01148,2023-01-12,P0098,Archivadores Nova 8,Oficina,Archivadores,3,0.3,491.21,35.59,7.245373669102828
C0002,Valentina Muñoz,Home Office,Chile,Austral,Aysén,Coyhaique,ORD-2025-01148,2023-01-12,P0021,Computadores Plus 1,Tecnología,Computadores,3,0.0,2383.2,1058.97,44.434793554884195
C0137,Javiera Díaz,Corporativo,Chile,Sur,Los Ríos,Valdivia,ORD-2025-01149,2024-07-26,P0072,Almacenamiento Nova 2,Muebles,Almacenamiento,8,0.0,5511.84,2087.04,37.86466951145171
C0137,Javiera Díaz,Corporativo,Chile,Sur,Los Ríos,Valdivia,ORD-2025-01149,2024-07-26,P0012,Teléfonos Flex 2,Tecnología,Teléfonos,5,0.15,1438.54,625.1,43.45377952646434
C0170,Sofía Rojas,Consumidor,Chile,Centro,Metropolitana,Santiago,ORD-2025-01150,2024-11-24,P0117,Sobres Eco 7,Oficina,Sobres,7,0.0,5218.22,1231.79,23.605558983714754
C0170,Sofía Rojas,Consumidor,Chile,Centro,Metropolitana,Santiago,ORD-2025-01150,2024-11-24,P0037,Periféricos Nova 7,Tecnología,Periféricos,1,0.0,288.98,131.43,45.48065610076822
C0135,Benjamín Flores,Corporativo,Chile,Sur,Biobío,Concepción,ORD-2025-01151,2023-01-14,P0103,Etiquetas Nova 3,Oficina,Etiquetas,7,0.15,3204.67,902.94,28.17575600607863
C0135,Benjamín Flores,Corporativo,Chile,Sur,Biobío,Concepción,ORD-2025-01151,2023-01-14,P0033,Periféricos Nova 3,Tecnología,Periféricos,2,0.15,1501.69,123.56,8.228063048964833
C0135,Benjamín Flores,Corporativo,Chile,Sur,Biobío,Concepción,ORD-2025-01151,2023-01-14,P0027,Computadores Flex 7,Tecnología,Computadores,1,0.0,39.68,20.98,52.87298387096774
C0135,Benjamín Flores,Corporativo,Chile,Sur,Biobío,Concepción,ORD-2025-01151,2023-01-14,P0081,Papelería Smart 1,Oficina,Papelería,6,0.2,3938.21,771.13,19.580723221971404
C0264,Martina Muñoz,Consumidor,Chile,Austral,Aysén,Coyhaique,ORD-2025-01152,2024-07-26,P0045,Sillas Eco 5,Muebles,Sillas,7,0.05,3557.08,847.5,23.825722221597488
C0264,Martina Muñoz,Consumidor,Chile,Austral,Aysén,Coyhaique,ORD-2025-01152,2024-07-26,P0085,Papelería Smart 5,Oficina,Papelería,1,0.2,595.21,45.46,7.637640496631441
C0264,Martina Muñoz,Consumidor,Chile,Austral,Aysén,Coyhaique,ORD-2025-01152,2024-07-26,P0108,Etiquetas Flex 8,Oficina,Etiquetas,1,0.0,490.95,98.41,20.0448110805581
C0264,Martina Muñoz,Consumidor,Chile,Austral,Aysén,Coyhaique,ORD-2025-01152,2024-07-26,P0072,Almacenamiento Nova 2,Muebles,Almacenamiento,7,0.0,4822.86,1826.16,37.864669511451716
C0142,Tomás Soto,Consumidor,Chile,Centro,Maule,Talca,ORD-2025-01153,2024-11-12,P0027,Computadores Flex 7,Tecnología,Computadores,6,0.0,238.08,125.88,52.87298387096774
C0267,Carlos Martínez,Corporativo,Chile,Sur,Los Ríos,Valdivia,ORD-2025-01154,2024-08-23,P0092,Archivadores Nova 2,Oficina,Archivadores,5,0.1,2773.44,1281.37,46.20146821276104
C0267,Carlos Martínez,Corporativo,Chile,Sur,Los Ríos,Valdivia,ORD-2025-01154,2024-08-23,P0034,Periféricos Flex 4,Tecnología,Periféricos,8,0.0,3357.44,1151.28,34.29041174227983
C0158,Catalina Díaz,Corporativo,Chile,Centro,Metropolitana,Santiago,ORD-2025-01155,2024-03-27,P0061,Libreros Plus 1,Muebles,Libreros,4,0.0,3501.44,1646.44,47.02179674648145
C0158,Catalina Díaz,Corporativo,Chile,Centro,Metropolitana,Santiago,ORD-2025-01155,2024-03-27,P0094,Archivadores Pro 4,Oficina,Archivadores,4,0.0,720.16,213.36,29.626749611197518
C0158,Catalina Díaz,Corporativo,Chile,Centro,Metropolitana,Santiago,ORD-2025-01155,2024-03-27,P0064,Libreros Eco 4,Muebles,Libreros,1,0.1,135.46,18.41,13.590727890152074
C0158,Catalina Díaz,Corporativo,Chile,Centro,Metropolitana,Santiago,ORD-2025-01155,2024-03-27,P0105,Etiquetas Pro 5,Oficina,Etiquetas,7,0.15,1543.91,695.21,45.02917916199778
C0086,Josefa Silva,Consumidor,Chile,Sur,La Araucanía,Temuco,ORD-2025-01156,2024-01-12,P0068,Libreros Pro 8,Muebles,Libreros,3,0.0,1915.29,669.93,34.977992888805346
C0086,Josefa Silva,Consumidor,Chile,Sur,La Araucanía,Temuco,ORD-2025-01156,2024-01-12,P0028,Computadores Pro 8,Tecnología,Computadores,3,0.05,1317.07,598.12,45.41292414222479
C0224,Constanza Morales,Consumidor,Chile,Norte,Antofagasta,Antofagasta,ORD-2025-01157,2024-06-06,P0082,Papelería Eco 2,Oficina,Papelería,8,0.0,4726.88,2579.36,54.567917950106626
C0224,Constanza Morales,Consumidor,Chile,Norte,Antofagasta,Antofagasta,ORD-2025-01157,2024-06-06,P0036,Periféricos Nova 6,Tecnología,Periféricos,6,0.05,5000.04,2477.32,49.54600363197095
C0224,Constanza Morales,Consumidor,Chile,Norte,Antofagasta,Antofagasta,ORD-2025-01157,2024-06-06,P0094,Archivadores Pro 4,Oficina,Archivadores,5,0.15,765.17,113.79,14.871205091678974
C0224,Constanza Morales,Consumidor,Chile,Norte,Antofagasta,Antofagasta,ORD-2025-01157,2024-06-06,P0043,Sillas Smart 3,Muebles,Sillas,3,0.0,2113.8,896.91,42.43116661935849
C0042,Pedro Hernández,Home Office,Chile,Centro,Metropolitana,Santiago,ORD-2025-01158,2024-05-04,P0119,Sobres Plus 9,Oficina,Sobres,8,0.1,4465.73,1676.78,37.5477245601503
C0042,Pedro Hernández,Home Office,Chile,Centro,Metropolitana,Santiago,ORD-2025-01158,2024-05-04,P0036,Periféricos Nova 6,Tecnología,Periféricos,2,0.0,1754.4,912.78,52.02804377564979
C0270,Ana Rojas,Corporativo,Chile,Norte,Tarapacá,Iquique,ORD-2025-01159,2024-01-31,P0098,Archivadores Nova 8,Oficina,Archivadores,2,0.0,467.82,138.76,29.660980719079987
C0270,Ana Rojas,Corporativo,Chile,Norte,Tarapacá,Iquique,ORD-2025-01159,2024-01-31,P0055,Mesas Plus 5,Muebles,Mesas,5,0.15,2461.22,813.41,33.04905697174572
C0270,Ana Rojas,Corporativo,Chile,Norte,Tarapacá,Iquique,ORD-2025-01159,2024-01-31,P0046,Sillas Pro 6,Muebles,Sillas,6,0.0,509.22,238.62,46.85990338164251
C0160,Andrés Flores,Home Office,Chile,Sur,Los Ríos,Valdivia,ORD-2025-01160,2023-04-25,P0073,Almacenamiento Eco 3,Muebles,Almacenamiento,4,0.15,594.18,104.11,17.521626443165374
C0032,Sebastián Torres,Corporativo,Chile,Centro,Metropolitana,Santiago,ORD-2025-01161,2023-04-23,P0074,Almacenamiento Smart 4,Muebles,Almacenamiento,8,0.0,3300.08,1214.08,36.78941116578992
C0032,Sebastián Torres,Corporativo,Chile,Centro,Metropolitana,Santiago,ORD-2025-01161,2023-04-23,P0019,Teléfonos Eco 9,Tecnología,Teléfonos,3,0.1,1418.66,213.59,15.055756840962598
C0032,Sebastián Torres,Corporativo,Chile,Centro,Metropolitana,Santiago,ORD-2025-01161,2023-04-23,P0040,Periféricos Eco 10,Tecnología,Periféricos,3,0.3,1558.22,298.12,19.132086611646624
C0291,Felipe Contreras,Consumidor,Chile,Sur,Los Lagos,Puerto Montt,ORD-2025-01162,2024-10-05,P0036,Periféricos Nova 6,Tecnología,Periféricos,1,0.05,833.34,417.85,50.141598867209055
C0284,Sebastián Contreras,Corporativo,Chile,Austral,Aysén,Coyhaique,ORD-2025-01163,2023-01-06,P0048,Sillas Plus 8,Muebles,Sillas,7,0.2,3502.41,-61.47,-1.755077218258285
C0284,Sebastián Contreras,Corporativo,Chile,Austral,Aysén,Coyhaique,ORD-2025-01163,2023-01-06,P0014,Teléfonos Pro 4,Tecnología,Teléfonos,6,0.15,398.16,189.05,47.48091219610207
C0009,Isidora Morales,Consumidor,Chile,Centro,O'Higgins,Rancagua,ORD-2025-01164,2023-12-20,P0063,Libreros Smart 3,Muebles,Libreros,5,0.2,997.92,63.8,6.393298059964726
C0009,Isidora Morales,Consumidor,Chile,Centro,O'Higgins,Rancagua,ORD-2025-01164,2023-12-20,P0064,Libreros Eco 4,Muebles,Libreros,3,0.0,451.53,106.98,23.692777888512392
C0009,Isidora Morales,Consumidor,Chile,Centro,O'Higgins,Rancagua,ORD-2025-01164,2023-12-20,P0051,Mesas Smart 1,Muebles,Mesas,5,0.0,474.4,181.3,38.21669477234402
C0009,Isidora Morales,Consumidor,Chile,Centro,O'Higgins,Rancagua,ORD-2025-01164,2023-12-20,P0091,Archivadores Flex 1,Oficina,Archivadores,6,0.2,2473.39,373.93,15.118117239901514
C0257,Vicente Muñoz,Consumidor,Chile,Norte,Coquimbo,La Serena,ORD-2025-01165,2024-01-09,P0072,Almacenamiento Nova 2,Muebles,Almacenamiento,4,0.0,2755.92,1043.52,37.86466951145171
C0257,Vicente Muñoz,Consumidor,Chile,Norte,Coquimbo,La Serena,ORD-2025-01165,2024-01-09,P0044,Sillas Plus 4,Muebles,Sillas,6,0.0,4371.3,1682.58,38.491524260517465
C0198,Valentina Contreras,Consumidor,Chile,Centro,Metropolitana,Santiago,ORD-2025-01166,2023-07-06,P0001,Accesorios Flex 1,Tecnología,Accesorios,8,0.0,3566.72,1882.72,52.78575273640769
C0198,Valentina Contreras,Consumidor,Chile,Centro,Metropolitana,Santiago,ORD-2025-01166,2023-07-06,P0011,Teléfonos Plus 1,Tecnología,Teléfonos,2,0.0,1103.46,380.2,34.45525891287405
C0198,Valentina Contreras,Consumidor,Chile,Centro,Metropolitana,Santiago,ORD-2025-01166,2023-07-06,P0048,Sillas Plus 8,Muebles,Sillas,2,0.0,1250.86,281.32,22.490126792766578
C0198,Valentina Contreras,Consumidor,Chile,Centro,Metropolitana,Santiago,ORD-2025-01166,2023-07-06,P0039,Periféricos Nova 9,Tecnología,Periféricos,2,0.1,426.8,47.0,11.012183692596063
C0174,Nicolás Martínez,Corporativo,Chile,Sur,Los Lagos,Puerto Montt,ORD-2025-01167,2023-07-30,P0067,Libreros Pro 7,Muebles,Libreros,6,0.3,725.63,99.8,13.753565866901866
C0174,Nicolás Martínez,Corporativo,Chile,Sur,Los Lagos,Puerto Montt,ORD-2025-01167,2023-07-30,P0056,Mesas Flex 6,Muebles,Mesas,6,0.2,2892.72,161.73,5.590931718244421
C0247,Fernanda Martínez,Consumidor,Chile,Austral,Aysén,Coyhaique,ORD-2025-01168,2023-01-20,P0029,Computadores Eco 9,Tecnología,Computadores,7,0.3,1377.49,-56.0,-4.065365265809552
C0247,Fernanda Martínez,Consumidor,Chile,Austral,Aysén,Coyhaique,ORD-2025-01168,2023-01-20,P0044,Sillas Plus 4,Muebles,Sillas,7,0.0,5099.85,1963.01,38.491524260517465
C0247,Fernanda Martínez,Consumidor,Chile,Austral,Aysén,Coyhaique,ORD-2025-01168,2023-01-20,P0107,Etiquetas Pro 7,Oficina,Etiquetas,5,0.0,387.25,174.95,45.177533892834084
C0153,Matías Martínez,Home Office,Chile,Centro,Metropolitana,Santiago,ORD-2025-01169,2023-04-26,P0015,Teléfonos Plus 5,Tecnología,Teléfonos,2,0.15,1187.45,144.23,12.146195629289654
C0233,Jorge Díaz,Home Office,Chile,Sur,La Araucanía,Temuco,ORD-2025-01170,2023-08-23,P0089,Papelería Plus 9,Oficina,Papelería,8,0.0,2808.96,954.48,33.979835953520166
C0233,Jorge Díaz,Home Office,Chile,Sur,La Araucanía,Temuco,ORD-2025-01170,2023-08-23,P0060,Mesas Smart 10,Muebles,Mesas,6,0.2,759.79,217.08,28.571052527672126
C0233,Jorge Díaz,Home Office,Chile,Sur,La Araucanía,Temuco,ORD-2025-01170,2023-08-23,P0044,Sillas Plus 4,Muebles,Sillas,5,0.3,2549.92,392.81,15.40479701323963
C0274,Paula Araya,Corporativo,Chile,Austral,Aysén,Coyhaique,ORD-2025-01171,2023-12-03,P0111,Sobres Flex 1,Oficina,Sobres,3,0.15,1312.89,370.96,28.255223209865253
C0274,Paula Araya,Corporativo,Chile,Austral,Aysén,Coyhaique,ORD-2025-01171,2023-12-03,P0071,Almacenamiento Flex 1,Muebles,Almacenamiento,1,0.15,755.24,78.5,10.394046925480643
C0250,Daniela Soto,Home Office,Chile,Sur,Los Ríos,Valdivia,ORD-2025-01172,2024-01-06,P0081,Papelería Smart 1,Oficina,Papelería,2,0.05,1558.87,546.19,35.03755925766742
C0250,Daniela Soto,Home Office,Chile,Sur,Los Ríos,Valdivia,ORD-2025-01172,2024-01-06,P0028,Computadores Pro 8,Tecnología,Computadores,5,0.3,1617.45,551.47,34.09502612136387
C0250,Daniela Soto,Home Office,Chile,Sur,Los Ríos,Valdivia,ORD-2025-01172,2024-01-06,P0060,Mesas Smart 10,Muebles,Mesas,2,0.1,284.92,99.06,34.76765407833778
C0050,Benjamín Soto,Consumidor,Chile,Sur,La Araucanía,Temuco,ORD-2025-01173,2023-09-18,P0038,Periféricos Nova 8,Tecnología,Periféricos,2,0.15,695.16,184.02,26.47160365958916
C0050,Benjamín Soto,Consumidor,Chile,Sur,La Araucanía,Temuco,ORD-2025-01173,2023-09-18,P0006,Accesorios Nova 6,Tecnología,Accesorios,4,0.3,2433.98,162.32,6.668912645132663
C0207,Paula Fuentes,Corporativo,Chile,Norte,Tarapacá,Iquique,ORD-2025-01174,2023-02-07,P0010,Accesorios Nova 10,Tecnología,Accesorios,8,0.15,4610.94,596.7,12.940962146547127
C0021,Martina Contreras,Home Office,Chile,Sur,Los Ríos,Valdivia,ORD-2025-01175,2025-02-15,P0074,Almacenamiento Smart 4,Muebles,Almacenamiento,1,0.3,288.76,25.88,8.962460174539409
C0021,Martina Contreras,Home Office,Chile,Sur,Los Ríos,Valdivia,ORD-2025-01175,2025-02-15,P0068,Libreros Pro 8,Muebles,Libreros,6,0.15,3255.99,723.92,22.233483518069775
C0021,Martina Contreras,Home Office,Chile,Sur,Los Ríos,Valdivia,ORD-2025-01175,2025-02-15,P0116,Sobres Flex 6,Oficina,Sobres,3,0.0,2322.57,867.42,37.34742117568038
C0297,Sebastián Soto,Consumidor,Chile,Centro,O'Higgins,Rancagua,ORD-2025-01176,2025-04-09,P0102,Etiquetas Pro 2,Oficina,Etiquetas,7,0.3,2100.58,9.93,0.472726580277828
C0297,Sebastián Soto,Consumidor,Chile,Centro,O'Higgins,Rancagua,ORD-2025-01176,2025-04-09,P0113,Sobres Smart 3,Oficina,Sobres,6,0.2,2923.25,799.16,27.33806550927905
C0233,Jorge Díaz,Home Office,Chile,Sur,La Araucanía,Temuco,ORD-2025-01177,2023-05-12,P0103,Etiquetas Nova 3,Oficina,Etiquetas,6,0.0,3231.6,1169.82,36.19940586706276
C0233,Jorge Díaz,Home Office,Chile,Sur,La Araucanía,Temuco,ORD-2025-01177,2023-05-12,P0010,Accesorios Nova 10,Tecnología,Accesorios,5,0.05,3220.88,766.24,23.78977173940041
C0159,Andrés Contreras,Corporativo,Chile,Centro,Valparaíso,Valparaíso,ORD-2025-01178,2023-06-18,P0109,Etiquetas Smart 9,Oficina,Etiquetas,4,0.15,2596.89,363.31,13.990195965173728
C0159,Andrés Contreras,Corporativo,Chile,Centro,Valparaíso,Valparaíso,ORD-2025-01178,2023-06-18,P0057,Mesas Smart 7,Muebles,Mesas,2,0.1,928.46,276.79,29.811731253904316
C0159,Andrés Contreras,Corporativo,Chile,Centro,Valparaíso,Valparaíso,ORD-2025-01178,2023-06-18,P0026,Computadores Plus 6,Tecnología,Computadores,1,0.0,477.34,99.19,20.779737713160433
C0159,Andrés Contreras,Corporativo,Chile,Centro,Valparaíso,Valparaíso,ORD-2025-01178,2023-06-18,P0103,Etiquetas Nova 3,Oficina,Etiquetas,6,0.2,2585.28,434.7,16.81442629038247
C0200,Fernanda Pérez,Corporativo,Chile,Centro,Metropolitana,Santiago,ORD-2025-01179,2025-04-24,P0031,Periféricos Smart 1,Tecnología,Periféricos,8,0.1,1674.58,754.81,45.074585866306776
C0200,Fernanda Pérez,Corporativo,Chile,Centro,Metropolitana,Santiago,ORD-2025-01179,2025-04-24,P0019,Teléfonos Eco 9,Tecnología,Teléfonos,7,0.2,2942.41,39.56,1.344476126712457
C0200,Fernanda Pérez,Corporativo,Chile,Centro,Metropolitana,Santiago,ORD-2025-01179,2025-04-24,P0012,Teléfonos Flex 2,Tecnología,Teléfonos,3,0.0,1015.44,508.26,50.053178917513584
C0200,Fernanda Pérez,Corporativo,Chile,Centro,Metropolitana,Santiago,ORD-2025-01179,2025-04-24,P0010,Accesorios Nova 10,Tecnología,Accesorios,5,0.0,3390.4,905.05,26.694490325625292
C0194,Gabriel Castillo,Corporativo,Chile,Sur,Los Lagos,Puerto Montt,ORD-2025-01180,2023-03-26,P0104,Etiquetas Nova 4,Oficina,Etiquetas,5,0.2,2420.8,342.89,14.164325842696627
C0194,Gabriel Castillo,Corporativo,Chile,Sur,Los Lagos,Puerto Montt,ORD-2025-01180,2023-03-26,P0058,Mesas Nova 8,Muebles,Mesas,5,0.1,1057.82,159.97,15.122610652095819
C0194,Gabriel Castillo,Corporativo,Chile,Sur,Los Lagos,Puerto Montt,ORD-2025-01180,2023-03-26,P0090,Papelería Plus 10,Oficina,Papelería,4,0.0,3037.56,1088.28,35.82744044562083
C0144,Jorge López,Home Office,Chile,Sur,Biobío,Concepción,ORD-2025-01181,2023-10-21,P0049,Sillas Smart 9,Muebles,Sillas,8,0.05,2197.31,501.19,22.809253132238965
C0144,Jorge López,Home Office,Chile,Sur,Biobío,Concepción,ORD-2025-01181,2023-10-21,P0088,Papelería Eco 8,Oficina,Papelería,6,0.0,4175.04,1637.94,39.231719935617384
C0111,Carlos Flores,Consumidor,Chile,Sur,Biobío,Concepción,ORD-2025-01182,2024-03-31,P0069,Libreros Smart 9,Muebles,Libreros,5,0.3,2337.51,-188.69,-8.072264931486924
C0196,Fernanda Silva,Corporativo,Chile,Centro,Valparaíso,Valparaíso,ORD-2025-01183,2024-11-17,P0042,Sillas Flex 2,Muebles,Sillas,5,0.0,2784.05,900.5,32.34496506887448
C0196,Fernanda Silva,Corporativo,Chile,Centro,Valparaíso,Valparaíso,ORD-2025-01183,2024-11-17,P0024,Computadores Nova 4,Tecnología,Computadores,8,0.0,6458.8,3235.84,50.09970892425838
C0006,Vicente Rojas,Home Office,Chile,Norte,Tarapacá,Iquique,ORD-2025-01184,2023-07-20,P0117,Sobres Eco 7,Oficina,Sobres,8,0.0,5963.68,1407.76,23.605558983714754
C0006,Vicente Rojas,Home Office,Chile,Norte,Tarapacá,Iquique,ORD-2025-01184,2023-07-20,P0054,Mesas Eco 4,Muebles,Mesas,8,0.2,528.13,61.37,11.620245015431806
C0006,Vicente Rojas,Home Office,Chile,Norte,Tarapacá,Iquique,ORD-2025-01184,2023-07-20,P0100,Archivadores Smart 10,Oficina,Archivadores,8,0.2,336.77,42.26,12.548623689758589
C0006,Vicente Rojas,Home Office,Chile,Norte,Tarapacá,Iquique,ORD-2025-01184,2023-07-20,P0001,Accesorios Flex 1,Tecnología,Accesorios,8,0.2,2853.38,1125.38,39.4402427997673
C0214,Javiera Flores,Home Office,Chile,Norte,Antofagasta,Antofagasta,ORD-2025-01185,2023-07-09,P0085,Papelería Smart 5,Oficina,Papelería,5,0.0,3720.05,1015.1,27.287267644252093
C0023,Ana Espinoza,Home Office,Chile,Norte,Antofagasta,Antofagasta,ORD-2025-01186,2023-08-20,P0102,Etiquetas Pro 2,Oficina,Etiquetas,7,0.1,2700.75,776.32,28.74460797926502
C0023,Ana Espinoza,Home Office,Chile,Norte,Antofagasta,Antofagasta,ORD-2025-01186,2023-08-20,P0039,Periféricos Nova 9,Tecnología,Periféricos,2,0.0,474.22,96.4,20.328117751254695
C0023,Ana Espinoza,Home Office,Chile,Norte,Antofagasta,Antofagasta,ORD-2025-01186,2023-08-20,P0092,Archivadores Nova 2,Oficina,Archivadores,4,0.0,2465.28,1229.56,49.875064901349944
C0292,Carlos Castillo,Home Office,Chile,Centro,Maule,Talca,ORD-2025-01187,2023-02-03,P0017,Teléfonos Plus 7,Tecnología,Teléfonos,6,0.0,1535.1,554.82,36.14227086183311
C0292,Carlos Castillo,Home Office,Chile,Centro,Maule,Talca,ORD-2025-01187,2023-02-03,P0088,Papelería Eco 8,Oficina,Papelería,1,0.0,695.84,272.99,39.231719935617384
C0292,Carlos Castillo,Home Office,Chile,Centro,Maule,Talca,ORD-2025-01187,2023-02-03,P0072,Almacenamiento Nova 2,Muebles,Almacenamiento,2,0.05,1309.06,455.7,34.81123859868914
C0297,Sebastián Soto,Consumidor,Chile,Centro,O'Higgins,Rancagua,ORD-2025-01188,2024-02-05,P0119,Sobres Plus 9,Oficina,Sobres,4,0.0,2480.96,1090.2,43.94266735457242
C0297,Sebastián Soto,Consumidor,Chile,Centro,O'Higgins,Rancagua,ORD-2025-01188,2024-02-05,P0094,Archivadores Pro 4,Oficina,Archivadores,3,0.15,459.1,64.33,14.012197778261815
C0297,Sebastián Soto,Consumidor,Chile,Centro,O'Higgins,Rancagua,ORD-2025-01188,2024-02-05,P0102,Etiquetas Pro 2,Oficina,Etiquetas,1,0.0,428.69,155.74,36.32928223191584
C0293,Isidora Araya,Consumidor,Chile,Centro,O'Higgins,Rancagua,ORD-2025-01189,2025-01-22,P0019,Teléfonos Eco 9,Tecnología,Teléfonos,4,0.05,1996.63,400.21,20.044274602705556
C0280,Constanza González,Corporativo,Chile,Sur,La Araucanía,Temuco,ORD-2025-01190,2023-08-25,P0047,Sillas Plus 7,Muebles,Sillas,8,0.05,5303.51,1094.32,20.63388208940871
C0280,Constanza González,Corporativo,Chile,Sur,La Araucanía,Temuco,ORD-2025-01190,2023-08-25,P0109,Etiquetas Smart 9,Oficina,Etiquetas,2,0.3,1069.31,-14.78,-1.3821997362785348
C0280,Constanza González,Corporativo,Chile,Sur,La Araucanía,Temuco,ORD-2025-01190,2023-08-25,P0049,Sillas Smart 9,Muebles,Sillas,4,0.15,983.01,161.43,16.422009949034088
C0280,Constanza González,Corporativo,Chile,Sur,La Araucanía,Temuco,ORD-2025-01190,2023-08-25,P0095,Archivadores Plus 5,Oficina,Archivadores,2,0.1,949.05,399.51,42.09577999051683
C0078,Ignacio Flores,Consumidor,Chile,Austral,Magallanes,Punta Arenas,ORD-2025-01191,2024-07-10,P0120,Sobres Plus 10,Oficina,Sobres,4,0.15,2401.32,600.79,25.019156130794727
C0052,Jorge Contreras,Corporativo,Chile,Sur,La Araucanía,Temuco,ORD-2025-01192,2024-05-19,P0053,Mesas Eco 3,Muebles,Mesas,8,0.0,2965.68,1056.0,35.6073480618273
C0052,Jorge Contreras,Corporativo,Chile,Sur,La Araucanía,Temuco,ORD-2025-01192,2024-05-19,P0010,Accesorios Nova 10,Tecnología,Accesorios,3,0.1,1830.82,306.24,16.72693110191062
C0052,Jorge Contreras,Corporativo,Chile,Sur,La Araucanía,Temuco,ORD-2025-01192,2024-05-19,P0001,Accesorios Flex 1,Tecnología,Accesorios,6,0.0,2675.04,1412.04,52.78575273640767
C0277,Fernanda Torres,Home Office,Chile,Sur,Los Lagos,Puerto Montt,ORD-2025-01193,2025-04-08,P0058,Mesas Nova 8,Muebles,Mesas,7,0.1,1480.94,241.22,16.28830337488352
C0277,Fernanda Torres,Home Office,Chile,Sur,Los Lagos,Puerto Montt,ORD-2025-01193,2025-04-08,P0098,Archivadores Nova 8,Oficina,Archivadores,7,0.3,1146.16,1.37,0.1195295595728345
C0032,Sebastián Torres,Corporativo,Chile,Centro,Metropolitana,Santiago,ORD-2025-01194,2023-01-10,P0108,Etiquetas Flex 8,Oficina,Etiquetas,2,0.3,687.33,-128.42,-18.683892744387702
C0032,Sebastián Torres,Corporativo,Chile,Centro,Metropolitana,Santiago,ORD-2025-01194,2023-01-10,P0030,Computadores Flex 10,Tecnología,Computadores,4,0.0,2780.8,1500.88,53.972957422324505
C0232,Catalina López,Corporativo,Chile,Austral,Aysén,Coyhaique,ORD-2025-01195,2023-12-08,P0015,Teléfonos Plus 5,Tecnología,Teléfonos,1,0.1,628.65,111.85,17.792094170046926
C0232,Catalina López,Corporativo,Chile,Austral,Aysén,Coyhaique,ORD-2025-01195,2023-12-08,P0076,Almacenamiento Eco 6,Muebles,Almacenamiento,5,0.3,401.59,77.18,19.21860604098708
C0232,Catalina López,Corporativo,Chile,Austral,Aysén,Coyhaique,ORD-2025-01195,2023-12-08,P0108,Etiquetas Flex 8,Oficina,Etiquetas,2,0.0,981.9,196.82,20.0448110805581
C0011,Paula Rodríguez,Consumidor,Chile,Norte,Coquimbo,La Serena,ORD-2025-01196,2023-12-16,P0103,Etiquetas Nova 3,Oficina,Etiquetas,8,0.2,3447.04,583.57,16.92959756776829
C0011,Paula Rodríguez,Consumidor,Chile,Norte,Coquimbo,La Serena,ORD-2025-01196,2023-12-16,P0014,Teléfonos Pro 4,Tecnología,Teléfonos,1,0.3,54.65,14.43,26.404391582799636
C0011,Paula Rodríguez,Consumidor,Chile,Norte,Coquimbo,La Serena,ORD-2025-01196,2023-12-16,P0051,Mesas Smart 1,Muebles,Mesas,5,0.3,332.08,46.83,14.10202360876897
C0215,Sofía Castillo,Corporativo,Chile,Norte,Coquimbo,La Serena,ORD-2025-01197,2023-12-16,P0038,Periféricos Nova 8,Tecnología,Periféricos,6,0.1,2208.17,662.68,30.01037057835221
C0215,Sofía Castillo,Corporativo,Chile,Norte,Coquimbo,La Serena,ORD-2025-01197,2023-12-16,P0098,Archivadores Nova 8,Oficina,Archivadores,4,0.0,935.64,277.52,29.660980719079987
C0195,Sebastián Espinoza,Corporativo,Chile,Austral,Aysén,Coyhaique,ORD-2025-01198,2024-06-25,P0119,Sobres Plus 9,Oficina,Sobres,7,0.0,4341.68,1907.85,43.94266735457242
C0195,Sebastián Espinoza,Corporativo,Chile,Austral,Aysén,Coyhaique,ORD-2025-01198,2024-06-25,P0120,Sobres Plus 10,Oficina,Sobres,7,0.3,3460.72,677.76,19.58436394738667
C0226,Ana Martínez,Consumidor,Chile,Sur,Los Lagos,Puerto Montt,ORD-2025-01199,2024-04-12,P0019,Teléfonos Eco 9,Tecnología,Teléfonos,7,0.05,3494.11,720.65,20.624708437914087
C0226,Ana Martínez,Consumidor,Chile,Sur,Los Lagos,Puerto Montt,ORD-2025-01199,2024-04-12,P0113,Sobres Smart 3,Oficina,Sobres,8,0.0,4872.08,1862.8,38.23418334674307
C0226,Ana Martínez,Consumidor,Chile,Sur,Los Lagos,Puerto Montt,ORD-2025-01199,2024-04-12,P0008,Accesorios Plus 8,Tecnología,Accesorios,8,0.05,3014.16,781.65,25.932598136794333
C0226,Ana Martínez,Consumidor,Chile,Sur,Los Lagos,Puerto Montt,ORD-2025-01199,2024-04-12,P0017,Teléfonos Plus 7,Tecnología,Teléfonos,7,0.0,1790.95,647.29,36.142270861833104
C0209,Benjamín Castillo,Consumidor,Chile,Norte,Tarapacá,Iquique,ORD-2025-01200,2024-07-06,P0088,Papelería Eco 8,Oficina,Papelería,4,0.0,2783.36,1091.96,39.231719935617384
C0209,Benjamín Castillo,Consumidor,Chile,Norte,Tarapacá,Iquique,ORD-2025-01200,2024-07-06,P0079,Almacenamiento Nova 9,Muebles,Almacenamiento,4,0.1,175.93,34.05,19.354288637526288
